userId,movieId,rating,prediction
597,471,2.0,4.554576
436,471,3.0,3.772102
218,471,4.0,2.5480516
387,471,3.0,3.13804
217,471,2.0,2.80995
287,471,4.5,3.7332563
32,471,3.0,3.924092
260,471,4.5,3.193147
104,471,4.5,3.4650376
111,1088,3.0,2.8222091
177,1088,3.5,3.3344803
41,1088,1.5,2.8584154
387,1088,1.5,2.7575936
594,1088,4.5,4.605932
307,1088,3.0,3.0145576
509,1088,3.0,3.2027373
104,1088,3.0,3.7093832
268,1238,5.0,3.7686667
462,1238,3.5,4.0812593
307,1342,2.0,2.5729525
312,1342,4.0,2.6423109
580,1580,4.0,3.4196188
587,1580,4.0,3.9685102
27,1580,3.0,3.285071
606,1580,2.5,3.1612363
232,1580,3.5,3.3979123
47,1580,1.5,2.6656163
140,1580,3.0,3.3370624
274,1580,3.0,3.417893
164,1580,5.0,4.058076
57,1580,4.0,3.2897608
292,1580,4.0,3.4978342
452,1580,4.0,4.5976496
48,1580,5.0,3.6220446
19,1580,2.0,2.9131305
154,1580,3.5,4.13197
586,1580,5.0,4.1410437
4,1580,3.0,2.5988505
450,1580,3.0,3.9669821
166,1580,4.0,3.852026
543,1580,5.0,4.8156724
63,1580,2.0,3.151322
167,1580,3.5,3.2483902
160,1580,2.0,2.9556136
480,1580,3.5,2.8915591
141,1580,3.5,3.142418
414,1580,4.0,3.5394096
534,1580,4.0,3.8915412
33,1580,3.0,3.3506892
149,1580,2.0,2.6924057
313,1580,4.0,3.1034122
186,1580,4.0,4.286332
172,1580,3.5,3.7008543
187,1580,2.0,2.602039
220,1591,1.5,2.9490228
51,1591,1.0,3.6884108
464,1591,1.0,3.4105814
534,1591,3.5,3.2192264
246,1645,4.0,4.058067
182,1645,4.5,3.1138008
309,1645,1.0,2.9142306
318,1645,3.0,3.667813
51,1645,5.0,3.8022568
42,1645,4.0,4.1788177
282,1645,4.0,3.8057714
108,1959,5.0,4.0600953
603,1959,3.0,3.1108174
351,1959,3.0,3.273964
342,1959,3.0,3.461279
138,1959,3.5,3.4427238
368,2122,2.0,1.7677906
91,2122,4.0,2.4667227
571,2122,3.0,2.2082949
525,2142,3.5,2.7221618
517,2142,2.0,2.458441
599,2366,3.0,3.0394242
325,2366,4.0,3.825367
380,2366,5.0,3.563593
532,2366,4.0,3.9187007
345,2366,3.5,3.3255053
313,2366,2.0,2.9289117
186,2366,4.0,3.6281455
603,2866,4.0,3.018838
527,2866,4.0,3.3746696
157,3175,2.0,3.4768434
111,3175,3.5,2.5592356
177,3175,2.0,3.0225317
355,3175,4.0,4.3399677
292,3175,4.0,3.3623648
607,3175,2.0,3.9683952
552,3175,4.0,3.4252295
380,3175,5.0,4.082326
234,3175,4.0,3.7127047
141,3175,4.0,3.0179055
342,3175,1.0,2.8863835
135,3175,4.0,3.5014563
313,3175,4.0,3.1914582
89,3175,2.5,2.6208537
422,3175,3.0,3.264696
275,3794,2.0,2.6621542
555,3918,3.0,2.8714254
51,3918,5.0,2.9574463
249,3997,2.5,1.9850247
318,4519,4.0,3.327314
509,4519,3.0,2.9660084
414,4519,2.0,3.4640841
275,5803,2.0,1.9045916
474,6620,4.5,3.684913
356,6620,2.0,4.0525994
298,6620,3.0,3.2744308
263,8638,4.5,3.4368231
105,8638,4.0,3.5509086
438,36525,4.0,1.8654268
143,36525,2.0,2.0307543
580,44022,3.5,3.311395
606,44022,4.0,2.6779673
232,44022,3.0,3.2138767
50,44022,1.5,1.6790395
256,44022,4.0,3.8290005
18,44022,3.5,2.8829093
177,54190,3.0,4.2556276
274,54190,4.0,3.773715
200,54190,5.0,4.6555047
525,54190,4.0,3.7492306
605,54190,4.0,3.7096403
305,68135,3.5,3.604376
564,68135,4.0,3.1005342
368,540,2.0,2.295068
181,540,3.0,2.5442078
541,540,3.0,2.3787305
42,540,4.0,2.5746922
387,737,2.0,2.3618495
456,737,3.0,2.119373
555,737,1.0,2.6021802
438,737,2.0,1.6666093
524,737,3.0,1.8686868
234,737,4.0,1.6781876
492,737,5.0,2.1326342
337,737,5.0,2.3927321
149,737,2.0,1.385082
497,858,4.0,3.5273695
76,858,5.0,3.7719579
577,858,5.0,4.1298
285,858,5.0,4.3403993
601,858,5.0,4.643488
493,858,5.0,3.6174738
233,858,4.0,3.6445599
346,858,4.0,4.2532063
367,858,5.0,4.1375766
599,858,4.0,3.596507
224,858,4.0,3.674512
140,858,5.0,3.7049735
305,858,5.0,4.377908
474,858,5.0,3.9977689
572,858,5.0,4.6821766
479,858,4.0,4.46955
295,858,4.5,4.5531416
120,858,5.0,4.1174126
419,858,5.0,3.9845142
553,858,5.0,4.497325
415,858,5.0,4.5718694
554,858,5.0,4.2090483
327,858,3.5,3.9570444
165,858,3.0,3.912645
590,858,5.0,4.1376495
387,858,4.5,4.1396394
503,858,4.5,4.492883
84,858,4.0,4.1917257
434,858,5.0,4.818656
63,858,4.0,4.00437
113,858,4.0,4.2743864
156,858,5.0,4.4746885
464,858,5.0,4.323909
382,858,5.0,4.7842355
105,858,5.0,4.3697124
68,858,4.0,3.2695026
522,858,4.5,4.6195984
118,858,5.0,4.281603
275,858,5.0,4.392668
153,858,1.0,2.3789885
18,858,4.0,4.3724365
606,897,3.5,3.4612234
1,1025,5.0,4.4789915
395,1025,3.0,2.8714504
509,1025,2.5,3.3214698
288,1025,2.0,3.3700955
608,1025,3.5,2.911163
589,1084,4.0,4.3796487
288,1084,4.0,3.6319218
260,1084,4.5,4.1530848
600,1084,3.5,3.5242689
357,1084,4.5,4.184402
410,1084,4.0,3.8688984
74,1084,5.0,4.152682
315,1084,4.0,3.565867
368,1127,4.0,2.972334
140,1127,3.0,3.4853415
1,1127,4.0,4.2495112
57,1127,4.0,3.3044574
387,1127,4.5,3.1748095
610,1127,4.0,3.6486573
217,1127,4.0,2.758126
312,1127,4.0,3.5188608
298,1127,4.0,2.4898272
186,1127,4.0,3.820827
294,1395,2.0,2.38485
274,1460,3.5,2.0152066
182,1483,3.5,2.633775
160,1483,5.0,3.2991133
135,1483,4.0,3.0655916
606,1721,4.0,3.4775696
222,1721,2.5,3.0611908
601,1721,4.0,3.7032435
140,1721,4.0,3.764339
177,1721,5.0,3.1120465
292,1721,4.0,3.449943
41,1721,5.0,2.953373
523,1721,5.0,4.037657
462,1721,2.5,2.3120687
263,1721,4.0,3.3831294
583,1721,4.0,2.7212584
610,1721,3.0,3.3102958
220,1721,5.0,4.045169
301,1721,1.5,3.115762
428,1721,1.0,2.4243896
532,1721,5.0,3.566916
69,1721,4.0,4.087767
129,1721,3.5,3.6413994
50,1721,3.0,2.430549
249,1721,2.0,3.5970845
351,1721,4.0,3.2814536
143,1721,4.0,2.7542572
226,1721,1.5,3.4976277
608,1721,2.0,3.135694
200,1721,2.5,3.4889517
534,1721,4.5,3.4476552
33,1721,4.0,2.7915552
369,1721,1.5,2.8862305
551,1721,3.5,3.0190127
420,1721,4.0,3.391055
597,2387,4.0,3.9081738
579,2387,1.0,4.0442185
64,2580,3.0,4.1934805
307,2580,3.0,3.293705
391,2580,4.0,3.3278382
448,2580,3.0,3.7567194
576,2580,4.5,3.2648509
195,2580,5.0,4.106681
66,2580,3.5,4.462984
330,3698,2.5,3.4104013
552,3698,1.5,3.0900173
387,3698,2.5,3.2175453
610,3698,3.0,3.4369445
380,3698,4.0,3.6315627
391,3698,3.0,2.5777352
129,3698,4.0,3.549572
527,3698,5.0,3.7903285
160,3698,4.0,3.2980149
469,3698,3.0,3.3965354
135,3698,3.0,3.757109
448,4158,0.5,2.3872092
599,4161,2.0,2.3887677
20,4161,3.5,3.3542175
453,4161,4.0,3.3489163
390,4161,3.0,3.2114334
414,4161,3.0,2.944562
220,4219,3.0,3.4891167
474,4929,2.0,2.2014847
50,6773,3.5,3.19306
167,6773,3.0,3.5682561
346,8928,4.0,3.526072
425,43921,4.0,3.4582
28,48780,1.5,3.325118
332,48780,3.5,3.7962198
606,48780,4.0,4.0828466
460,48780,4.5,4.4756804
233,48780,3.0,3.607788
177,48780,4.5,3.6796017
132,48780,3.5,3.4318416
305,48780,3.0,4.106719
435,48780,5.0,4.474558
419,48780,5.0,4.0624237
542,48780,4.5,3.870717
41,48780,3.0,3.3614826
590,48780,3.0,3.7045336
387,48780,4.5,3.7218456
381,48780,4.0,4.071089
520,48780,3.5,4.159861
247,48780,4.5,3.8475397
434,48780,4.0,4.1795764
438,48780,4.0,3.8603022
166,48780,2.5,4.3791556
50,48780,2.5,3.0620246
288,48780,3.5,3.6963172
105,48780,5.0,4.3718433
525,48780,4.0,3.953834
561,48780,3.5,3.7909029
424,48780,3.5,4.013834
123,48780,4.0,4.15285
351,56941,3.0,3.6246686
562,56941,3.5,3.6151907
122,69481,4.5,4.8782973
232,69481,4.5,3.712131
246,69481,5.0,4.2140417
432,69481,4.5,3.756658
339,69481,4.5,4.0597835
537,69481,3.5,3.8199587
514,69481,4.0,3.8072934
414,69481,4.5,4.308284
68,69481,4.0,3.3407907
382,101362,3.5,2.900029
15,166635,3.5,3.31817
40,31,4.0,3.2246118
479,31,3.0,3.2044172
109,31,3.0,3.1233623
68,31,3.5,3.1456864
337,31,5.0,3.6323378
104,31,4.0,3.499246
436,516,3.0,2.7057567
559,516,3.0,2.7685287
414,516,3.0,2.7151046
255,1270,1.0,3.1401703
385,1270,4.0,3.9238749
596,1270,4.0,3.8245666
222,1270,4.5,3.5951462
372,1270,5.0,3.6710157
122,1270,5.0,4.7353597
599,1270,3.5,3.1529837
224,1270,5.0,4.4761014
280,1270,3.5,4.283437
474,1270,4.5,3.7396748
339,1270,4.0,3.6339142
607,1270,3.0,3.9420328
15,1270,5.0,3.2204158
489,1270,3.5,3.657115
564,1270,4.0,3.495184
231,1270,4.0,3.6960614
586,1270,4.5,4.646127
72,1270,4.0,4.349472
220,1270,5.0,4.665999
100,1270,4.0,4.215962
39,1270,4.0,3.8350205
514,1270,5.0,4.1479177
171,1270,5.0,4.6256456
391,1270,4.0,3.987008
438,1270,4.0,4.0687966
400,1270,4.0,4.325158
267,1270,5.0,4.6438503
45,1270,3.5,4.3577924
356,1270,5.0,4.263751
219,1270,3.5,3.7338915
226,1270,4.0,4.0699387
414,1270,5.0,3.9607978
376,1270,4.5,4.2630157
534,1270,5.0,4.3639107
354,1270,4.0,4.0237226
68,1270,3.0,3.6151516
116,1270,4.5,3.7819674
198,1270,5.0,3.5223832
573,1270,4.5,4.5584884
571,1270,4.0,3.262195
420,1270,3.5,4.127523
475,1270,5.0,4.9829063
372,1303,3.0,3.9566379
29,1303,4.5,4.380386
19,1322,2.0,0.72180855
225,1339,4.0,2.411892
608,1339,3.5,2.8513389
116,1339,4.0,2.7696257
571,1339,4.0,2.2936165
596,2393,4.0,2.9748676
467,2393,1.0,3.181492
482,2393,4.0,3.4445944
352,2393,4.5,3.11451
414,2393,3.0,2.8324492
304,2393,5.0,4.33268
12,2572,5.0,4.449214
599,2572,3.0,2.6356728
182,2572,4.0,2.9502153
19,2572,3.0,3.131547
538,2572,3.5,4.4264164
307,2572,0.5,3.1291068
356,2572,4.0,3.7875738
260,2572,4.5,3.1841357
525,2572,4.0,3.552058
596,3000,5.0,3.995431
182,3000,5.0,4.064037
202,3000,4.0,4.2383184
398,3000,5.0,4.2437277
434,3000,5.0,4.4289694
129,3000,4.5,4.229579
62,3000,4.0,4.478334
21,3000,0.5,3.3835523
567,3000,1.0,2.925532
39,3213,5.0,3.6542864
380,3213,5.0,4.132936
166,3213,4.5,3.908105
160,3213,5.0,2.8729358
477,3213,4.5,3.7599318
603,3704,2.0,3.311569
274,3704,3.0,3.5511084
57,3704,3.0,2.9557831
465,3704,3.0,3.3958735
288,3704,4.0,2.8573828
160,3704,4.0,3.2575207
64,4489,4.5,3.3146563
477,4489,4.0,3.5486128
275,4489,4.0,3.41998
82,6266,3.0,3.030406
219,6482,0.5,1.6152958
600,6559,3.0,2.4741378
91,7387,5.0,4.1923227
274,7387,4.5,3.9319158
260,7387,2.5,4.0653973
387,27266,4.0,3.5250359
448,50792,2.5,1.6253183
74,55363,4.0,4.173291
73,61250,4.0,2.482121
414,61250,2.0,2.1835985
18,74948,4.0,3.0490742
326,80906,5.0,3.9269538
596,82459,3.0,3.676788
222,82459,3.5,3.473453
279,82459,3.0,3.6939292
560,82459,4.0,3.789939
590,82459,4.0,3.344305
318,82459,5.0,4.0126395
514,82459,4.5,3.4745207
29,82459,5.0,4.2979198
522,82459,4.5,4.3210196
111,135137,4.0,1.7633492
341,135137,3.0,1.8326267
385,85,3.0,3.184087
160,85,5.0,3.8841138
199,85,1.0,3.9115176
84,580,3.0,2.5561495
409,1265,4.0,4.219592
232,1265,4.0,3.6622558
177,1265,4.0,3.8282049
603,1265,5.0,3.5819306
1,1265,4.0,5.0000415
474,1265,3.0,3.677434
169,1265,4.0,4.4361134
500,1265,3.0,3.7050114
339,1265,5.0,4.001479
19,1265,4.0,3.4573665
610,1265,4.5,4.2713923
307,1265,3.0,3.338039
555,1265,4.0,4.1939983
520,1265,5.0,4.2262597
391,1265,4.0,3.979745
239,1265,2.5,4.0766907
249,1265,4.5,4.239945
510,1265,4.0,3.5961607
24,1265,4.5,3.8428986
160,1265,2.0,3.287119
219,1265,3.5,3.7837512
226,1265,4.0,4.121602
334,1265,4.0,3.5575335
525,1265,4.0,3.8726513
198,1265,4.0,3.2423215
66,1265,3.5,4.342067
275,1265,5.0,4.2242537
89,1265,1.0,2.7810347
580,1884,5.0,4.3378577
233,1884,3.0,3.3482122
111,1884,3.0,3.0934327
41,1884,3.0,2.9240239
448,1884,2.5,3.7100458
390,1884,4.5,4.12906
414,1884,4.0,4.077558
68,1884,2.5,3.3990836
317,1884,5.0,4.248247
607,1975,4.0,2.8910995
414,2025,4.0,4.043844
599,2231,3.0,3.1200664
178,2231,4.5,4.109562
239,2231,4.5,4.2463074
351,2231,4.5,3.7152183
352,2231,4.0,4.082639
369,2231,3.0,3.5739374
555,2259,4.0,3.121683
414,2259,2.0,3.248248
34,2443,4.5,3.296315
182,2443,4.0,2.709018
217,2748,2.0,0.94965345
156,3089,4.0,4.1876225
292,3098,3.0,3.6544971
202,3098,5.0,3.8559914
265,3098,3.0,3.6248243
414,3098,4.0,3.4675138
135,3098,4.0,3.437817
66,3098,4.5,3.8078077
380,3986,3.0,3.3237352
438,3986,3.0,3.0012684
351,3986,4.0,2.4405508
580,4239,4.0,3.8704643
606,4239,3.5,3.9666343
111,4239,3.0,3.981552
132,4239,2.5,3.4437575
305,4239,3.5,4.001567
484,4239,4.5,4.2491565
489,4239,1.5,3.6748605
331,4239,4.0,3.8495882
249,4239,4.0,4.1777163
288,4239,3.0,3.599741
226,4239,4.0,3.8035817
414,4239,4.0,4.0535502
317,4239,4.0,3.3602774
282,4239,5.0,4.3160286
356,5074,3.5,3.6688163
606,5308,2.5,3.1673262
91,5308,1.5,2.4416308
594,5308,5.0,2.8356323
427,5308,2.5,2.7719357
68,5308,3.5,2.3118248
599,32554,3.0,3.245863
580,33437,5.0,3.5837831
480,33437,2.5,2.7701213
68,33437,3.0,3.0438597
388,33615,5.0,3.3854258
177,33615,3.5,3.385236
308,33615,1.0,2.6481469
590,33615,3.0,2.8889344
448,33615,4.0,2.7051382
21,33615,4.0,3.3574133
534,33615,3.5,3.481807
204,33615,4.0,3.3559265
401,33615,2.5,3.2846496
517,33615,2.0,2.0631843
177,51086,2.0,2.1413882
166,51086,3.0,3.0073287
249,51086,3.5,2.9691725
414,51086,3.0,2.746436
318,71106,3.0,3.5079954
249,71106,4.0,3.8859224
408,71106,4.0,3.764832
564,76293,3.5,3.8250718
246,83613,4.0,3.269753
448,91653,4.0,2.7834463
18,150548,4.0,3.668645
44,65,3.0,2.3044264
456,65,2.0,2.503032
217,65,1.0,1.9837301
492,65,5.0,2.307201
228,65,2.0,2.8873637
140,458,3.0,2.7251205
177,1223,4.0,4.0329065
310,1223,5.0,3.954614
376,1223,5.0,4.640584
83,1223,0.5,3.8961446
260,1223,4.5,4.2479844
89,1223,1.5,2.6138756
474,1977,1.5,1.7553574
387,1977,2.0,1.6634347
555,1977,3.0,2.3177943
514,1977,2.0,1.7394099
546,1977,4.0,2.9935741
294,2249,3.0,2.6808913
587,2622,3.0,3.8068888
217,2622,3.0,3.0439487
493,2924,4.0,3.964178
219,2924,4.0,4.088548
138,2924,5.0,3.5206501
603,3425,3.0,3.0447822
610,3425,4.5,2.9582798
474,3566,4.5,2.2195802
500,3566,4.0,3.3831995
469,3834,3.0,2.6420355
580,4383,3.0,4.0486717
514,5433,2.0,2.6409774
387,6301,4.0,3.6188793
362,6934,4.0,3.2545385
211,6934,1.0,3.3046088
596,6934,4.0,2.732529
230,6934,4.5,3.4834034
182,6934,0.5,2.3995752
432,6934,4.0,3.7385728
560,6934,3.5,2.9901423
434,6934,2.5,2.3721523
480,6934,2.0,2.7386324
95,6934,4.0,2.9110441
226,6934,2.5,3.0099926
371,6934,5.0,3.773402
551,6934,4.0,3.6230645
590,7324,3.0,2.6207318
288,7324,3.0,2.7857373
387,7333,4.0,3.606612
380,8501,3.5,3.912721
596,8665,3.5,3.6147237
232,8665,4.5,3.690049
140,8665,3.5,3.6036084
52,8665,5.0,4.4156446
542,8665,2.0,3.4894433
590,8665,3.0,3.4022722
88,8665,4.5,3.948153
326,8665,5.0,3.5588431
220,8665,4.0,4.0943604
438,8665,3.5,3.7697105
129,8665,4.0,3.9373863
239,8665,5.0,4.0665455
63,8665,3.0,3.5922797
249,8665,4.0,3.9471238
608,8665,4.0,3.6374636
376,8665,5.0,3.9806445
354,8665,4.0,3.6577456
369,8665,4.0,3.4067755
68,8665,3.5,3.647321
317,8665,4.0,3.4186072
393,8665,5.0,4.494782
346,27803,3.5,3.6902602
474,27803,3.0,3.6759992
105,27803,4.0,4.3785987
232,32296,2.5,1.8726406
177,32296,2.5,2.154487
380,36533,3.0,1.5020719
177,46974,3.0,2.4554245
474,46974,3.5,2.0076547
414,52712,3.5,1.8954653
292,101142,3.0,3.2900035
586,101142,5.0,4.2163234
21,103883,3.5,3.4629579
610,104241,3.0,3.3728354
414,104241,3.0,3.1919084
534,104241,4.0,3.6815293
122,108932,4.5,4.6851907
154,108932,5.0,4.7366424
586,108932,4.5,4.2874813
73,108932,3.5,4.116083
21,108932,1.0,3.0392106
105,108932,3.5,3.9411113
298,108932,3.0,3.681921
525,108932,3.5,3.8071132
561,108932,3.5,3.8274403
89,108932,5.0,2.6048236
85,53,5.0,3.1510592
240,255,5.0,1.5246973
368,481,4.0,2.646323
489,481,1.5,2.2735348
137,588,4.0,3.590736
580,588,2.0,3.4037547
115,588,4.0,4.3526926
385,588,4.0,3.5956283
76,588,0.5,2.1578362
372,588,4.0,3.3696618
93,588,4.0,4.494643
225,588,4.0,3.8144295
111,588,4.5,3.6544101
132,588,3.5,3.2644522
512,588,3.0,3.9416494
142,588,5.0,3.8833961
328,588,3.5,3.4422836
429,588,5.0,4.274247
402,588,4.0,4.1505804
292,588,4.0,3.7110772
415,588,4.0,3.818801
347,588,4.0,3.7325666
447,588,5.0,3.9116151
15,588,3.0,3.1387298
563,588,4.0,3.731892
489,588,3.5,3.402572
387,588,2.5,3.091726
498,588,5.0,4.18995
594,588,4.5,4.556562
485,588,4.0,4.178361
495,588,4.0,3.6940737
176,588,3.0,4.318882
446,588,3.0,3.5761375
453,588,5.0,4.4355536
234,588,5.0,3.871695
239,588,4.0,3.9315653
509,588,3.5,3.60256
102,588,4.0,3.6288464
477,588,3.0,3.857722
323,588,4.0,3.6078396
382,588,5.0,4.2860565
608,588,3.0,3.0030591
426,588,4.5,4.130896
600,588,3.5,3.2147412
566,588,3.0,3.5999227
99,588,5.0,4.222546
91,799,4.0,3.725184
599,799,2.5,3.1240323
117,799,4.0,3.1360807
594,799,0.5,3.7424703
508,799,2.0,2.319936
483,799,4.0,3.7295763
603,804,2.0,3.681333
414,804,3.0,3.5570755
599,898,3.5,3.66501
603,898,5.0,4.3000183
474,898,4.0,4.1544127
590,898,4.0,4.4033628
216,898,5.0,4.194456
469,898,4.0,4.639616
221,898,3.5,4.690321
188,898,5.0,4.356105
138,898,5.0,4.2435803
597,2247,4.0,3.7757792
474,2247,2.0,2.724722
51,2802,3.0,3.3063111
599,3105,3.0,2.912007
140,3105,4.0,3.4867826
182,3105,4.5,3.9157512
562,3105,4.0,3.9594688
479,4092,2.0,1.6938697
599,4477,1.5,1.537905
274,5110,4.0,3.5766
20,5110,3.0,3.503048
307,5110,3.0,2.9333162
573,5110,5.0,4.470904
165,5527,3.0,3.7060711
28,5995,3.0,3.4448302
285,5995,4.0,4.208214
233,5995,4.0,3.63375
346,5995,4.0,3.7792573
140,5995,3.0,4.055314
169,5995,4.5,4.844432
445,5995,3.5,4.247795
105,5995,4.0,4.4904547
119,5995,4.5,4.4216948
365,5995,1.0,3.2313254
346,6552,4.0,3.2989845
480,6552,3.5,3.5423424
74,6552,4.0,3.926115
66,6832,4.0,3.9660635
474,6890,4.0,3.0513928
414,6890,4.0,3.1317904
580,7810,3.0,2.3834949
210,7810,4.0,2.7274494
346,26729,4.0,3.329893
50,26729,3.5,2.9054592
274,27822,1.0,3.684187
414,27822,3.0,2.891892
41,70293,3.0,2.0849657
489,70293,3.0,3.4013615
610,107997,3.0,0.6954262
448,110127,2.0,2.1274981
371,110127,5.0,2.5868108
382,110127,3.5,2.598281
497,112183,5.0,3.619921
448,112183,3.5,3.8900878
73,112183,2.5,3.195334
463,296,4.0,4.24933
137,296,3.0,4.3358774
251,296,5.0,5.1316566
458,296,4.0,4.183429
133,296,3.0,3.3791323
513,296,4.5,3.8849838
193,296,4.0,4.222503
126,296,1.0,3.2366667
385,296,4.0,4.102167
26,296,4.0,3.893561
332,296,4.0,4.067423
192,296,3.0,3.684423
103,296,5.0,4.6504927
336,296,5.0,4.6774893
417,296,5.0,4.8485785
232,296,5.0,3.9399226
346,296,3.5,4.1699214
444,296,5.0,4.8008895
325,296,5.0,4.4778566
512,296,5.0,4.635044
339,296,2.5,4.805923
279,296,5.0,4.134211
419,296,5.0,4.162106
117,296,4.0,3.6736703
179,296,4.0,4.3804016
590,296,4.5,4.0501394
37,296,5.0,4.5826244
374,296,5.0,4.114039
326,296,4.0,4.1323967
220,296,5.0,4.2690973
176,296,3.0,4.8891993
314,296,1.0,3.8172374
434,296,5.0,4.711034
404,296,3.0,3.7662377
38,296,3.0,3.7035525
249,296,4.0,4.4261127
167,296,3.0,4.0627346
240,296,2.0,4.143495
62,296,4.5,4.795291
125,296,4.5,4.476735
351,296,4.5,4.142896
480,296,4.0,4.149079
411,296,5.0,3.801578
334,296,4.0,3.5657885
592,296,4.0,4.2133665
574,296,3.0,4.498308
105,296,5.0,4.4986215
58,296,5.0,4.422487
33,296,5.0,4.337162
575,296,5.0,3.8702202
413,296,5.0,4.6330776
68,296,2.0,3.4711556
600,296,4.5,3.4604158
424,296,4.5,4.066272
123,296,4.0,4.175694
379,296,2.0,3.8433752
42,296,5.0,4.6717997
119,296,4.0,4.293489
566,296,4.0,4.071109
294,296,4.0,3.518008
124,296,4.5,4.638797
420,296,4.0,4.2965846
468,296,3.0,3.9655714
483,296,5.0,4.396073
134,296,4.0,3.9833903
187,296,4.5,4.5333242
217,472,3.0,1.8311921
596,1466,3.0,3.5675166
305,1466,3.5,3.8083465
603,1466,3.0,3.0033975
553,1466,5.0,4.48902
425,1466,4.0,3.586134
531,1466,4.0,4.074274
434,1466,3.5,3.6179042
391,1466,3.0,3.4573145
195,1466,4.0,3.763958
199,1466,3.0,3.4196987
42,1466,4.0,3.8292108
275,1466,3.0,3.5797453
18,1466,4.0,3.810706
187,1466,4.0,3.3868341
19,1718,2.0,1.5158215
288,2035,3.0,3.1736312
597,2542,5.0,4.067094
211,2542,4.5,4.001723
368,2542,3.0,3.3797576
412,2542,4.0,3.6539483
236,2542,5.0,4.829424
479,2542,4.0,3.7283065
55,2542,5.0,3.5810635
166,2542,3.5,4.311905
522,2542,4.5,3.8761206
275,2542,4.0,4.2623696
18,2542,4.5,4.0729394
483,2542,5.0,3.9671402
217,2874,3.0,2.7154
368,3062,4.0,3.322249
183,3062,4.0,3.8549023
182,3062,4.0,3.6602597
202,3062,4.0,4.079919
606,3306,4.0,3.8250878
474,3306,4.5,3.4347868
318,3306,3.5,4.056715
516,4291,3.0,3.011582
474,4396,1.0,2.0667465
135,4396,3.0,2.7322228
603,4799,4.0,3.2944722
527,4799,3.0,3.1892633
221,4799,3.5,2.9841723
474,5670,3.0,2.4354181
318,7206,4.0,3.566851
274,7222,4.0,1.9094392
232,8640,3.0,3.1388168
380,8640,3.0,3.184342
274,8950,3.5,3.83363
484,8950,3.0,3.6820033
610,8950,4.5,4.1614375
247,8950,5.0,3.7203085
166,8950,4.0,4.173079
249,8950,5.0,4.0639987
298,8950,2.0,2.641659
405,8950,4.0,4.0827265
414,46347,3.5,3.0417137
204,54372,4.0,3.9810925
184,57183,4.0,4.487332
599,322,3.5,2.9403534
489,918,5.0,2.9581378
357,918,5.0,4.0329137
288,1005,1.0,1.9049712
226,1005,3.0,2.221673
217,1016,2.0,2.6130672
101,2396,4.0,3.8103611
223,2396,4.0,3.3971233
246,2396,4.5,4.3240137
266,2396,1.0,3.4450066
19,2396,4.0,3.1744256
358,2396,4.0,3.6179888
383,2396,5.0,3.968831
100,2396,4.5,3.8792584
129,2396,4.0,3.876919
166,2396,3.5,3.9531686
33,2396,4.0,3.222742
199,2396,4.0,3.521297
294,2396,4.0,3.1756315
104,2396,3.0,3.6302993
599,3703,5.0,3.5184317
182,3703,1.5,3.7459354
318,3703,3.5,4.106883
202,3703,3.0,3.951048
610,3703,4.5,4.4403996
244,3703,4.0,3.5410557
561,3703,4.5,3.888798
182,4167,2.0,2.8655705
298,4167,0.5,2.0052552
405,4624,3.0,2.832408
34,6378,4.5,3.2739265
91,6378,3.0,3.5441089
519,6378,4.0,4.2914352
274,6378,4.0,3.455813
328,6378,3.0,2.6339865
432,6378,4.5,3.4927351
425,6378,3.0,3.4880056
590,6378,3.0,3.176962
196,6378,4.5,3.9257262
82,6378,4.0,3.6224499
356,6378,4.0,3.6705594
413,6378,5.0,4.4204383
66,6378,4.5,3.9579566
215,6378,3.0,3.5202262
560,41285,4.0,3.4498944
489,41285,4.0,2.820087
356,48342,5.0,2.6177716
424,53127,3.5,2.845567
490,62434,2.0,3.0736494
414,62434,3.5,3.5162847
525,62434,3.5,3.309204
522,62434,2.0,3.8677642
18,62434,3.5,3.663591
460,68954,4.5,4.4202056
274,68954,3.5,3.5023851
16,68954,4.0,3.526981
292,68954,4.0,3.8785012
511,68954,4.5,4.34156
563,68954,3.5,3.948756
189,68954,4.5,3.897132
127,68954,0.5,3.18609
307,68954,5.0,3.1844084
380,68954,5.0,4.1984425
448,68954,3.0,3.4679646
533,68954,5.0,4.5630193
125,68954,4.0,3.7989793
143,68954,5.0,2.65432
490,68954,3.5,3.2094986
378,68954,4.0,3.8977442
298,68954,3.0,2.7232287
561,68954,4.5,3.7916052
357,68954,3.5,4.252833
205,71462,5.0,3.4939396
122,72407,2.0,2.5199807
68,86377,4.5,3.5861578
522,86377,5.0,5.028368
599,89753,3.0,2.9726439
610,89753,4.0,4.094324
534,95720,4.0,2.7998502
292,106487,4.5,3.3115697
380,106487,3.0,3.8817856
248,106487,3.0,3.4911335
551,106487,4.0,3.668424
140,362,4.0,3.460087
177,362,4.0,3.6334944
1,362,5.0,4.03834
274,362,2.5,3.0063324
6,362,3.0,3.9190903
308,362,4.0,2.9710667
295,362,4.5,0.9318552
559,362,3.0,3.1193328
19,362,2.0,2.9056768
447,362,5.0,2.8941207
240,362,3.0,4.1005096
60,362,4.0,3.469158
228,362,2.0,3.5752623
58,362,5.0,3.981045
600,613,1.0,3.2215483
350,673,3.0,2.9526117
474,673,1.5,3.0358734
55,673,0.5,2.0444589
448,673,3.0,2.720579
249,673,3.0,2.8228383
160,673,2.0,2.3992186
414,673,2.0,2.4138083
18,673,3.0,2.8251607
517,673,2.0,1.3890741
91,2625,3.5,1.6830809
603,2971,4.0,3.6029143
474,3087,1.5,3.2510428
328,3087,3.5,2.919496
555,3087,3.0,3.1515217
45,3087,3.0,3.6474378
160,3087,1.0,3.0142553
226,3087,4.0,3.4414861
414,3087,4.0,3.3897338
414,4126,3.0,3.3883023
474,4259,4.0,3.3155682
169,5222,4.0,3.2931402
307,5427,4.0,1.454132
563,7169,3.0,3.4878798
594,7169,5.0,4.9038873
414,7169,3.0,2.6474662
599,8042,2.5,3.2229056
605,26528,4.5,4.1134677
561,54256,2.0,2.8014908
496,58559,4.5,3.5554812
497,58559,4.0,3.4179425
596,58559,4.0,4.028264
223,58559,4.5,3.8179965
305,58559,5.0,4.4204817
348,58559,4.5,4.6919684
16,58559,4.5,3.7170148
308,58559,4.0,2.69946
560,58559,4.5,4.037964
227,58559,4.5,4.426374
112,58559,5.0,4.4450054
523,58559,5.0,4.904898
441,58559,5.0,4.8250194
307,58559,4.5,3.3153362
63,58559,5.0,4.1307883
50,58559,3.0,2.9223738
249,58559,5.0,4.527939
356,58559,5.0,4.4265056
25,58559,5.0,4.864024
219,58559,5.0,3.9117632
390,58559,2.5,4.1872296
21,58559,3.5,4.0559845
550,58559,4.0,4.5614157
204,58559,4.0,4.43471
525,58559,4.0,4.030087
466,58559,3.0,4.22718
18,58559,4.0,4.259892
475,58559,3.5,5.021324
448,80241,2.5,2.4447846
525,98122,3.0,2.9980795
89,104875,4.5,2.0490568
125,163134,4.0,3.8042588
233,187593,2.5,2.488195
305,187593,5.0,3.0716743
514,187593,3.5,2.9276965
62,187593,4.0,4.0882764
596,188301,4.0,3.0730872
137,593,4.0,4.236952
133,593,3.0,3.3710623
193,593,3.5,4.0062537
28,593,2.5,3.2964406
329,593,2.0,2.6406076
330,593,5.0,4.14639
372,593,4.0,3.9537845
177,593,5.0,3.7294335
152,593,4.5,4.1323404
353,593,5.0,4.4909873
348,593,5.0,4.993689
6,593,4.0,4.1159897
474,593,4.5,3.9817762
432,593,4.0,3.9007318
292,593,3.0,3.4693096
560,593,4.0,3.9944024
41,593,4.0,3.9183583
318,593,4.0,4.003648
72,593,4.5,4.507616
610,593,4.5,4.392147
176,593,5.0,4.9245124
314,593,3.0,3.9264767
171,593,5.0,5.0898943
443,593,3.5,4.1834974
391,593,3.0,4.120616
467,593,1.0,4.1658964
97,593,5.0,4.256727
527,593,5.0,4.6200895
38,593,3.0,3.8968534
160,593,2.0,3.7329607
156,593,4.0,4.214785
477,593,5.0,4.3188887
464,593,5.0,4.5077853
558,593,4.0,4.0374827
98,593,4.5,4.0902987
221,593,4.0,4.4082193
265,593,5.0,3.943086
487,593,2.5,3.5358639
421,593,5.0,4.4431725
68,593,3.5,3.397131
317,593,5.0,3.9086056
242,593,5.0,4.2741647
365,593,0.5,2.507453
66,593,4.0,4.60855
46,593,5.0,4.644914
134,593,5.0,4.2281256
458,597,4.0,3.9877608
587,597,4.0,3.9932795
232,597,3.5,3.3942466
476,597,3.0,3.6591256
47,597,3.0,2.869335
177,597,4.5,3.4644587
603,597,3.0,2.1099458
13,597,3.0,3.4824471
432,597,4.0,3.4844081
57,597,3.0,3.005645
491,597,4.5,4.175299
579,597,5.0,3.836207
41,597,3.0,2.8279402
347,597,4.0,3.677044
563,597,4.0,3.4647875
590,597,3.0,3.1351798
301,597,4.0,3.154908
8,597,3.0,3.3607485
555,597,4.0,3.7535493
288,597,3.0,3.0663118
170,597,4.0,3.4100614
304,597,4.0,3.8036835
349,597,5.0,3.5874906
201,597,5.0,4.059329
294,597,1.0,2.4550114
104,597,4.0,3.727598
584,597,3.0,4.2593575
580,1199,4.0,3.8508883
332,1199,3.0,3.9443111
599,1199,3.5,3.388013
305,1199,4.0,4.0107145
440,1199,4.5,4.3207135
547,1199,5.0,4.7942104
288,1199,4.0,3.6885695
390,1199,4.5,4.030667
75,1199,2.5,2.8001757
221,1199,5.0,4.729318
414,1199,5.0,4.405114
83,1199,2.5,3.533255
253,1212,4.5,4.844699
168,1212,5.0,4.660301
312,1212,4.0,4.323679
313,1212,1.0,4.306071
74,1212,5.0,4.720824
135,1468,5.0,2.1355326
580,1653,4.0,3.9762704
91,1653,4.5,3.853076
325,1653,4.0,3.8167312
440,1653,4.0,4.140923
432,1653,4.0,3.701
57,1653,5.0,3.5557811
570,1653,4.0,3.5453136
452,1653,5.0,4.740913
387,1653,3.5,3.6116252
453,1653,4.0,3.8734717
194,1653,3.5,3.9628785
428,1653,3.5,3.3380842
391,1653,5.0,3.5940273
160,1653,5.0,3.3751118
62,1653,5.0,4.2942505
480,1653,5.0,3.687497
469,1653,5.0,3.8546164
200,1653,4.0,3.9448633
304,1653,4.0,3.7652087
68,1653,2.5,3.305431
42,1653,5.0,4.3588634
100,2513,2.0,3.584807
555,2513,3.0,3.08419
571,2513,5.0,3.1027203
313,2513,2.0,3.1421971
587,2797,5.0,4.301755
224,2797,5.0,4.568008
474,2797,4.0,3.4154966
292,2797,3.5,3.5945811
310,2797,3.5,3.7998395
244,2797,4.0,4.2162642
438,2797,3.5,3.6014714
448,2797,4.0,3.669057
527,2797,5.0,3.8613653
510,2797,3.5,2.9419932
288,2797,4.0,3.4336967
608,2797,2.5,2.7947426
376,2797,4.0,4.007445
198,2797,4.0,3.6995797
201,2797,4.0,4.775134
294,2797,4.0,2.686696
410,2797,3.0,3.8403406
368,3441,3.0,2.2827508
474,3441,3.0,2.8571212
288,3441,2.0,2.7124286
414,3441,4.0,3.6272256
479,4713,3.0,3.91903
377,4713,4.5,3.806873
600,4713,2.0,3.068775
226,4782,2.0,2.6244605
307,5298,3.5,3.0835056
232,6157,4.0,2.7093341
132,6157,3.0,2.1120389
274,6157,2.5,2.3047118
495,6157,2.0,2.2304044
82,6157,3.0,2.6564975
182,6188,3.0,2.7147098
169,6188,4.5,3.7171772
64,6188,5.0,3.3723357
590,6188,2.5,2.9606423
361,6188,4.5,3.1424615
356,6188,3.5,3.4746568
219,6188,2.5,2.9910393
226,6188,5.0,3.641201
561,6188,3.5,3.198538
424,6188,4.5,2.9052737
66,6188,3.5,3.9277282
282,6188,3.0,3.3167894
68,26778,3.0,2.781921
177,50685,4.0,3.5038598
68,50685,4.5,3.3680162
382,53974,1.0,3.3219976
305,64983,4.0,3.5863614
483,66297,3.5,3.7837534
105,105593,5.0,3.1931381
599,106873,2.0,2.0543447
212,140715,3.5,3.7730074
495,140715,5.0,3.826422
249,140715,4.0,4.3150992
47,148626,3.0,2.9574857
462,148626,3.5,3.3092434
437,155,4.0,2.402087
489,950,4.0,3.1507554
580,2294,4.0,3.3899179
274,2294,3.0,3.191092
500,2294,3.0,3.370017
96,2294,5.0,3.2924426
318,2294,3.0,3.3364635
217,2294,2.0,2.8771453
453,2294,5.0,3.7840705
509,2294,2.5,2.837765
33,2294,3.0,3.2198095
274,2606,4.0,2.5233717
312,2606,2.0,2.5537212
82,2606,3.5,2.5592422
414,2606,3.0,2.5207014
608,2606,2.0,2.1223538
600,2606,2.0,2.3529723
330,2739,4.0,3.6828334
359,2739,4.5,3.6948946
514,2739,2.5,3.7791073
288,2739,4.0,3.6287818
357,2739,5.0,4.102222
224,3436,4.0,2.5099607
226,3843,2.5,2.753065
474,3844,2.5,3.5280674
265,3844,3.0,3.4890714
414,3844,2.0,3.8557744
182,4452,3.0,1.9890375
64,4773,3.0,2.96239
414,4773,2.0,3.0695777
298,6213,0.5,1.6043522
560,6754,3.5,3.336712
477,6754,3.0,3.750342
608,6754,4.5,3.5289164
68,6754,3.5,3.5095596
605,6754,3.5,3.31963
232,40946,1.5,2.0261097
177,54272,3.0,3.3451493
305,54272,5.0,3.85732
278,54272,5.0,3.4920914
434,54272,3.5,3.3554165
331,54272,3.0,3.5678449
448,54272,4.0,3.090874
105,54272,4.0,3.935007
298,54272,3.5,2.2220967
68,54272,3.0,3.515205
119,54272,4.5,4.1848216
68,64622,3.5,3.2497125
233,78105,1.5,2.5817885
318,78105,2.5,2.962926
448,78105,1.0,2.5530016
509,78105,4.0,2.9622164
15,143385,3.0,3.7693021
610,143385,4.0,3.1985972
414,143385,4.0,3.1627526
580,34,2.5,3.1434996
593,34,4.0,3.450474
115,34,2.0,3.7057617
26,34,3.0,3.5167406
27,34,5.0,3.7471182
103,34,4.0,3.819536
330,34,3.0,3.4447894
140,34,4.0,3.4768696
377,34,4.0,3.5467744
570,34,3.5,3.3581905
96,34,5.0,4.285243
235,34,4.0,3.8026729
5,34,4.0,3.3607113
560,34,2.5,3.4965656
579,34,3.0,4.2643127
425,34,3.5,3.3739784
347,34,4.0,3.328187
263,34,4.0,3.680591
446,34,5.0,3.536608
84,34,4.0,4.004981
63,34,3.0,3.1055021
216,34,5.0,3.7299292
82,34,2.0,3.201077
181,34,5.0,2.8962307
323,34,2.5,3.2921996
200,34,2.5,3.4093947
33,34,3.0,4.0697823
198,34,4.0,3.3910365
600,34,2.0,3.036299
275,34,5.0,3.9009452
517,34,5.0,2.369895
604,193,3.0,2.535253
599,193,1.5,1.8759761
111,193,3.0,1.5225687
96,193,1.0,2.6955156
589,193,3.0,3.0063248
158,193,3.0,2.715301
42,193,3.0,2.4049187
266,368,1.0,2.4267478
117,368,4.0,3.4308717
165,368,4.0,3.5820856
594,368,4.0,4.7634926
520,368,3.0,4.040066
314,368,2.0,3.155939
82,368,3.5,3.4516516
477,368,4.0,3.5988595
226,368,4.0,3.4570866
414,368,4.0,3.2999923
592,368,3.0,3.9863017
304,368,4.0,3.946259
369,368,3.0,3.1339412
174,368,4.0,3.8272219
517,368,3.0,2.7200296
516,1198,4.0,4.3579125
78,1198,4.5,4.05173
193,1198,2.0,3.650473
497,1198,4.0,3.6233737
91,1198,5.0,3.9456587
493,1198,4.0,4.132318
367,1198,5.0,4.3578625
140,1198,4.0,3.8515198
177,1198,3.5,3.944035
152,1198,3.5,4.059747
305,1198,3.0,4.4897223
274,1198,4.0,4.0527887
96,1198,5.0,4.422093
452,1198,5.0,5.4227123
279,1198,4.0,3.9733448
19,1198,5.0,3.6558208
560,1198,4.0,4.0261245
489,1198,4.0,3.430645
290,1198,5.0,4.4316063
307,1198,4.0,3.3390548
39,1198,4.0,4.5094075
514,1198,5.0,4.1372705
247,1198,4.0,4.0288043
171,1198,5.0,4.832652
439,1198,4.5,4.002532
448,1198,5.0,4.1627345
63,1198,5.0,3.7322528
82,1198,4.5,4.0945015
167,1198,4.0,4.0926185
24,1198,4.5,4.09793
156,1198,4.0,3.9555273
480,1198,5.0,3.8960676
32,1198,5.0,4.053779
469,1198,4.0,4.2345047
487,1198,3.5,3.5969906
534,1198,4.0,4.6863112
413,1198,1.0,4.9333386
567,1198,2.5,3.019536
116,1198,5.0,3.7353065
66,1198,3.0,4.6185184
186,1198,5.0,4.7791643
483,1198,4.0,4.159234
332,1344,3.5,3.6337461
412,1537,4.0,3.9310045
309,1537,4.5,3.2836938
563,1537,3.5,2.7788382
263,1537,4.0,3.7293067
19,1924,2.0,2.9081647
19,2888,3.0,1.4790772
274,3235,3.5,3.2215433
599,4132,1.5,2.201406
213,4132,4.0,2.7052162
367,4321,4.0,3.6740737
599,4321,3.0,2.76184
608,4321,1.0,3.2503119
391,5417,5.0,2.7971835
274,6005,3.5,2.010155
169,6005,3.5,2.2537866
514,6639,4.0,3.089872
221,6639,4.0,3.8550887
66,7647,4.0,3.434225
357,8011,4.0,4.4128
232,8464,3.0,3.5378
47,8464,3.0,2.6070328
339,8464,4.5,3.9409375
64,8464,4.0,3.6542764
381,8464,3.5,3.384806
51,8464,5.0,3.919358
63,8464,4.0,3.1699882
601,8961,5.0,4.309362
190,8961,4.0,3.9116635
305,8961,3.0,4.1706195
274,8961,3.5,3.8080754
308,8961,4.0,2.1532764
328,8961,5.0,3.2015207
41,8961,3.0,3.0153868
286,8961,4.0,3.9629266
610,8961,5.0,4.0921807
380,8961,4.0,4.2761617
331,8961,4.0,3.5355248
21,8961,3.5,3.5776238
534,8961,4.0,4.3576
105,8961,3.5,4.092207
370,8961,4.0,3.7614775
68,8961,3.5,3.7258344
365,8961,2.0,2.7830393
66,8961,4.0,4.2798195
475,8961,4.5,4.8797965
50,26258,4.0,3.0923383
68,52767,4.0,3.277479
305,62376,2.5,3.3958943
305,94864,2.5,3.2932334
448,102378,1.5,2.531553
287,101,4.0,4.084306
221,101,4.5,4.499313
260,101,2.0,3.5268044
567,101,3.0,2.616254
425,1183,3.5,3.2142353
4,1183,1.0,3.5624216
59,1183,5.0,4.4112163
244,1183,3.0,3.98954
199,1183,4.0,3.653821
517,1183,4.0,1.8168538
414,1378,4.0,2.8059747
135,1378,4.0,3.0432289
368,1500,3.0,3.0962503
283,1500,2.0,3.393439
257,1500,2.0,3.4678752
425,1500,2.5,3.50599
194,1500,3.5,3.6892946
249,1500,4.0,3.8062055
167,1500,3.5,3.6631703
356,1500,5.0,3.6579566
304,1500,4.0,3.725702
369,1500,4.5,3.4390788
42,1500,5.0,3.781425
562,1500,4.0,4.1327605
274,2003,4.5,3.1037905
19,2003,3.0,3.096737
64,2003,4.5,3.5641234
381,2003,3.0,3.3392034
293,2003,2.0,2.6568346
414,2003,4.0,3.479194
370,2003,3.5,3.097252
294,2003,4.0,3.1843576
42,2771,4.0,3.6999083
555,2907,5.0,2.4270675
137,3198,3.5,4.2503905
305,3198,3.5,4.0170918
474,3198,3.5,4.0645485
295,3198,5.0,3.5810285
414,3198,4.0,4.1814656
226,4153,2.5,2.5045853
274,4683,4.0,2.5126934
182,4865,2.5,3.921123
249,4865,3.5,3.9762254
313,4865,4.0,4.244352
489,4992,3.0,2.2082844
51,4992,4.5,3.618219
599,5597,2.5,0.5561776
91,7118,3.5,3.7320685
232,7173,3.5,3.0076916
41,7173,5.0,2.3622139
226,7173,2.5,3.0893703
105,7173,3.5,3.280133
110,7173,3.0,2.4080875
288,39400,1.0,2.333947
249,47044,2.5,2.5447788
414,47044,3.0,2.4622498
76,55577,4.5,2.5388787
232,55577,3.0,2.7520998
274,55577,2.5,2.1689773
372,81,2.0,2.725687
269,81,3.0,3.1682458
521,81,3.0,3.3807766
587,830,2.0,4.243118
416,830,1.5,1.1733248
217,830,3.0,2.3276873
599,1226,3.0,2.6917987
251,1259,5.0,4.566294
597,1259,5.0,4.4028277
330,1259,5.0,3.8176372
274,1259,3.5,3.710154
452,1259,5.0,4.9717073
489,1259,3.5,3.2185242
17,1259,4.0,4.182453
552,1259,3.5,3.6864903
437,1259,3.0,4.1623716
290,1259,4.0,4.3170342
307,1259,3.5,2.9355314
4,1259,4.0,3.515446
84,1259,4.0,4.0625777
171,1259,5.0,4.324272
45,1259,3.0,4.3345523
70,1259,4.5,4.129974
558,1259,4.0,3.7722564
469,1259,5.0,4.037172
575,1259,5.0,3.2265337
525,1259,4.0,3.6399424
561,1259,4.0,3.6699612
135,1259,5.0,3.8371496
201,1259,4.0,4.7878304
414,2007,2.0,3.610114
474,2212,3.0,3.269229
555,2662,4.0,2.8316298
288,2662,3.0,3.1810532
453,3538,5.0,2.807367
148,4896,4.0,3.4895113
103,4896,2.5,3.9091344
223,4896,4.0,3.7702706
232,4896,3.5,3.6307003
140,4896,3.0,3.6411254
280,4896,4.0,4.1668253
328,4896,4.0,3.2558594
20,4896,4.5,4.242829
560,4896,3.0,3.4390142
489,4896,3.5,3.3727162
318,4896,3.0,3.6077325
220,4896,5.0,4.416122
4,4896,4.0,3.5218134
445,4896,3.0,3.1650481
247,4896,3.5,3.364382
428,4896,3.0,2.5167453
129,4896,4.0,4.0069695
50,4896,2.5,2.373677
249,4896,4.0,4.004578
427,4896,2.0,3.2367554
226,4896,3.5,3.7598605
490,4896,3.0,2.777489
203,4896,3.5,3.7625337
334,4896,3.5,3.634466
200,4896,4.0,4.283395
376,4896,4.5,4.0702205
426,4896,5.0,4.3129606
105,4896,3.5,3.9302502
68,4896,5.0,3.717708
106,4896,5.0,4.6575017
557,4896,4.5,4.1016564
153,4896,3.0,1.8485047
438,5055,4.0,2.2304447
594,5151,4.5,3.1789622
307,5151,0.5,2.469514
95,5151,4.0,3.2189116
105,5151,3.0,3.2796566
420,5151,2.5,2.9877696
580,5254,3.0,3.8087606
62,5254,3.0,3.4715502
464,5254,2.5,3.197884
298,5254,2.5,2.1698465
313,5254,5.0,3.3716075
307,5452,1.0,1.303725
599,5585,1.0,1.5946461
20,5785,4.0,3.6009746
339,5785,4.0,3.650188
414,5785,4.0,3.7084756
59,6460,5.0,5.4021635
305,6664,3.0,3.8508322
580,6953,3.0,2.960942
146,6953,3.0,3.3254294
474,6953,3.5,3.1440086
504,6953,4.0,3.4359071
41,6953,3.5,2.9320745
318,6953,4.0,3.0778308
326,6953,4.0,3.405511
474,7048,3.5,3.3851562
298,7048,2.0,2.8800936
28,7649,2.0,2.4937935
200,8977,3.0,2.2544515
22,60766,0.5,1.2110107
610,60766,4.5,4.0610986
525,60766,4.0,3.6286387
414,68932,3.5,2.3359928
424,71668,2.5,1.7949765
564,86833,2.0,3.4820266
495,86833,5.0,4.247634
326,89804,3.5,3.4212205
567,130576,2.5,1.7749492
380,141544,4.0,1.8547248
125,141544,4.0,2.1637714
251,142115,5.0,4.7867107
111,143859,1.5,2.8686304
318,143859,4.0,3.4226375
610,159093,3.0,3.3450978
606,28,3.5,4.004651
246,28,4.5,3.8281097
474,28,4.5,3.8398523
509,28,3.5,3.152891
104,436,1.5,2.2248192
597,1031,4.0,3.5917983
217,1031,2.0,3.2190697
307,1031,5.0,3.000502
448,1031,5.0,3.0925837
274,1175,4.0,3.4964125
391,1175,5.0,4.0374074
260,1175,4.0,3.855378
580,1201,4.0,3.7579455
329,1201,2.0,2.8805451
305,1201,5.0,4.116886
603,1201,5.0,3.7663093
328,1201,2.5,3.6956468
489,1201,4.0,4.0367827
590,1201,4.5,4.0368915
61,1201,4.5,4.283953
382,1201,4.5,4.565611
66,1201,5.0,4.5600233
282,1201,4.5,4.4017296
483,1201,5.0,4.3309155
132,1441,3.0,2.6628554
474,1441,3.0,2.9728458
307,1441,4.0,2.6826875
480,1441,3.0,2.8962352
414,1441,3.0,2.8830667
426,1441,5.0,3.6522713
177,1892,4.0,3.276485
268,1892,2.0,2.5236282
316,1892,3.0,3.1564329
391,1892,3.0,2.7736444
322,2052,2.0,2.72651
19,2052,2.0,2.5121708
160,2052,3.0,1.9678726
414,2052,2.0,2.4123392
608,2052,1.0,3.0229
290,2313,4.0,4.2950897
288,2313,3.0,3.8434362
204,2313,4.0,4.1853056
172,2313,3.0,4.2459445
91,2463,2.5,3.1766725
474,2463,2.0,3.084775
19,2463,2.0,3.0002098
223,2683,3.0,3.0097063
409,2683,4.0,3.676848
230,2683,0.5,1.9232875
157,2683,4.0,3.183663
111,2683,3.0,3.6874735
177,2683,1.0,3.3390205
603,2683,4.0,2.9731963
274,2683,4.0,3.183869
169,2683,5.0,3.774121
432,2683,0.5,2.6158428
292,2683,3.0,2.9212794
560,2683,3.5,3.0422723
64,2683,4.0,3.3661144
590,2683,2.5,3.195473
316,2683,3.0,2.6103384
495,2683,5.0,3.6974573
434,2683,3.5,3.6035724
428,2683,2.0,2.3776963
267,2683,4.0,3.3804798
249,2683,3.0,3.7016215
156,2683,3.0,2.9743767
21,2683,2.5,2.735459
376,2683,2.0,3.3734138
600,2683,2.5,3.1725345
535,2683,1.0,3.5396132
18,2683,2.5,3.3433352
104,2683,3.0,3.0846434
517,2683,0.5,2.5390723
587,3445,3.0,3.0557318
202,3445,3.0,3.475529
216,3685,5.0,3.102706
414,3841,2.0,2.3807058
42,3841,5.0,3.2811518
140,4326,3.5,3.5953848
419,4326,3.5,3.0581806
226,4326,4.0,3.6020703
414,4326,3.0,3.545602
135,4326,4.0,3.4274695
415,4958,3.5,3.169592
438,4958,3.0,3.0300004
45,4958,4.0,3.9840846
427,4958,3.0,2.8008642
480,4958,3.0,2.6117718
414,4958,3.0,2.9170115
534,4958,3.0,3.4256635
599,5152,2.0,2.9138143
419,5152,2.0,3.478644
428,5152,3.5,2.970215
438,5152,3.5,3.8424172
558,5152,4.0,4.2162538
232,7325,3.0,3.383212
274,7325,2.0,3.1607118
448,7325,3.0,2.8868728
249,7325,4.0,3.5951514
288,7325,3.0,3.1443636
608,7325,4.0,3.1351943
68,7325,4.5,3.3142827
213,57274,3.0,4.277573
506,68269,4.0,2.1307843
111,80166,3.0,2.8038783
365,155288,1.5,1.7645252
385,497,4.0,3.953051
606,497,4.5,4.0483327
599,497,3.0,3.1579907
57,497,3.0,4.013988
19,497,3.0,3.3375692
425,497,3.0,3.4918842
552,497,2.5,3.7156281
437,497,3.0,3.9715357
273,497,5.0,5.1673326
391,497,4.0,4.3167787
510,497,1.5,3.1208303
427,497,2.0,3.6235318
32,497,5.0,4.341875
414,497,5.0,3.8345163
566,497,4.0,4.2525916
476,596,5.0,3.7306466
599,596,3.5,2.69096
132,596,2.0,2.802085
474,596,2.0,3.242596
43,596,5.0,4.3310914
161,596,3.5,3.5018458
39,596,3.0,3.175095
380,596,4.0,3.2433138
181,596,3.0,2.3212152
226,596,3.0,3.4058125
501,762,4.0,2.7162673
425,762,2.5,2.3665168
449,762,1.5,1.47616
428,762,1.5,1.4997618
337,762,5.0,3.4628046
521,762,3.0,2.6345131
246,1243,5.0,4.2291765
474,1243,4.0,4.0671096
387,1243,3.0,3.9997792
105,1243,3.0,4.2340207
68,1243,1.0,3.2874
440,1274,3.0,3.958526
387,1274,4.5,3.5663178
23,1274,4.0,3.7487423
434,1274,5.0,3.9440293
95,1274,5.0,3.9811063
414,1274,4.0,3.737906
105,1274,3.5,4.206534
149,1274,1.0,2.508536
603,1296,4.0,4.0896354
600,1296,1.5,2.928449
33,1621,2.0,2.0489678
599,2018,3.0,2.3839889
274,2018,3.5,3.1952696
500,2018,3.0,2.9888558
432,2018,3.5,2.9432313
318,2018,4.0,2.9000509
509,2018,3.0,2.8156464
50,2018,2.5,2.6806474
414,2018,4.0,3.4450543
534,2018,4.0,4.080305
93,2355,4.0,4.3886657
474,2355,4.0,3.499752
328,2355,3.5,2.8637395
57,2355,4.0,3.283661
425,2355,3.0,3.4100094
220,2355,4.0,3.5568888
427,2355,2.0,3.1911263
414,2355,4.0,3.404212
534,2355,3.5,3.8712246
68,2355,3.0,3.2282538
144,2355,3.5,3.6305702
89,2355,3.5,2.2273686
597,2583,4.0,4.450074
325,2583,4.0,3.670838
474,2583,4.0,3.4099667
575,2583,4.0,2.6660185
599,4155,2.5,2.6119416
603,4155,1.0,2.7504091
42,4155,3.0,3.8478296
42,4482,5.0,2.4485672
332,7147,4.0,3.6196778
460,7147,4.0,4.239106
581,7147,3.5,4.0196548
523,7147,5.0,4.622275
438,7147,3.5,3.6664634
477,7147,4.0,4.2472854
390,7147,4.5,3.817998
66,7147,5.0,4.157463
483,7147,5.0,4.1213255
34,8622,2.0,3.0787318
606,8622,4.0,3.7500792
599,8622,3.5,3.0018265
462,8622,3.5,3.1234717
83,8622,2.0,3.6115692
489,87413,0.5,1.5144783
111,100390,4.5,1.4203197
306,100390,3.5,1.6917557
496,106920,4.5,3.953671
305,106920,5.0,3.7797532
563,106920,3.0,3.1780503
318,106920,3.0,4.0225677
601,170697,4.0,3.4878657
212,170697,4.5,2.9620185
588,300,4.0,3.5969138
133,300,3.0,2.9576297
126,300,2.0,3.0514243
325,300,4.0,3.6303058
603,300,2.0,3.3690567
572,300,4.0,3.9376674
470,300,4.0,3.295698
235,300,5.0,3.5897925
191,300,4.0,3.9481072
112,300,0.5,3.5524209
318,300,4.5,3.3236477
263,300,3.0,3.42754
391,300,4.0,3.9547787
323,300,2.5,3.2328877
58,300,5.0,4.1163554
33,300,3.0,3.46352
199,300,4.0,3.3408878
135,300,4.0,3.4898105
606,412,3.5,3.6374376
476,412,3.0,3.1290374
610,412,2.0,3.8493958
84,412,5.0,3.8597367
599,784,2.0,2.304157
590,784,1.5,2.5115087
217,784,3.0,2.1468337
555,784,5.0,3.0042267
167,784,0.5,3.0471678
464,784,1.5,2.8060017
32,784,3.0,2.5624714
337,784,3.0,3.0229943
529,784,1.0,3.105085
282,784,3.5,2.94936
18,784,2.0,2.8307595
91,842,2.5,2.0166137
479,842,2.0,2.2963784
19,842,2.0,1.6909769
290,842,2.0,2.4678555
169,1030,3.5,3.4963856
479,1030,2.0,2.5355356
57,1030,3.0,2.3679523
294,1030,2.0,2.0879114
160,1034,1.0,3.1653595
600,1034,2.5,3.4486592
43,1064,5.0,3.1901853
552,1064,3.5,2.6047885
380,1064,4.0,3.2305384
20,1489,4.0,1.9105357
348,1772,4.5,3.0583363
600,1772,2.0,2.203337
590,1974,2.0,2.6148996
387,1974,2.0,2.2775025
380,1974,2.0,3.7467365
288,1974,1.0,2.4704108
268,2349,5.0,3.726111
462,2349,3.5,2.3581085
156,2349,4.0,3.5696707
140,2682,4.0,2.9181805
307,2962,3.0,2.2653415
20,4848,1.5,3.8060598
41,4848,5.0,3.7456176
318,4848,4.0,3.9242327
307,4848,3.0,3.1166806
414,4848,4.0,3.8957975
199,4848,3.0,3.715263
357,4848,4.0,3.8528461
405,4848,4.5,4.10672
438,5880,2.0,1.1995149
226,6695,1.0,2.0398996
28,8132,4.0,3.608513
608,8132,4.5,4.3676915
221,32584,3.0,3.3842244
387,41716,2.0,2.4864361
380,41716,4.0,3.6827035
480,41716,4.0,2.8627756
288,45440,4.0,2.7272575
414,45440,4.0,3.1348965
274,54785,3.5,2.7403443
448,103655,1.5,1.8925996
298,112370,2.5,1.2316074
610,136864,3.5,2.8204587
18,180095,3.0,4.1361365
587,587,5.0,4.316379
159,587,4.0,3.4942968
330,587,3.5,3.126752
476,587,4.0,3.5745173
599,587,2.5,2.2439976
325,587,3.0,2.640998
283,587,2.0,3.2329116
402,587,5.0,3.925245
570,587,3.5,3.198795
117,587,4.0,3.420286
489,587,4.0,2.851309
263,587,4.0,3.6204085
594,587,5.0,5.0069284
307,587,2.0,2.5287795
173,587,3.0,3.6897717
7,587,2.0,3.0670605
314,587,4.0,3.195823
404,587,3.0,3.3878086
45,587,2.0,3.5363486
181,587,5.0,3.395854
376,587,4.0,3.7880182
426,587,2.0,3.6744456
373,587,3.0,3.1353722
201,587,5.0,4.1589456
605,587,3.0,3.354905
603,988,3.0,2.1867936
168,1276,4.5,4.7347493
57,1276,5.0,4.4316306
309,1276,4.0,4.0859814
610,1276,4.5,4.489332
39,1276,4.0,4.5430875
84,1276,5.0,4.408614
113,1276,4.0,4.3879166
226,1276,4.5,4.1975746
221,1276,4.5,4.6901946
199,1276,4.0,4.0326815
409,1307,4.0,4.031168
599,1307,3.0,2.8156576
224,1307,5.0,4.927528
132,1307,3.5,3.2044957
603,1307,4.0,3.3118267
218,1307,4.0,3.1668894
607,1307,4.0,3.656706
489,1307,5.0,3.5505576
590,1307,3.0,3.8209918
381,1307,3.5,3.739703
391,1307,4.0,4.0515976
45,1307,3.0,3.958104
167,1307,3.0,3.2912893
160,1307,4.0,3.0138545
143,1307,2.0,2.842414
219,1307,2.5,3.3042054
95,1307,5.0,4.4749246
200,1307,3.5,3.9537382
198,1307,4.0,3.6418831
19,2015,3.0,2.4127314
288,2015,3.0,3.056996
600,2015,3.5,2.7458448
596,2094,3.5,2.8870363
577,2094,5.0,2.7358012
599,2094,3.5,2.259983
160,2094,2.0,2.581177
414,2094,2.0,3.058637
294,2094,3.0,2.6191812
275,2752,4.0,3.1200738
367,3296,4.0,3.4374948
140,3296,4.0,3.2446976
474,3296,3.5,3.6967278
274,3624,3.5,3.0193655
182,3624,3.0,2.3029306
139,3624,2.5,2.050041
165,3624,3.0,3.1784487
590,3624,3.0,2.986826
381,3624,4.0,2.36748
448,3624,2.0,2.9420085
298,3624,1.5,2.0449386
89,3624,3.5,2.1367042
546,3626,4.0,2.2811968
288,42007,3.0,2.459877
68,42018,0.5,2.677653
274,52435,3.5,3.208829
68,52435,3.5,2.6341176
517,52435,3.0,3.6717393
432,64497,2.5,3.0281262
122,71535,4.5,4.5327935
111,71535,3.5,3.4308882
52,71535,4.5,4.4483624
212,71535,4.0,3.4257667
274,71535,4.0,3.8375783
306,71535,2.5,3.3659132
505,71535,4.0,4.2381134
434,71535,4.0,3.479657
105,71535,4.0,4.1328654
525,71535,3.5,3.246096
522,71535,4.0,4.2702074
2,71535,3.0,3.9988642
483,71535,3.5,3.6999462
509,85510,3.5,2.7882164
382,85510,3.0,3.6219494
68,96110,3.0,3.303403
89,96110,2.5,2.8353212
119,135861,3.0,3.0070355
339,157699,3.5,3.4119203
365,157699,3.0,3.0272074
524,76,2.0,3.2068477
337,76,5.0,3.6227522
313,76,1.0,3.793049
44,667,3.0,2.6065602
555,667,2.0,3.1360245
492,667,3.0,3.829665
603,914,5.0,3.625458
563,914,4.0,3.5632048
489,914,5.0,3.630393
483,914,4.0,3.8397732
596,1372,3.5,3.5546758
218,1372,2.0,2.6960168
479,1372,1.0,2.803256
57,1372,4.0,3.2667189
452,1372,4.0,4.4278874
264,1372,4.0,3.8482623
304,1372,5.0,4.304818
294,1372,4.0,3.1820736
186,1372,5.0,4.0352273
85,1480,3.0,2.8365316
603,1816,2.0,2.504962
307,1889,3.0,3.0201137
580,2467,3.5,3.689786
606,2467,4.0,4.160282
387,2467,2.5,3.9151871
249,2467,4.5,4.260492
156,2467,2.0,4.143711
288,2526,2.0,0.15449175
469,2526,3.0,0.1301244
202,2871,4.0,3.9784844
217,2871,3.0,2.9368892
527,2871,4.0,4.431239
288,2871,4.0,3.6884096
469,2871,5.0,4.0195575
221,2871,4.5,4.0247016
414,2871,3.0,4.112399
131,2871,4.0,3.3354585
28,3252,3.0,3.4232333
159,3252,1.0,2.4642625
474,3252,3.0,3.6535625
245,3252,3.0,2.3365583
62,3252,4.5,4.3418684
480,3252,4.5,3.523299
317,3252,3.0,3.9068592
66,3252,4.5,4.3650265
282,3252,4.0,4.071539
211,3264,3.0,2.7965505
539,3264,3.5,2.8851197
599,3264,2.5,1.7450242
207,3264,0.5,2.0332582
307,3264,2.5,2.316989
527,3359,4.0,4.3629527
113,3359,4.0,3.6740513
414,3359,4.0,4.1404557
275,3359,5.0,4.2143073
17,3435,3.5,4.5494366
552,3435,2.5,4.4596624
414,3725,4.0,2.6808507
367,4700,5.0,4.045038
111,4700,3.0,3.0180905
7,4700,1.5,2.9160779
525,4700,3.5,2.817484
357,4700,4.0,3.354899
599,5040,2.0,2.3542378
288,5040,3.0,2.3148863
288,5505,3.0,3.3705616
298,5505,1.5,3.0128675
606,6863,3.0,3.2921624
232,6863,4.0,3.2628148
177,6863,3.5,3.4037566
274,6863,2.5,3.0559556
474,6863,3.5,3.2322962
425,6863,3.0,3.0461814
564,6863,3.5,3.493386
381,6863,5.0,3.424277
380,6863,3.5,3.523633
434,6863,3.5,3.3508441
331,6863,3.5,3.0407555
448,6863,4.0,3.1527548
167,6863,2.0,3.4945607
98,6863,4.0,3.4266245
298,6863,3.0,2.4899516
483,6863,4.0,3.4279332
307,7321,2.0,2.46741
274,30894,2.0,2.5375547
600,30894,3.0,2.1274996
332,39183,3.5,3.694287
22,39183,2.5,2.3742914
339,39183,4.5,3.7502265
307,39183,3.5,3.1680043
220,39183,2.5,4.285804
331,39183,2.5,3.6119847
390,39183,2.5,3.6691337
298,39183,2.0,2.7762744
74,39183,4.0,4.053038
28,52952,3.5,3.1999192
343,52952,4.0,3.8002834
74,52952,4.5,4.1318083
599,55269,3.0,3.0909178
132,55269,2.0,2.8634844
307,55269,4.0,2.9182715
477,55269,4.5,3.882214
105,55269,3.0,3.711059
280,60293,4.0,4.9728436
298,60293,3.0,3.4477212
339,69784,4.5,3.356368
318,69784,4.0,3.4236407
381,69784,2.0,3.0264645
68,69784,4.0,2.7657104
573,69784,4.5,4.014641
298,73319,0.5,1.8556571
89,73319,2.0,2.4148693
122,107406,4.5,4.341734
560,107406,2.0,3.399734
511,107406,3.5,3.7066026
610,107406,5.0,4.2093325
182,26,4.0,3.822107
488,26,2.5,3.969821
68,26,3.0,2.9865875
604,332,3.0,3.426085
6,332,3.0,3.285197
440,1235,4.5,4.5280557
84,1235,3.0,4.365309
113,1235,5.0,4.4354057
70,1235,4.0,4.7320886
414,1235,4.0,4.372964
105,1235,3.5,4.056856
410,1235,5.0,4.5486574
246,2023,3.0,4.144516
435,2023,5.0,3.781479
452,2023,5.0,3.7265077
590,2023,3.0,3.207448
307,2023,3.5,2.6823874
238,2023,5.0,2.9571486
522,2023,2.5,3.6195073
474,2335,2.0,2.9420702
217,2335,2.0,2.9196928
495,2335,3.0,3.6866748
448,2335,4.0,2.9984772
42,2335,4.0,3.4088128
603,2439,4.0,2.5941918
414,2857,3.0,3.9340012
307,3270,2.0,2.4316506
367,3743,3.0,1.6028451
307,3743,1.0,1.5957229
332,3811,3.5,3.891176
462,3811,4.0,3.2279952
140,5066,3.0,3.481876
280,5066,3.5,4.2407026
563,5066,4.0,3.4889076
182,5993,3.0,2.9582198
165,5993,2.0,3.1353576
599,6936,3.0,2.9664218
274,6936,3.0,3.2776246
380,6936,3.0,4.026741
438,6936,3.5,3.7145264
68,6936,3.5,3.5151546
525,6936,4.0,3.6220622
420,6936,4.0,3.6716983
483,6936,4.0,3.7372932
594,7116,0.5,3.3159504
563,8643,3.0,2.8978171
143,8643,3.0,2.5427008
382,8643,2.5,3.2477906
105,8656,4.5,2.8802245
438,8864,3.5,2.3593173
600,27020,3.0,2.8921607
580,30793,3.0,2.66721
332,30793,3.5,2.9614697
230,30793,2.0,2.247629
274,30793,2.5,3.011252
64,30793,4.0,3.226992
387,30793,3.5,2.6179223
331,30793,1.5,3.0853875
448,30793,3.0,3.3129687
50,30793,1.5,2.4059284
338,30793,2.5,3.1170127
200,30793,3.5,3.3241076
426,30793,3.5,2.6310918
104,30793,4.5,2.843494
89,30793,2.0,2.543777
401,30793,3.0,2.9355006
610,33683,3.5,3.8010325
610,38886,3.5,3.7354836
600,38886,4.5,2.555608
274,71211,3.5,4.001906
448,71211,3.0,3.5089257
448,74916,2.0,2.540195
601,81834,4.5,4.2133265
599,81834,3.0,2.8849807
177,81834,5.0,3.991314
291,81834,5.0,4.8633018
318,81834,4.0,3.6589737
610,81834,5.0,4.0826216
352,81834,4.0,3.4827251
371,81834,4.0,4.562647
525,81834,4.0,3.8489091
104,81834,4.0,3.8874207
483,81834,4.5,4.216594
152,86781,4.0,4.333256
41,86781,4.0,3.5560813
318,87222,4.0,3.7479243
249,87222,4.0,3.8940792
534,87222,4.0,3.4738915
204,87222,2.0,3.4877572
448,115231,4.0,1.6436412
372,1019,3.0,2.6569927
377,1019,4.5,3.966384
161,1019,3.0,3.537291
345,1019,3.0,3.780083
304,1019,4.0,3.2647462
84,1269,4.0,4.119607
216,1269,4.0,3.4607277
469,1269,4.0,4.2465262
357,1269,4.5,3.7236972
137,1927,4.5,3.8190584
290,1927,5.0,4.0515532
59,1927,5.0,4.25472
221,1927,5.0,4.0957966
217,2331,2.0,2.154406
156,2750,3.0,3.5730424
600,2750,3.5,1.9905933
137,3072,2.0,3.8535109
503,3072,3.0,3.9486442
555,3072,4.0,4.5013256
216,3072,4.0,3.7263024
469,3072,4.0,3.782845
274,4876,3.0,2.369236
427,4876,1.0,2.3249953
182,4919,3.5,3.679413
610,6040,2.0,2.2491107
599,7192,3.0,1.8963373
221,33154,4.5,3.9630883
254,33154,4.0,3.9264514
387,37857,3.0,3.2498655
600,37857,3.0,3.532558
489,42004,3.5,3.49476
414,42011,2.5,2.4742963
292,103249,3.5,2.888888
15,103249,3.5,2.7236578
352,103249,4.0,2.8589425
68,103249,3.5,3.2634692
41,103980,3.0,2.8702412
298,103980,3.0,2.6903348
564,106918,3.5,2.8827026
509,106918,3.0,3.5244129
249,106918,4.5,4.2148476
62,106918,4.5,4.507928
125,106918,4.0,4.1582956
414,106918,5.0,3.8907382
105,106918,4.0,4.123573
298,106918,2.5,2.2099688
610,122884,3.0,1.3865861
596,135536,3.0,2.8187406
62,135536,4.0,3.4488204
184,135536,2.5,2.54819
136,44,2.0,2.7625432
160,44,3.0,2.2402787
219,44,1.5,2.569158
68,44,3.0,2.2954068
561,44,2.0,2.528225
6,159,3.0,3.3161976
64,159,3.5,2.5182185
425,159,4.5,2.8362665
318,159,4.0,2.7737057
610,159,3.5,2.7031703
411,159,3.0,3.2559478
78,743,2.0,2.456597
269,743,3.0,2.3106003
90,743,3.0,2.5828304
382,743,2.0,2.6578925
151,743,4.0,3.4909477
137,908,4.5,4.3727493
489,908,3.0,3.8489764
462,908,4.0,3.3952446
290,908,5.0,4.7183948
450,908,4.0,4.3913274
219,908,4.0,3.714716
75,908,4.5,3.7083256
275,908,5.0,4.3804083
36,908,3.5,2.5742567
53,916,5.0,5.948012
253,916,2.5,4.7002277
84,916,3.0,3.9937038
275,916,3.0,4.676184
603,1135,3.0,2.9168153
561,1135,2.5,3.2045407
236,1350,4.0,4.8999653
374,1350,5.0,3.8659203
380,1350,3.0,3.9946473
313,1350,4.0,3.904623
325,1875,4.0,3.4416342
474,1875,3.5,3.0384693
275,1875,5.0,3.9342656
597,2134,4.0,4.0368023
599,2134,1.5,2.5128598
448,2134,3.0,3.0691154
226,2134,4.0,3.2173707
298,2134,3.0,2.1333125
68,2134,3.0,2.391089
561,2134,3.5,3.3456604
307,2169,1.5,1.3285186
51,2169,4.0,1.5972152
298,2169,1.5,1.8098648
217,2322,2.0,2.7283733
51,2322,4.0,2.2508473
414,2322,3.0,2.758119
51,2644,3.5,3.1986654
74,2644,3.5,3.3107507
169,3287,4.5,2.433411
580,3481,4.0,3.1920624
285,3481,2.0,3.827229
185,3481,4.0,3.4789364
274,3481,4.0,3.3231645
64,3481,4.0,3.8442583
504,3481,4.5,3.5637612
156,3481,4.5,3.450437
490,3481,4.0,3.2588933
608,3481,4.5,3.1648476
487,3481,3.5,2.8507502
525,3481,4.0,3.599333
135,3481,3.0,3.5818431
42,3481,4.0,3.6663804
265,3528,3.0,2.6816554
139,3744,1.5,1.5089898
438,3744,3.5,3.1019907
600,3744,1.0,1.8563188
28,3783,4.0,2.8813007
182,3783,4.5,3.7851253
599,5214,2.0,2.0588624
232,5219,2.0,3.207117
182,5219,2.0,2.4838133
560,5219,4.0,3.1586528
318,5219,3.0,3.4539402
558,5219,3.0,3.4298697
105,5219,3.5,3.361563
68,5219,4.0,3.2570572
232,7257,3.0,1.9931328
298,7257,0.5,1.6060715
307,8815,2.0,2.7521727
52,57368,5.0,3.6951396
610,57368,4.0,3.3673112
380,57368,4.0,3.6105862
249,57368,4.0,3.5460746
80,57368,4.0,3.74115
298,57368,3.0,2.114286
308,71033,1.0,1.1753265
483,71033,5.0,3.7584062
380,78469,4.0,3.3414884
237,78469,2.0,2.6580124
21,78469,3.5,3.001985
561,78469,3.0,2.4727626
610,111743,3.0,2.5994296
509,111743,3.5,2.5346014
298,111743,0.5,1.7296158
586,122890,4.0,4.144876
126,253,1.0,2.3828096
28,253,3.0,2.6095986
330,253,4.5,3.6462297
470,253,3.0,3.228662
559,253,3.0,3.3626869
112,253,4.5,3.6154366
107,253,4.0,3.6578348
594,253,0.5,4.075644
229,253,3.0,3.696125
8,253,5.0,3.3107214
446,253,3.0,3.0913446
160,253,3.0,3.25114
121,253,3.0,3.2711031
480,253,3.5,2.9451923
219,253,3.0,3.239843
534,253,4.0,4.1965733
370,253,3.5,3.4582715
68,253,2.5,3.1073775
242,253,5.0,3.8542228
566,253,5.0,3.3212414
405,253,3.5,3.9084735
599,1148,4.5,3.3104851
177,1148,4.0,3.8217096
182,1148,4.5,4.299008
20,1148,5.0,4.424455
387,1148,4.0,3.4481888
217,1148,4.0,3.1367917
380,1148,5.0,4.266295
63,1148,5.0,3.732738
477,1148,4.5,3.7617705
573,1148,5.0,4.4834213
137,1210,3.0,3.7678342
513,1210,4.0,3.7902763
593,1210,4.5,3.2029529
211,1210,4.0,4.2478294
606,1210,4.5,3.9804685
372,1210,5.0,3.8017406
599,1210,5.0,3.2413673
86,1210,4.0,4.2748966
572,1210,5.0,3.9869342
164,1210,4.0,4.536582
560,1210,4.0,3.930418
607,1210,3.0,4.365018
590,1210,4.5,3.838625
17,1210,5.0,4.3211074
381,1210,3.5,4.0645633
594,1210,4.0,4.7676506
217,1210,5.0,3.223263
39,1210,5.0,4.126028
7,1210,4.0,3.9708285
514,1210,4.0,3.9756274
524,1210,3.0,4.068769
239,1210,5.0,4.409425
45,1210,5.0,4.692628
408,1210,4.0,4.5638304
480,1210,3.5,3.7677906
477,1210,4.5,4.17359
21,1210,4.5,3.6533818
200,1210,5.0,4.4875665
370,1210,2.0,3.9405174
68,1210,5.0,3.767438
198,1210,5.0,3.752673
522,1210,4.0,4.0306444
201,1210,5.0,4.68665
573,1210,5.0,4.6761637
124,1210,4.5,4.350053
30,1210,5.0,4.6850986
66,1210,3.0,4.458174
186,1210,5.0,4.6974535
275,1210,4.0,4.13367
187,1210,4.0,3.3747644
208,1210,4.0,3.6518457
603,1280,5.0,4.1771107
597,1955,5.0,4.5982323
348,1955,4.0,4.788531
448,1955,3.0,3.959298
70,1955,3.5,4.7864122
334,1955,3.5,3.7443514
91,2076,4.0,4.1168513
603,2076,5.0,3.9082057
4,2076,4.0,2.7396219
585,2076,4.0,4.0010066
427,2076,4.0,3.888792
195,2076,2.0,3.863186
225,2371,4.0,3.1281176
278,2371,3.0,2.7154548
448,2371,3.0,3.2376955
156,2371,1.0,2.7866724
294,2371,2.0,3.1564026
91,2804,3.5,3.408887
232,2804,3.5,3.603652
514,2804,4.0,3.8769338
288,2804,5.0,3.8785758
480,2804,5.0,3.91568
313,3727,5.0,4.6568203
22,4036,4.5,2.5480838
312,4036,4.0,3.062953
216,4036,3.0,2.7747962
288,4036,3.0,2.7659802
414,5480,3.0,2.6633801
448,7258,1.5,2.9353223
414,7258,3.0,2.9794097
387,8290,1.0,0.37009427
111,32598,3.0,3.0746331
534,51024,4.0,3.3548183
222,55247,3.5,3.2092617
122,55247,4.5,4.619677
274,55247,3.5,3.1238892
553,55247,5.0,4.4989376
41,55247,4.0,3.2019753
318,55247,4.5,3.808945
610,55247,3.5,4.0672073
326,55247,5.0,4.0146728
526,55247,4.5,4.2578425
199,55247,5.0,3.3092406
177,60161,3.0,2.5638728
483,60161,3.5,3.4669025
18,74510,4.5,3.9659657
111,99007,2.0,3.2761633
583,99007,3.0,3.0017104
365,99007,2.5,2.7469306
564,102123,2.5,3.6053336
249,102123,5.0,3.5599825
352,102123,2.5,3.4815288
47,112552,5.0,2.6397405
331,112552,5.0,4.0032086
50,112552,2.5,3.2281537
515,112552,5.0,4.9346204
525,112552,3.0,3.9671345
40,236,4.0,3.613403
64,236,3.5,3.3353438
447,236,3.0,3.9726408
35,236,4.0,4.000585
310,236,0.5,2.4324515
273,236,4.0,3.0774436
102,236,3.0,3.1101706
411,236,3.0,3.6703708
373,236,3.0,3.2978532
242,236,3.0,3.3312838
580,329,4.0,2.5923939
81,329,4.0,2.4334779
587,329,4.0,3.879092
93,329,5.0,4.0352774
599,329,4.0,2.647202
429,329,3.0,3.9215384
340,329,5.0,3.7567465
54,329,3.0,2.3747094
235,329,3.0,3.2778053
455,329,3.0,3.082761
486,329,5.0,3.8636205
374,329,3.0,3.3992465
609,329,3.0,2.956807
485,329,4.0,3.9312751
217,329,4.0,2.7564106
229,329,4.0,3.4436836
380,329,3.0,3.473274
520,329,3.5,3.565188
130,329,3.0,3.2525043
314,329,3.0,2.967751
391,329,2.0,3.2112098
312,329,3.0,3.1179261
288,329,3.5,2.8386965
352,329,4.0,3.0876129
469,329,2.0,2.8317156
608,329,3.0,2.639822
541,329,4.0,3.3995228
174,329,3.0,2.972556
160,1056,3.0,2.663169
288,1873,3.0,3.4259157
275,2323,5.0,3.9939632
225,2496,3.0,3.104401
474,2496,3.0,2.8261237
579,2496,4.0,3.7320242
383,2496,4.0,3.7131996
307,2496,1.5,2.6756196
304,2496,3.0,3.470636
599,2497,1.5,1.7436723
42,2497,4.0,3.0150778
599,3173,2.5,2.2331364
292,3173,1.0,3.254979
9,3173,2.0,3.5056725
438,3173,3.5,3.5022838
42,3173,4.0,3.7088072
57,3258,3.0,2.3972056
316,3258,3.5,2.22804
438,3512,3.0,3.5832052
414,3512,4.0,3.2802384
45,3972,5.0,4.013472
138,3972,5.0,3.7255197
139,4025,2.0,1.9655523
64,4025,2.5,2.7363446
489,4025,3.0,2.191691
552,4025,1.0,2.2944508
594,4025,5.0,4.166998
438,4025,3.5,3.010808
141,4025,2.5,2.8980415
608,4025,2.5,2.7041457
599,4104,2.0,0.8960563
480,5080,4.0,1.6432524
590,5401,1.0,1.8196682
387,5891,3.0,1.3107936
590,7311,4.0,3.1706047
221,7311,3.5,3.2365563
560,39435,3.5,3.1341918
489,39435,2.0,2.6572971
111,41573,3.5,3.0322921
177,41573,2.0,3.2073936
280,41573,4.5,3.2397687
438,41573,1.0,3.1733735
599,44195,2.5,3.3774028
178,44195,5.0,4.353004
370,44195,4.0,3.5282555
199,44195,4.0,3.9374328
288,48082,3.5,3.2835402
369,48082,3.5,3.6514413
600,48082,3.5,3.4765062
50,81018,3.0,2.3184521
298,81018,2.0,2.4126863
52,86892,5.0,4.1655717
448,93287,3.0,3.4481
68,93287,4.0,3.5235279
380,103772,2.0,3.7736423
249,103772,3.5,3.9045055
534,103772,4.0,3.8164232
298,103772,3.0,2.2615554
318,107141,3.5,3.6635587
448,107141,4.0,3.241259
111,118888,4.5,3.3357697
249,176371,4.5,3.9557316
515,176371,5.0,4.311966
19,12,1.0,1.8240347
524,12,1.0,2.2962275
351,12,5.0,2.7290838
337,12,3.0,3.7399755
140,350,3.0,3.3834257
447,350,4.0,3.4696832
455,350,4.0,3.23102
589,350,3.0,3.4298143
404,350,3.0,3.2165082
181,350,4.0,3.3372622
68,350,3.5,2.9617238
337,350,5.0,3.2799606
309,973,4.0,3.2778625
414,973,4.0,3.5619466
101,1093,5.0,3.729448
285,1093,2.5,3.5713382
274,1093,3.5,2.9969497
268,1093,1.0,2.949564
590,1093,2.5,3.30102
161,1093,4.0,3.0742872
51,1093,5.0,3.9496145
267,1093,5.0,3.2965326
158,1093,3.0,2.9743273
91,2236,0.5,3.4888706
288,2236,3.0,3.3233721
590,2409,4.0,3.1049695
495,2409,4.5,3.6953912
135,2409,5.0,3.0368807
18,2409,4.0,3.3366055
517,2409,0.5,2.2955523
368,2531,2.0,2.4090605
546,2531,2.0,1.8684418
182,2723,4.5,3.2215815
608,2723,1.0,2.694893
180,2723,3.0,2.6187692
234,3054,3.0,2.8413377
160,3328,5.0,3.8491936
221,3328,4.5,4.433011
199,3328,3.0,3.8929906
124,3328,4.5,4.309557
217,3548,4.0,2.873897
140,3741,3.0,3.8336976
555,3741,3.0,4.27077
606,4144,4.5,4.2404847
474,4144,3.0,3.9893699
610,4144,3.5,4.975457
34,4874,1.0,3.2208102
232,4874,4.0,3.4808228
339,4874,4.0,3.329179
69,4874,5.0,4.037902
599,26159,3.5,2.8818202
68,26614,4.0,3.844072
599,53468,3.0,2.4907346
610,53468,3.0,3.148451
232,71282,3.0,3.9361274
419,71282,4.5,4.018219
414,71282,4.0,3.6187296
305,72011,3.0,4.0938125
292,72011,3.0,3.286791
462,72011,4.5,2.8598456
381,72011,3.0,3.6157098
10,72011,2.5,2.8293765
352,72011,4.0,4.008068
317,72011,5.0,3.3720303
357,72011,4.0,3.8380039
305,80590,4.0,3.073627
580,223,3.5,3.5612338
305,223,4.0,4.1184154
182,223,4.5,3.8020258
112,223,1.5,3.96687
437,223,5.0,4.0804453
307,223,4.0,3.1129234
448,223,4.0,3.8333302
102,223,5.0,3.6092663
38,223,5.0,3.4318478
591,223,4.0,3.4414067
156,223,4.0,3.927839
219,223,4.0,3.7458897
226,223,5.0,3.9692304
109,223,3.0,3.4587283
58,223,3.0,4.0683255
317,223,4.0,3.6632981
424,223,3.5,3.7585707
342,223,5.0,3.4617362
215,223,3.5,3.6455348
18,223,4.0,3.9101403
182,1769,3.5,2.8602366
414,1769,3.0,2.8046808
572,2006,3.0,2.588619
452,2006,4.0,4.592638
560,2006,3.5,3.0138235
607,2006,3.0,3.4642627
263,2006,4.0,2.9263084
387,2006,3.5,2.2001657
520,2006,3.5,3.3279321
438,2006,3.5,3.659806
448,2006,3.0,2.786674
82,2006,2.0,3.6975098
490,2006,1.0,1.8804624
200,2006,4.0,3.5810895
304,2006,4.0,3.760962
525,2006,3.5,2.7505064
199,2006,3.0,2.382744
288,2090,3.0,3.3077297
322,2692,4.0,3.5963318
596,2692,4.0,3.7240767
233,2692,3.5,3.6225557
246,2692,3.0,4.397483
599,2692,4.5,3.256765
603,2692,3.0,3.6456418
1,2692,5.0,4.626039
182,2692,4.0,4.001529
474,2692,4.0,3.8223605
286,2692,3.5,4.077527
387,2692,4.0,3.7184613
490,2692,4.0,3.5131536
600,2692,3.5,3.184682
454,2692,3.5,3.8034723
535,2692,5.0,3.661851
562,2692,4.0,4.2939596
187,2692,3.0,3.7570472
111,2701,4.0,1.7577292
359,2701,3.0,1.928027
479,2701,1.0,1.3870003
57,2701,1.0,1.7823329
509,2701,3.0,1.910135
160,2701,1.0,0.51613176
480,2701,1.5,1.9235951
352,2701,2.0,2.1308875
354,2701,3.5,2.1978664
304,2701,3.0,2.9983392
68,2701,3.0,2.3864245
115,3037,5.0,3.990344
274,3037,2.0,3.3247638
298,3037,3.5,3.4401193
606,3076,4.0,3.5320575
253,3083,5.0,4.76699
603,3083,4.0,4.186583
500,3083,1.0,3.8217723
410,3083,3.0,4.4935784
57,3500,4.0,2.678105
19,3500,2.0,2.0877192
177,3990,2.5,1.0438393
234,3990,4.0,1.4584298
480,4033,4.0,3.735848
606,4446,2.5,3.0536337
452,4446,4.0,3.7919261
430,4446,2.0,3.810385
438,4446,3.5,3.330976
129,4446,4.0,3.3930788
249,4446,3.5,3.279144
226,4446,3.5,3.102405
608,4446,4.5,2.9634836
534,4446,4.0,3.5048828
119,4446,3.5,3.369285
475,4446,5.0,4.0883117
160,6538,3.0,3.199479
221,6538,4.5,3.7997408
414,6538,4.0,3.6085806
599,27441,2.5,2.8818202
28,30749,4.0,3.396956
460,30749,4.5,4.2895656
232,30749,4.0,3.8555207
140,30749,3.0,3.645624
305,30749,5.0,3.9843342
182,30749,4.0,3.5245833
227,30749,5.0,4.2074184
381,30749,5.0,3.6570046
331,30749,4.0,3.881331
10,30749,3.5,3.3556874
334,30749,2.0,3.4608412
254,30749,4.5,3.7353015
573,30749,3.5,4.2183743
215,30749,4.0,4.0327463
74,30749,3.5,3.7871385
483,30749,4.0,3.9128911
51,33166,2.5,4.39574
438,33166,4.5,4.0149302
448,33166,4.0,3.4595888
356,33166,3.5,3.9608822
86,33679,5.0,3.5585337
484,33679,2.5,3.67699
249,33679,4.0,3.6276681
24,33679,3.5,3.1984065
256,33679,4.0,3.9595969
354,33679,3.5,3.4598846
561,33679,1.0,2.8727891
89,33679,2.5,2.2560556
414,50158,2.5,2.2428243
274,52328,3.0,3.8163748
560,52328,3.5,3.8839025
343,52328,5.0,3.7572412
125,52328,2.5,4.1477523
187,52328,3.0,3.6507304
103,90890,4.0,2.1648946
249,96691,3.5,3.4689586
564,102993,3.5,3.2963607
298,102993,3.0,2.6162844
47,111921,3.5,3.3613627
602,417,2.0,3.863752
57,417,2.0,3.9146295
294,417,5.0,3.879331
217,548,3.0,1.8846565
42,548,4.0,2.3614273
36,548,3.0,1.5451756
346,1208,4.5,4.039138
1,1208,4.0,4.904639
182,1208,5.0,4.2571106
387,1208,5.0,4.031505
594,1208,3.0,3.996052
610,1208,5.0,4.458928
171,1208,5.0,4.5937886
428,1208,3.5,3.4064221
391,1208,5.0,4.416418
160,1208,5.0,3.448386
195,1208,3.0,3.9562004
287,1208,3.5,4.0420938
221,1208,5.0,4.6533213
105,1208,5.0,4.248755
298,1208,4.0,3.3268542
204,1208,4.5,4.1108828
110,1208,4.0,4.2251425
199,1208,5.0,4.0639787
311,1208,2.5,2.2735052
153,1208,2.0,2.400466
606,3260,4.5,3.7544808
603,3260,4.0,3.0880795
275,3260,5.0,4.073173
590,3519,3.5,2.7767606
387,3865,3.0,2.9458435
324,3912,1.0,2.3008015
608,4873,3.0,3.38528
298,4873,3.0,2.933178
275,4873,2.0,4.047905
387,5062,3.0,2.9082723
610,5909,5.0,3.6561637
606,6100,4.0,3.031249
387,6100,4.0,2.2650619
387,6440,3.5,3.9106817
474,6852,3.5,3.1742554
387,6852,3.0,3.365533
74,6852,4.0,3.83709
232,8947,2.0,2.309623
249,8947,2.5,2.6572917
525,40826,3.0,2.9964638
210,87232,4.5,4.342274
490,87232,3.5,3.2864594
68,87232,4.5,3.7624667
573,87232,5.0,3.5499513
448,98961,4.0,3.7517142
249,98961,4.0,4.220518
376,98961,5.0,3.9065132
448,127096,2.5,3.198284
256,127096,3.5,3.956268
350,663,3.0,2.8017724
448,663,3.0,3.120081
135,663,4.0,4.06981
66,663,3.5,3.8722692
580,926,1.0,3.8175056
84,926,5.0,4.011719
345,926,5.0,4.4137273
502,1077,4.5,3.514143
217,1077,2.0,2.8896852
448,1077,4.0,3.6569517
600,1077,3.5,2.7754383
1,1777,4.0,4.296927
274,1777,3.5,3.2320018
19,1777,3.0,3.0146923
489,1777,3.0,3.2259634
502,1777,0.5,3.4794087
583,1777,3.5,2.9830766
307,1777,3.5,2.8335576
100,1777,4.5,3.7179456
380,1777,3.0,3.6366484
453,1777,3.0,3.7337794
438,1777,2.0,3.478753
45,1777,4.0,3.956831
356,1777,4.5,3.7118957
414,1777,4.0,3.5195315
370,1777,4.0,3.3439658
275,1777,2.0,3.4861276
483,1777,3.5,3.549443
597,2022,3.0,3.902357
603,2022,4.0,3.5078342
474,2022,4.0,3.216164
322,2502,3.5,3.5983624
169,2502,5.0,4.631209
19,2502,2.0,3.354941
257,2502,1.5,3.997348
64,2502,4.5,4.2756658
552,2502,5.0,3.808322
100,2502,4.5,4.303939
448,2502,3.0,3.969829
403,2502,4.5,4.151141
356,2502,3.5,4.287239
480,2502,5.0,3.8537192
469,2502,5.0,4.128282
200,2502,4.0,4.252066
135,2502,4.0,4.1994915
599,4014,2.5,2.8642454
41,4014,3.5,3.2300684
489,4014,3.5,3.3300452
523,4014,5.0,4.2637877
156,4014,1.5,3.3808525
390,4014,4.5,4.030491
488,4014,5.0,3.5701146
298,4014,2.5,2.606269
68,4014,4.0,3.1999722
525,4014,4.0,3.5296314
153,4014,4.0,2.582879
517,4014,3.5,1.7909453
28,4047,3.5,2.7699661
292,4047,3.0,3.214779
474,4526,1.5,2.9459324
448,4526,2.0,3.121418
380,74545,3.5,4.5876493
298,89087,0.5,2.0020764
41,100714,1.5,2.8879743
105,100714,4.0,4.184124
210,135143,4.5,4.338947
318,135143,4.5,3.514534
50,135143,2.0,2.2670932
125,135143,3.5,3.440557
382,135143,4.0,4.326338
596,179401,4.0,3.6104488
212,179401,4.0,3.3129787
62,179401,3.5,3.9522717
184,179401,2.5,3.7857387
155,333,4.0,4.2320085
435,333,3.5,4.2026963
19,333,2.0,3.0343204
117,333,3.0,3.68478
484,333,4.0,3.8551383
590,333,2.5,3.3690133
381,333,4.5,3.678437
51,333,2.0,3.5395472
240,333,5.0,4.739232
335,333,4.5,3.350034
592,333,3.0,4.0430775
58,333,5.0,3.9857543
42,333,5.0,3.8977005
294,333,1.0,2.988195
385,707,3.0,2.6619775
297,707,3.0,1.9065943
414,707,2.0,2.5511465
377,1215,5.0,4.215905
505,1215,4.0,4.3688397
234,1215,2.0,4.4374022
312,1215,5.0,3.952466
518,1215,4.0,3.910351
313,1215,5.0,4.5036683
66,1215,4.5,4.5316863
187,1215,4.0,3.9036775
597,1290,3.0,4.136759
603,1290,2.0,3.504996
474,1290,3.0,2.6509173
100,1290,4.0,3.651136
183,1582,3.0,1.7358533
367,1582,3.0,1.990237
217,1582,3.0,1.4270033
294,1582,1.0,1.6604685
474,2227,3.5,3.1693006
603,2726,4.0,3.8808222
474,2726,4.5,3.80802
603,2772,2.0,3.082549
307,2772,1.5,3.162931
298,2772,3.5,2.0755072
387,2789,3.5,2.9506733
603,2961,1.0,1.7404289
599,3071,3.0,2.6311746
474,3071,2.5,3.4262729
590,3071,3.5,3.1477942
202,3071,4.0,3.4018958
414,3071,4.0,3.1782136
308,3450,1.0,1.8996854
292,3450,3.0,2.5353172
217,3450,1.0,2.450185
288,3450,4.0,3.2020123
414,3450,4.0,3.8842154
68,3450,2.5,3.166124
469,3814,3.0,4.367419
600,3814,5.0,3.6362522
159,4823,3.0,3.5816958
474,4823,4.0,2.5670347
298,4823,1.5,2.0953774
68,4823,3.0,3.3335474
599,4989,2.0,2.3116827
307,4989,2.0,2.9092114
298,4989,1.0,1.8427339
177,4994,3.5,3.4285183
298,4994,1.5,2.4186478
474,45499,4.5,2.7349992
590,45499,2.5,2.6472542
318,45499,3.5,3.3805168
166,45499,4.5,3.640839
480,45499,3.0,2.727766
219,45499,3.0,2.8207638
68,45499,2.0,3.3812318
567,45499,2.0,2.295254
222,49396,3.0,3.1149914
232,49396,3.5,3.2260108
318,49396,3.5,3.3623679
414,49396,3.5,3.6385849
152,60950,3.5,3.2387223
10,60950,2.0,2.1348212
351,60950,4.0,2.9270859
483,96448,1.5,3.143616
328,165101,0.5,2.6450915
408,165101,4.0,3.31762
437,222,4.0,2.8703036
100,222,4.0,4.129003
58,222,5.0,3.0740626
222,1249,3.5,3.6416786
372,1249,4.0,3.8357627
474,1249,3.5,4.0122857
560,1249,4.0,3.8699937
202,1249,4.0,4.3134294
391,1249,5.0,3.81457
414,1804,2.0,3.5661092
305,2288,5.0,3.9873524
274,2288,4.5,3.9571593
3,2288,4.0,3.0080166
57,2288,3.0,3.9196398
266,2288,4.0,4.710089
489,2288,3.0,3.3367386
202,2288,4.0,3.9252758
387,2288,4.0,3.9198852
532,2288,4.0,3.5742292
68,2288,3.0,3.292139
571,2288,2.0,3.922041
217,2532,2.0,2.6694689
546,2532,2.0,2.2654197
186,2532,4.0,3.070124
606,3108,4.0,3.7872548
224,3108,4.0,3.1637037
266,3108,5.0,3.908345
202,3108,4.0,3.9184263
599,3240,2.5,2.1647806
140,3654,4.0,3.747179
202,3654,4.0,3.769567
20,4090,3.5,3.5175352
538,4090,5.0,3.9807224
371,4090,4.0,4.0667644
610,4387,3.5,4.0360966
438,4387,3.0,3.624833
414,4387,4.0,3.8179154
34,4720,4.0,3.0033283
606,4720,4.5,3.5796013
182,4720,4.5,3.3725133
339,4720,5.0,4.267373
64,4720,3.5,3.6651192
425,4720,3.5,3.7164388
381,4720,4.5,3.5229375
312,4720,4.0,3.486519
608,4720,4.5,3.821471
105,4720,4.5,3.8859897
424,4720,3.5,3.9438658
187,4720,4.5,3.5553038
414,6442,5.0,4.5126505
474,7026,1.5,2.2020354
357,7026,3.0,2.4972472
221,7216,4.5,3.7904258
28,31116,3.0,3.4005194
474,31116,4.0,4.3579926
52,59900,3.0,3.6054783
41,59900,2.5,1.84824
448,59900,2.0,3.2450118
543,59900,0.5,4.703092
249,59900,4.0,3.2627034
21,59900,3.0,2.591066
332,62250,4.0,3.3965943
462,62250,4.5,2.4549108
305,74795,4.0,3.6987004
88,74795,4.0,3.287061
564,80693,3.5,2.2133815
448,80693,4.5,2.1417377
599,88163,3.5,2.931069
563,88163,3.5,3.4983811
509,88163,4.0,3.3406188
490,88163,3.0,3.0945644
525,88163,4.0,3.7089324
365,88163,2.5,3.300678
152,116897,3.5,3.91927
445,116897,5.0,4.1462393
105,116897,5.0,4.187539
368,22,3.0,2.823905
602,22,3.0,2.9086566
64,22,3.5,3.1574001
489,22,3.5,2.8357337
217,22,3.0,2.373169
514,22,3.0,2.7937758
541,22,4.0,3.3318934
373,22,3.0,2.9265609
584,22,4.0,4.129655
6,330,3.0,2.7421885
40,330,3.0,2.3931656
19,372,1.0,2.2057605
489,372,3.5,2.3894324
307,372,2.0,2.1445398
510,372,3.0,2.7814715
576,372,1.0,2.0322914
58,372,3.0,3.6677747
600,372,2.0,2.4052265
90,685,3.0,3.739966
405,1295,4.0,2.9017737
414,1332,3.0,3.4659839
217,1731,2.0,1.4836099
20,1848,3.0,3.2583473
19,1848,2.0,2.6688256
380,1848,3.0,3.6752355
517,1848,3.0,2.3922265
159,1961,3.0,3.0203247
157,1961,4.0,3.1274102
599,1961,3.5,3.0831592
425,1961,4.0,3.7051635
514,1961,4.0,3.752075
239,1961,4.5,4.162953
45,1961,4.0,4.085689
221,1961,3.0,3.9579537
116,1961,4.5,3.2484426
357,1961,4.5,4.118321
597,2407,4.0,3.6011093
596,2407,4.0,2.9558685
359,2407,3.5,3.164845
250,2407,4.5,3.5039525
68,2407,3.0,2.8406909
462,3200,4.0,4.0695424
469,3200,4.0,4.602843
599,4203,2.0,2.4985285
448,4203,2.0,3.0233257
422,4203,4.0,3.2416968
387,4403,3.0,2.338383
387,4429,4.0,2.7884676
222,4718,3.5,2.74417
479,4718,3.0,1.4607399
484,4718,4.0,3.4088395
361,4718,4.0,3.9063725
414,4718,5.0,2.6348345
354,4718,3.5,2.9313328
600,4718,1.5,1.9877266
140,5282,4.0,1.7379041
414,6337,4.0,3.2636487
339,6887,5.0,3.639269
169,7080,5.0,4.0068054
122,8917,5.0,4.1328444
462,8917,4.5,3.523814
534,8917,4.0,3.038262
298,8917,2.0,3.4286168
525,8917,3.0,3.3711672
211,49530,4.0,3.6756954
606,49530,3.5,3.6587021
417,49530,4.0,4.2499547
47,49530,3.0,2.998302
140,49530,4.0,3.6370966
328,49530,2.0,2.7956772
484,49530,4.5,3.9133708
166,49530,4.0,3.9512496
352,49530,5.0,4.001778
254,49530,4.0,3.8957539
213,49530,4.0,4.05764
68,49530,3.0,3.4320285
600,49530,1.0,3.0059154
573,49530,4.0,4.029422
282,49530,4.5,4.049113
365,152091,3.0,2.0008986
411,122,2.0,2.9833665
325,230,4.0,3.0430646
40,230,5.0,3.8339992
307,230,3.0,2.0434172
411,230,4.0,3.0029774
414,230,3.0,2.5771961
603,319,3.0,3.3530104
182,319,4.5,3.1202374
597,493,5.0,3.8327062
6,493,3.0,3.353676
56,493,4.0,3.5457165
603,1176,5.0,2.6999323
580,1291,4.0,3.6312628
78,1291,4.0,3.706457
385,1291,5.0,3.9695864
128,1291,4.0,4.3031316
330,1291,3.5,3.831314
140,1291,3.0,3.8549109
1,1291,5.0,4.940363
182,1291,3.5,3.9528275
474,1291,4.0,3.8484206
570,1291,4.0,3.750062
268,1291,2.0,3.4990358
425,1291,4.0,3.7284064
489,1291,4.0,3.5838215
4,1291,4.0,3.4123673
84,1291,3.0,3.942585
247,1291,4.0,3.8323088
434,1291,4.5,4.1216106
249,1291,4.5,4.2998433
167,1291,4.5,3.7839425
480,1291,5.0,3.9753158
528,1291,3.5,3.6387205
334,1291,3.5,3.6340923
370,1291,4.0,3.6998165
83,1291,1.0,3.4163916
79,1291,5.0,4.4118986
573,1291,5.0,4.523995
407,1291,4.0,3.9231963
19,1583,3.0,1.933563
368,2013,4.0,2.6845517
448,2013,5.0,3.1308894
510,2013,3.0,2.075665
294,2013,2.0,2.777123
610,2517,4.0,2.7949464
514,2517,3.0,2.5108907
288,2517,4.0,2.2612119
275,3728,3.0,3.7232854
384,4280,2.0,2.7752862
448,4280,3.0,3.3316994
600,4280,4.0,3.2633612
42,4280,4.0,3.9230695
438,5025,3.0,2.1271951
448,5025,2.0,2.3309176
288,5025,4.0,2.387958
298,5025,2.5,1.6942613
561,5500,4.0,4.1598196
51,5568,4.0,2.8483505
91,6503,1.0,1.9739887
222,6503,1.5,2.2860763
111,6503,3.5,2.739654
274,6503,0.5,1.9498856
381,6503,3.0,2.495276
608,6503,3.5,2.6596532
68,6503,2.0,2.5916686
525,6503,3.5,2.283101
466,6503,3.5,3.250261
414,7033,3.5,3.0379875
490,7265,3.5,3.6892047
111,8969,3.0,2.644268
489,8969,2.5,2.7926455
307,8969,4.0,2.3213758
10,8969,3.5,3.1632524
68,8969,3.0,2.9911098
474,27820,4.0,3.1742554
232,46335,2.0,1.9881185
274,46335,1.5,2.1868052
448,99112,2.5,2.823506
139,110102,2.5,2.3453145
15,110102,1.5,3.0026853
586,110102,5.0,4.3124375
509,110102,3.5,3.2882168
50,110102,2.0,2.3237
73,110102,5.0,4.4599314
382,110102,4.0,3.7558835
534,110102,4.0,3.2843776
525,110102,4.0,3.4056566
393,110102,5.0,4.01619
305,122912,4.5,3.454058
380,122912,5.0,4.1379356
184,122912,5.0,3.9815853
610,130634,4.5,2.3135536
501,93,3.0,3.5277328
307,157,2.0,3.2750404
135,157,2.0,3.8083766
294,157,3.0,2.1838665
325,190,5.0,2.5228908
195,190,1.0,2.085639
275,190,3.0,2.58391
606,225,3.0,3.0050955
6,225,4.0,3.7644603
437,225,3.0,2.7082348
229,225,4.0,3.5235636
130,225,5.0,3.8998919
136,225,4.0,3.9621549
373,225,2.0,3.0297446
46,225,3.0,3.6987648
468,225,4.0,3.1771407
606,232,5.0,3.5098066
474,232,4.0,3.735447
397,232,4.5,3.7680762
33,232,4.0,4.452916
195,233,3.0,3.2957716
414,233,4.0,3.798419
109,233,3.0,3.0965636
193,924,5.0,3.9284873
577,924,3.0,4.043299
103,924,4.0,4.17595
91,924,3.5,3.651815
333,924,2.0,2.995016
233,924,3.5,3.61755
140,924,4.0,3.4204004
305,924,4.0,3.6935117
274,924,2.5,3.3353322
339,924,5.0,3.9772928
266,924,5.0,4.192252
542,924,4.0,3.5068254
489,924,4.0,4.2254877
197,924,4.0,3.5252993
520,924,3.0,4.007558
7,924,4.0,3.7446606
524,924,4.0,3.6060648
312,924,5.0,4.366361
63,924,3.5,4.099172
167,924,1.0,3.791926
288,924,5.0,3.6559553
73,924,4.0,3.9282632
156,924,4.5,4.0159664
29,924,5.0,4.1027894
352,924,4.0,4.0635443
414,924,5.0,4.0746007
68,924,1.5,2.9285033
198,924,4.0,3.6302578
420,924,4.0,3.9578094
315,924,3.0,3.7070026
274,2042,3.5,2.5017085
294,2042,2.0,2.5182617
294,2148,5.0,2.682292
597,2414,4.0,4.0427446
1,2414,3.0,4.5807915
234,2414,3.0,3.4374998
288,2414,3.0,3.5536816
160,2414,3.0,3.242067
135,2414,3.0,3.9022884
384,2724,3.0,3.0247965
409,2724,2.0,2.4305925
51,2724,3.5,3.0710588
403,2724,2.0,2.619504
249,2724,3.0,2.9562573
21,2724,3.0,3.2736216
414,2724,1.0,2.575531
232,4386,3.0,2.6463914
177,4386,2.0,2.8467038
380,4386,3.0,3.1114483
82,4386,2.5,2.6863704
140,4727,3.0,2.6839037
182,4727,3.5,3.0777965
590,5266,2.5,2.716876
219,5266,3.5,2.8277237
21,5266,1.0,2.8556504
68,5266,2.0,3.001128
474,5633,4.0,2.6990676
28,7123,3.0,2.5541162
91,7123,4.0,2.9407983
75,7123,2.5,1.4512631
232,7454,3.0,2.9881246
177,7454,3.0,2.8810718
274,7454,2.0,2.5238395
448,7454,2.0,2.2265036
509,7454,2.0,2.4769804
380,8526,3.0,2.6049726
534,69275,4.0,4.3055553
249,79057,3.5,3.8252785
561,79057,3.0,3.1925316
318,79357,4.0,3.672432
448,94266,2.5,2.1871245
561,120799,1.0,2.3307374
385,246,5.0,3.7906036
353,246,5.0,4.1601872
38,246,5.0,3.921678
109,246,3.0,3.741589
79,246,5.0,4.726718
606,367,3.0,2.7896676
222,367,3.0,2.747348
599,367,3.0,2.4731774
40,367,4.0,3.429139
570,367,1.0,2.953394
19,367,4.0,2.9026108
117,367,3.0,3.16148
523,367,4.5,3.74821
59,367,4.0,2.8922207
380,367,5.0,3.6774879
446,367,3.0,2.9505596
136,367,4.0,3.290727
314,367,3.0,2.7020187
171,367,3.0,4.0738397
264,367,4.0,2.9505875
288,367,2.0,2.6484773
226,367,3.0,3.2117174
464,367,2.5,2.9024818
558,367,3.0,3.9259384
104,367,3.0,3.4260588
483,367,3.0,3.0734363
593,539,4.0,2.5475721
436,539,3.0,3.4643052
587,539,4.0,4.304426
103,539,3.5,3.4807432
603,539,4.0,2.0831685
572,539,5.0,3.3134446
235,539,4.0,3.5697608
117,539,4.0,3.3725293
262,539,2.0,3.12231
564,539,3.0,2.6305597
586,539,3.5,3.727938
381,539,4.0,3.4639642
229,539,4.0,3.6976168
438,539,3.5,3.3742375
288,539,3.0,2.9103227
240,539,3.0,3.6251159
113,539,3.0,3.2985976
411,539,3.0,3.4746115
541,539,5.0,3.6597033
68,539,3.5,3.0015254
116,539,4.0,3.8739853
14,539,4.0,3.4306288
379,539,4.0,3.4378567
104,539,4.0,3.586387
492,725,3.0,2.486804
438,861,4.0,3.5786433
182,1061,4.0,3.3961732
64,1061,3.5,3.6645362
286,1061,5.0,3.9476464
469,1061,3.0,3.2237349
27,1588,2.0,3.066604
534,1588,3.5,3.3881738
597,2791,5.0,4.5597854
91,2791,4.5,3.588169
212,2791,4.0,3.2625253
377,2791,5.0,4.350698
339,2791,3.5,3.725086
452,2791,5.0,4.7904763
266,2791,1.0,3.6412573
257,2791,3.5,3.893259
220,2791,4.5,4.5780153
477,2791,4.0,4.0669966
303,2791,5.0,4.3044963
68,2791,4.0,3.2946935
79,2791,3.0,4.462532
603,3244,4.0,3.9226272
387,3244,3.0,3.9566426
100,3244,4.0,3.603881
514,3244,2.5,3.7321732
288,3244,3.0,3.8405678
113,3244,3.0,3.770873
89,3991,4.5,1.392736
414,4040,1.0,2.6227934
66,4040,3.0,2.438403
387,4426,3.0,3.609044
438,5524,3.0,2.4501207
438,5678,3.0,2.3539891
274,7293,4.0,3.3712265
306,7293,3.5,2.696498
491,7293,4.0,4.1096196
484,7293,3.5,4.29986
583,7293,4.0,3.8202553
380,7293,3.0,3.4987173
10,7293,3.5,3.1846247
226,7293,4.0,3.5320818
298,7293,2.5,1.9182305
600,7293,3.0,3.2079058
605,7293,2.0,3.4356847
593,26084,3.5,3.3317435
182,32031,2.5,2.4879653
7,32031,1.5,3.2772567
414,32031,4.0,3.2450871
608,32031,4.0,2.9227505
475,32031,3.5,3.8324013
89,32031,5.0,2.3994641
448,55830,3.0,2.8756762
68,55830,4.0,2.7621152
509,60760,3.0,2.2618966
288,60760,2.5,2.6122353
111,63992,1.5,1.6369779
414,63992,2.5,1.8882663
184,68959,2.0,3.4550107
211,91500,4.0,3.6564975
332,91500,3.5,3.202568
305,91500,2.0,3.6973698
414,91500,3.5,3.3419785
561,91500,3.0,3.1894946
123,91500,3.5,3.6813445
248,91500,3.0,3.2787821
18,91500,4.0,3.467908
497,96829,5.0,3.3739364
448,109576,1.5,1.405314
62,172591,5.0,4.378175
137,111,5.0,4.0810127
332,111,4.0,3.9418244
346,111,4.0,4.0892305
297,111,3.0,4.0518346
348,111,5.0,4.6434307
328,111,2.0,4.094961
191,111,5.0,4.7831764
419,111,4.0,3.2714286
17,111,4.0,4.069823
445,111,3.0,4.1024594
273,111,4.0,4.971959
391,111,5.0,4.0777473
113,111,4.0,4.1353617
195,111,2.0,3.9323146
608,111,3.0,3.4344172
317,111,5.0,3.9603193
373,111,5.0,4.5242333
46,111,4.0,4.226951
410,111,3.0,4.374852
28,224,3.0,2.6477318
246,224,3.5,3.9475458
6,224,3.0,3.4185476
359,224,3.5,2.9974532
84,224,4.0,3.464817
273,224,5.0,4.4504128
414,224,4.0,3.4799466
43,519,5.0,3.3515658
610,519,2.0,1.7524849
392,1197,3.0,3.9322975
31,1197,5.0,4.4341035
368,1197,5.0,3.6035633
577,1197,3.0,4.1599164
388,1197,4.0,3.3048337
91,1197,5.0,3.6926434
409,1197,5.0,4.363153
601,1197,5.0,4.6096845
372,1197,4.0,4.1185966
232,1197,4.0,3.7704773
111,1197,3.5,3.9512138
224,1197,5.0,4.6247463
305,1197,4.5,4.2868505
308,1197,4.5,2.538115
328,1197,4.0,3.6929016
169,1197,4.0,4.8973513
452,1197,5.0,5.0516005
258,1197,5.0,4.9331293
64,1197,4.5,4.3674736
381,1197,4.0,4.0771637
520,1197,5.0,4.5192146
514,1197,5.0,4.262659
457,1197,5.0,4.448546
487,1197,4.0,3.2808645
370,1197,2.5,4.070571
68,1197,5.0,3.6218328
525,1197,4.5,4.1810117
199,1197,4.0,3.7473128
573,1197,3.0,4.68647
186,1197,4.0,4.614128
215,1197,4.5,4.350767
368,1729,3.0,3.1704924
290,1729,4.0,3.7420142
453,1729,4.0,3.8075495
68,1729,3.0,3.1972568
368,1785,3.0,3.3464496
244,1785,5.0,4.2833757
474,1942,3.5,3.34023
309,1942,4.0,3.569262
387,2404,2.0,1.7823017
217,2404,2.0,1.9140068
448,2404,1.0,2.3632405
288,2404,1.0,2.0057554
540,2628,4.5,3.7607112
296,2628,1.0,2.1579642
34,2628,3.5,3.5604718
412,2628,4.0,2.6738155
27,2628,5.0,3.1713886
223,2628,3.0,2.9340417
225,2628,3.0,3.558435
599,2628,3.0,2.3742208
274,2628,2.5,2.8499374
169,2628,4.0,3.9908566
452,2628,4.0,4.2373633
489,2628,1.0,2.5344763
590,2628,2.5,2.6660452
318,2628,3.0,3.199626
202,2628,4.0,2.8790698
552,2628,3.5,2.6651425
381,2628,3.5,3.1159782
610,2628,3.0,2.9832127
307,2628,4.0,2.2813277
288,2628,4.0,2.8674834
160,2628,2.0,1.5161033
62,2628,4.5,3.3872116
75,2628,1.0,2.5542908
469,2628,3.0,2.545391
200,2628,3.0,3.2562664
534,2628,3.5,3.4264693
354,2628,3.5,3.185472
68,2628,3.0,3.5109935
567,2628,0.5,1.9376955
199,2628,2.0,2.324586
187,2628,1.5,1.7957914
137,3504,4.5,4.14158
409,3504,4.0,4.0147343
479,3504,4.0,4.395624
318,3504,4.5,3.2935622
462,3504,4.0,3.9524355
59,3504,4.0,4.8350153
216,3504,5.0,3.82748
469,3504,4.0,4.4416437
414,3504,4.0,4.0993733
275,3504,5.0,3.8272474
187,3504,5.0,4.324492
606,4018,3.5,2.9001555
132,4018,3.0,2.5532022
590,4018,2.5,2.5549328
428,4018,2.0,2.644275
438,4018,3.5,2.8845823
354,4018,3.5,3.232119
282,4018,3.0,3.3536992
274,5478,2.5,2.607115
380,5478,4.0,3.426308
474,6350,4.0,3.7285519
523,6350,4.0,4.978706
387,6350,4.0,3.8592331
307,6350,4.0,3.6812353
63,6350,4.5,3.80526
477,6350,4.5,4.4363613
137,6993,4.5,3.9112635
397,6993,4.5,4.4260044
357,6993,1.5,3.7428243
606,7160,4.0,3.7562335
432,7160,4.0,3.6478431
226,7160,1.0,3.6165004
298,49276,0.5,0.68118834
232,53996,3.5,3.6988378
274,53996,2.5,3.2034225
318,53996,3.5,3.4749436
381,53996,3.5,3.5479207
45,53996,4.5,3.8435783
219,53996,4.0,2.539732
496,99149,4.0,3.033885
89,108949,3.5,2.535307
126,47,5.0,3.1226723
81,47,3.0,3.2655368
417,47,5.0,4.576894
122,47,4.5,4.918921
13,47,5.0,4.137881
474,47,4.0,3.7101
94,47,2.0,3.1569607
268,47,3.0,3.7165563
419,47,4.0,4.0549784
542,47,5.0,3.7557745
560,47,4.0,3.9729686
227,47,5.0,4.2493076
15,47,3.5,3.7644982
43,47,4.0,4.390909
179,47,4.0,4.3732595
301,47,4.5,3.7578812
380,47,5.0,4.372683
514,47,4.0,3.5894372
314,47,1.0,3.538073
565,47,4.0,4.190834
102,47,5.0,3.7971
249,47,5.0,4.1402617
121,47,3.0,3.7190921
352,47,5.0,4.485036
354,47,4.0,4.105722
370,47,3.5,3.5864158
110,47,4.5,3.7039347
317,47,5.0,3.9208272
373,47,5.0,4.0632296
135,47,5.0,4.214432
337,47,5.0,4.291019
134,47,4.0,3.9884508
177,1207,5.0,3.550111
305,1207,4.5,3.9823403
280,1207,4.0,4.0766225
292,1207,4.5,3.3304892
554,1207,5.0,3.8806016
84,1207,4.0,4.277151
304,1207,5.0,4.3026743
105,1207,4.0,3.9677067
315,1207,5.0,3.5725954
368,1939,3.0,3.4489546
29,1939,4.0,4.277908
368,1944,3.0,3.1924267
290,1944,5.0,3.9876866
113,1944,4.0,3.9819236
266,2064,5.0,3.958915
219,2064,2.5,3.6016102
477,2064,4.0,3.9636297
414,2064,3.0,4.2938795
186,2064,4.0,4.2144995
187,2064,4.0,3.4450126
414,2549,3.0,2.1314955
221,4642,4.5,4.578106
608,4642,2.5,2.8908985
103,5388,4.0,3.3141656
20,5388,4.0,3.0188355
380,5388,4.0,3.3334103
427,5388,3.0,3.0625725
156,5388,3.5,3.2577987
477,5388,4.0,3.4692297
482,5388,4.0,2.8772302
414,5388,3.0,3.0779293
317,5388,3.0,3.301002
184,5388,3.5,3.39648
10,5620,3.0,2.7704802
68,5620,3.5,2.9879763
525,5620,2.5,2.4767933
562,5620,3.0,2.957246
580,33794,5.0,3.96891
103,33794,4.5,4.165701
22,33794,2.5,2.4952183
111,33794,2.0,3.370368
177,33794,4.0,3.873702
132,33794,3.0,3.1822503
305,33794,5.0,4.286255
435,33794,4.0,4.3666945
182,33794,3.5,3.5477092
545,33794,3.5,3.7792172
560,33794,3.5,3.783534
64,33794,4.0,3.865692
484,33794,4.0,4.0523033
590,33794,4.0,3.5160494
307,33794,4.0,2.9649088
239,33794,4.5,4.192612
10,33794,5.0,3.1171384
361,33794,4.0,3.3362556
50,33794,2.5,2.7056637
62,33794,5.0,4.250933
226,33794,4.5,3.909595
221,33794,2.5,3.6353493
141,33794,3.5,3.7416086
376,33794,4.0,4.202815
254,33794,4.5,3.909668
378,33794,4.5,3.6613839
298,33794,3.0,2.7229066
600,33794,2.5,2.95093
30,33794,5.0,4.496927
605,33794,3.5,3.7550106
593,35836,4.5,3.2804637
103,35836,3.5,3.8302891
230,35836,4.0,2.7540112
328,35836,4.5,3.086287
432,35836,4.0,3.4929543
92,35836,4.5,3.5802279
564,35836,3.5,3.1362453
495,35836,5.0,3.5327659
510,35836,4.5,2.3135128
226,35836,4.0,3.267633
345,35836,3.5,3.6376271
490,35836,3.0,2.984528
105,35836,3.0,3.8358405
298,35836,3.0,2.179786
413,35836,5.0,4.3275046
525,35836,3.0,3.226875
573,35836,5.0,3.3172946
483,35836,3.0,3.371282
380,40614,3.0,3.558917
68,53318,3.0,2.3563695
610,67197,3.0,2.683251
352,67197,3.0,2.7250347
534,70305,3.5,3.0316093
232,79293,4.0,3.0158665
18,79293,3.0,2.9339008
448,83910,2.5,1.5822207
305,93838,5.0,3.9414124
249,93838,5.0,4.2431493
6,140,3.0,3.7894773
474,140,2.5,3.2388027
594,140,4.5,4.023997
84,140,4.0,3.1683512
270,140,3.0,3.3833992
387,177,3.0,1.7491912
312,177,3.0,1.3071985
136,416,2.0,2.3345222
99,416,4.0,2.466618
275,556,4.0,3.7940168
274,711,2.5,2.727437
587,1244,4.0,3.8116798
298,1244,3.0,3.118145
84,1300,4.0,3.4730728
23,1425,3.0,2.7608044
520,1425,3.5,2.9739056
156,1425,3.0,2.9361384
367,2109,3.0,3.456872
268,2109,4.0,3.1370916
307,2109,3.0,2.778973
465,2109,4.0,3.7906518
288,2109,3.0,3.092117
156,2109,2.0,2.9617093
217,2306,2.0,2.0778234
367,2398,5.0,3.6137626
282,2398,3.0,4.350992
517,2398,4.5,2.6351001
59,3498,5.0,4.748442
599,4498,2.0,2.431258
238,4498,4.0,2.236422
274,6014,2.0,2.3403268
307,6014,1.5,1.9363352
288,60514,2.5,2.3144324
68,60514,3.0,2.4823318
567,60514,0.5,1.7186396
414,70862,4.5,2.8263032
388,78637,5.0,3.7333884
599,84187,4.0,2.4306757
209,96079,4.0,3.8337774
212,96079,4.0,3.4278305
489,96079,4.0,3.249322
10,96079,5.0,2.7634532
256,96079,4.0,3.8390255
525,96079,4.0,3.3668065
184,105653,4.0,3.4890742
368,132,2.0,2.1425183
266,132,2.0,1.6629436
136,132,3.0,3.435336
541,132,4.0,2.7993882
606,444,4.0,1.9645476
603,444,2.0,1.6746275
217,444,2.0,1.5096229
440,671,4.0,3.9912775
87,671,4.5,3.5158913
167,671,4.0,3.0912178
414,671,4.0,3.5223477
66,671,4.0,4.064907
362,1206,5.0,4.6213307
332,1206,4.0,3.8246787
111,1206,1.5,3.8222628
177,1206,1.0,3.5872185
1,1206,5.0,4.771429
268,1206,3.0,4.248654
419,1206,4.5,3.8949776
450,1206,5.0,4.3277493
23,1206,4.0,3.8576317
166,1206,4.0,4.2458434
249,1206,4.0,4.3109593
356,1206,4.0,4.2950397
226,1206,4.0,3.9880736
390,1206,3.0,4.274159
83,1206,4.0,4.094395
198,1206,5.0,3.6604753
410,1206,4.0,4.1617956
420,1206,4.0,4.068068
18,1206,4.5,4.180539
599,2582,2.5,2.4374924
268,2829,3.0,3.9176188
448,2829,3.0,2.824172
535,2829,4.0,2.9754424
599,3104,2.5,2.8494592
290,3104,4.0,4.0900893
288,3104,3.5,3.2654514
469,3104,4.0,3.3959904
414,3104,5.0,3.539534
159,4246,5.0,3.4887466
246,4246,4.0,3.9126515
177,4246,3.5,3.636149
479,4246,4.0,3.752977
560,4246,3.0,3.453509
418,4246,0.5,3.4063373
82,4246,2.5,3.4973426
600,4246,4.0,2.8860958
104,4246,4.0,3.89944
51,4327,4.0,2.8538575
414,4327,4.0,3.636755
479,5309,2.0,2.3138156
489,5309,3.0,1.8667632
438,6536,3.5,3.827921
377,8138,4.0,0.45677856
387,8207,4.5,3.641096
226,45028,4.0,3.8149676
600,45028,3.0,2.5895264
474,45928,4.0,2.9606295
305,64957,3.0,4.0587845
292,64957,3.5,3.4524915
339,64957,4.5,3.7187362
509,64957,2.5,3.3061004
24,64957,4.0,3.4784036
414,64957,3.5,3.3266633
318,89030,3.0,2.2100852
496,94959,3.5,3.5695188
280,94959,5.0,3.8366756
448,94959,3.5,3.048427
543,94959,2.0,3.684155
414,94959,4.5,3.8951132
525,94959,4.5,3.467517
522,94959,4.5,3.8408413
292,104841,3.5,3.257899
352,104841,5.0,3.6350994
98,104841,4.5,3.1307142
414,104841,5.0,3.726416
68,104841,3.0,3.3268397
483,104841,5.0,3.701724
368,185,2.0,2.5096445
91,185,2.0,2.7127879
353,185,4.0,3.0410264
182,185,3.0,2.9057224
374,185,3.0,2.6232486
229,185,4.0,3.220733
448,185,2.5,2.3724923
404,185,4.0,3.1073222
45,185,3.0,3.376335
82,185,3.0,2.5659063
181,185,4.0,2.9950926
394,185,3.0,2.0494437
160,185,1.0,2.3054657
480,185,1.0,2.5570228
354,185,3.5,3.2381067
369,185,3.5,2.7960198
379,185,4.0,2.8771222
353,353,3.0,3.6894457
489,353,4.0,3.177029
316,353,3.0,3.1649556
239,353,3.5,3.8311114
167,353,5.0,3.3515973
121,353,3.0,3.3219886
313,353,4.0,4.199138
177,355,2.0,2.3512754
235,355,3.0,2.4137623
448,355,2.0,1.965926
21,355,4.0,2.6713936
284,355,3.0,2.719859
294,355,3.0,1.4236108
217,694,3.0,2.6090255
608,694,3.0,2.1879864
117,747,3.0,2.7217038
19,1542,2.0,3.0215888
372,1586,3.0,2.3923461
295,1586,2.0,2.8825393
202,1586,3.0,2.7294347
156,1586,3.0,2.5829563
68,1586,3.5,2.5200653
422,1694,3.0,2.7241676
414,2092,2.0,1.9691764
573,2092,4.0,2.269249
603,2312,3.0,2.435308
555,2312,5.0,3.9802802
375,2616,3.0,3.244745
599,2616,4.0,2.1041436
1,2616,4.0,3.5936646
607,2616,3.0,2.9246328
387,2616,2.5,2.2525935
217,2616,4.0,2.571022
438,2616,3.0,2.9553428
156,2616,1.0,2.3864963
608,2616,3.5,3.04057
294,2616,1.0,1.9748113
322,2882,2.5,1.976062
140,3155,5.0,3.385179
304,3155,5.0,2.9623764
91,4641,1.5,3.7529516
316,4641,3.0,3.1813798
318,4641,4.0,3.5787258
387,4641,4.0,3.492972
480,4641,3.5,3.194612
221,4641,4.0,4.03279
260,4641,5.0,3.4056895
561,4641,4.0,3.461691
600,4641,4.0,2.9667594
132,4844,4.0,2.1829693
74,7234,5.0,4.5262203
339,7347,4.0,4.2498207
509,7347,3.0,2.6235301
581,7361,5.0,4.157387
440,7361,4.0,4.3316035
474,7361,4.5,3.744574
570,7361,4.0,3.8042855
598,7361,5.0,3.7407851
358,7361,4.0,4.2568507
307,7361,5.0,3.6904383
434,7361,4.0,4.3182354
428,7361,4.0,3.6701713
249,7361,4.0,4.3695064
95,7361,5.0,4.4146147
477,7361,4.0,4.4237595
490,7361,4.0,3.988864
254,7361,4.5,4.4510913
426,7361,3.5,3.419002
370,7361,4.0,3.4729967
600,7361,5.0,3.3974476
199,7361,4.0,3.48992
420,7361,4.0,4.038617
18,7361,4.0,4.1855254
28,48774,3.0,3.185009
232,48774,4.0,3.592708
305,48774,3.5,3.9641678
52,48774,3.5,4.4733963
474,48774,4.0,3.5482488
489,48774,4.0,3.9192626
462,48774,4.0,3.3108745
381,48774,5.0,3.7776332
438,48774,3.0,3.64251
356,48774,5.0,4.338131
125,48774,4.5,3.7100863
490,48774,3.5,3.7380552
414,48774,4.0,4.2298822
317,48774,2.0,3.8078861
573,48774,4.5,4.2893124
561,86298,1.5,2.6488502
352,128360,4.0,4.2306366
413,128360,3.0,3.9543085
610,164179,5.0,4.0475016
331,164179,2.5,3.7358904
62,164179,4.0,3.8327918
21,164179,4.0,3.140148
414,164179,4.0,4.1079803
433,164179,5.0,3.0670748
248,164179,3.0,3.7182944
177,906,4.0,3.5784848
309,906,3.5,3.6823018
137,1288,5.0,4.0167665
597,1288,5.0,4.8326554
412,1288,4.0,4.270988
76,1288,4.0,3.0841887
103,1288,4.0,4.217856
185,1288,3.0,3.6085625
274,1288,3.0,3.7758203
57,1288,5.0,4.355059
266,1288,5.0,4.471884
590,1288,3.0,4.0177917
462,1288,3.5,3.7505627
307,1288,3.0,3.1311626
4,1288,4.0,3.5918808
244,1288,5.0,3.8271186
448,1288,5.0,4.075444
70,1288,4.0,4.582177
480,1288,4.0,3.7749977
608,1288,2.0,3.2583053
600,1288,4.5,3.4911582
424,1288,4.0,3.4273572
104,1288,4.0,3.5145245
89,1288,3.5,2.5876894
606,1306,3.5,2.9557264
198,1306,3.0,2.3405564
599,2082,1.0,2.1744058
283,2082,3.0,2.5489697
64,2082,3.0,2.8792698
552,2082,2.0,2.3724399
217,2082,2.0,2.6002154
367,2108,2.0,3.8713603
57,2108,3.0,3.6367755
45,2108,2.0,3.502363
108,5450,5.0,3.702168
599,5450,2.0,2.2972894
165,5450,3.0,3.11718
606,7323,4.5,3.9809818
305,7323,5.0,3.845225
387,7323,3.5,3.7033985
318,7367,3.5,2.8507094
219,7367,3.0,2.5413456
414,47950,3.0,3.2348182
339,55721,4.0,4.6178436
362,60072,3.5,2.93511
232,60072,3.5,2.8868346
220,60072,2.0,3.1941562
219,60072,3.0,2.4156885
573,60072,4.5,3.976178
599,73854,3.0,3.1478083
351,81562,4.0,4.060085
105,81562,4.0,4.0295134
317,84392,3.0,3.4398708
15,158872,3.5,4.139001
249,158872,4.5,3.7653747
210,179819,4.5,3.8028808
380,179819,0.5,3.4834611
249,179819,4.5,3.7179615
384,435,1.0,2.0791066
330,435,0.5,2.0770838
40,435,3.0,2.494218
94,435,1.0,1.988616
235,435,2.0,2.6214955
64,435,3.5,2.429191
43,435,5.0,3.9910016
489,435,1.0,1.58335
229,435,3.0,2.5639431
480,435,1.5,1.9688138
201,435,4.0,3.518197
217,473,2.0,1.8834244
307,473,1.5,1.6019958
600,473,1.5,2.1007116
596,581,4.0,2.120372
191,581,5.0,2.5043247
90,581,4.0,2.9236739
53,748,5.0,4.471236
368,748,2.0,2.2839189
350,748,4.0,2.7287211
559,748,3.0,2.5925024
469,748,4.0,2.1661158
496,912,4.5,3.9036953
137,912,5.0,4.5724096
577,912,5.0,4.132394
367,912,5.0,4.72822
182,912,5.0,4.132557
348,912,5.0,4.914316
16,912,3.5,3.8609722
295,912,4.0,4.0297604
432,912,5.0,3.6733346
563,912,4.0,3.8329031
72,912,4.5,4.391616
4,912,5.0,4.6539946
84,912,4.0,4.28018
524,912,3.0,3.9765725
527,912,4.0,4.260756
356,912,5.0,4.20428
488,912,4.5,4.099602
282,912,3.5,4.369536
215,912,4.5,4.573861
483,912,4.0,3.9918108
362,1266,4.5,4.5306373
28,1266,4.5,3.2401438
590,1266,4.5,3.9531353
462,1266,3.0,3.5420568
84,1266,4.0,3.9409451
314,1266,3.0,3.5065696
448,1266,4.0,3.763035
524,1266,5.0,3.8948512
403,1266,4.0,3.9777157
288,1266,4.0,3.9993453
42,1266,3.0,4.198346
599,1590,3.0,2.4284954
434,1590,2.0,2.8087835
228,1590,4.5,2.8402133
68,1590,2.0,2.552907
274,1681,2.5,1.8642783
448,2796,3.0,2.6705816
156,2796,2.0,2.4152696
223,2840,3.0,2.4061532
182,2840,2.0,2.5611043
432,2840,4.0,2.8916008
452,2840,4.0,2.818033
263,2840,2.0,2.8680835
239,2840,3.5,2.9119632
608,2840,4.0,2.5960913
342,2840,3.0,2.7301848
208,2840,2.0,2.6653938
28,3020,3.0,2.167011
599,3020,3.0,2.707784
57,3020,4.0,3.2099867
552,3020,4.0,2.794501
217,3020,2.0,2.656856
480,3020,4.5,3.0536242
424,3261,4.5,3.0269752
42,3261,2.0,3.1067693
115,3753,4.0,3.9502394
177,3753,3.5,3.5417905
52,3753,4.0,4.346913
13,3753,4.0,3.630704
419,3753,4.5,3.8150108
489,3753,0.5,2.2881856
590,3753,4.0,2.881846
263,3753,4.0,3.1766725
381,3753,4.0,3.502187
244,3753,3.0,3.860548
413,3753,5.0,3.891581
600,3753,1.0,2.4700003
365,3753,3.0,3.165126
475,3753,4.5,4.323005
288,4987,1.0,2.224536
108,5303,5.0,4.1296954
474,5303,2.0,3.8064766
479,5303,2.0,3.7129319
448,5303,3.0,3.7165983
414,5303,4.0,4.325605
606,6618,4.0,3.1433516
438,6618,3.5,4.045881
249,6618,4.5,3.869259
105,6618,4.0,3.850199
307,6687,1.0,2.0322235
382,6687,1.0,2.4676273
474,6932,4.5,3.1827068
414,6932,4.5,2.7185426
599,7346,2.0,2.4545434
274,7346,1.5,2.9378374
414,7346,4.0,3.4089901
68,7346,4.0,3.4038687
222,26322,3.5,2.575086
184,27156,4.5,5.2750897
232,55765,4.0,3.7681725
233,55765,3.0,3.0164726
177,55765,4.0,3.8941681
305,55765,5.0,4.046482
52,55765,4.0,4.561028
274,55765,4.0,3.7239017
339,55765,5.0,3.7889738
307,55765,4.5,3.311636
495,55765,4.5,3.9317365
448,55765,4.0,3.4594893
80,55765,4.0,4.2547865
105,55765,3.5,4.0880165
506,62113,1.0,2.376856
483,62113,3.5,3.1813107
414,66665,4.0,3.149524
305,79553,4.5,4.1966968
177,83132,2.5,3.6245818
509,83132,3.5,3.2821498
339,105954,4.5,3.407318
599,169984,2.5,2.2558873
514,169984,2.0,2.977433
599,704,0.5,2.0009036
305,1247,5.0,3.838288
603,1247,5.0,3.6330028
182,1247,3.5,4.2433224
168,1247,5.0,4.6166406
328,1247,3.0,3.9059744
339,1247,3.0,3.9496922
445,1247,4.0,4.2112637
156,1247,5.0,3.9256446
480,1247,4.0,4.2172933
469,1247,3.0,4.4107537
221,1247,4.5,4.5203934
66,1247,5.0,4.3194137
410,1247,4.0,4.387584
580,1304,3.0,3.1445856
115,1304,5.0,4.356239
27,1304,3.0,3.4180212
246,1304,4.0,4.3121576
182,1304,3.5,3.82698
572,1304,5.0,4.610749
165,1304,3.0,3.7814791
171,1304,4.0,4.4111443
288,1304,4.0,3.8824122
311,1304,1.5,2.0038586
315,1304,3.0,3.3896897
453,1488,3.0,3.0559845
265,1488,2.0,2.6087525
19,2320,3.0,2.58926
135,2320,3.0,3.1782475
497,2329,5.0,3.1858053
232,2329,5.0,3.9775376
152,2329,5.0,3.9799185
473,2329,4.5,4.0001655
274,2329,4.5,3.868982
178,2329,5.0,4.408006
328,2329,3.0,3.4825547
64,2329,4.0,4.210789
590,2329,3.0,3.879247
17,2329,4.5,4.4144187
286,2329,5.0,4.2745624
220,2329,5.0,4.449293
343,2329,4.0,4.3830585
428,2329,3.5,3.3989525
166,2329,5.0,4.371619
45,2329,5.0,4.6124797
427,2329,4.0,4.045461
396,2329,4.5,3.696403
528,2329,4.5,3.6640441
195,2329,4.0,4.306643
354,2329,4.5,4.2280335
105,2329,4.0,4.4100666
204,2329,5.0,4.192799
561,2329,3.5,3.8351812
123,2329,4.5,4.0658684
131,2329,3.5,3.504323
357,2329,4.0,4.3171616
405,2329,3.5,4.345229
187,2329,3.0,3.703289
555,3206,3.0,1.9622241
137,3421,3.0,3.479459
587,3421,1.0,4.30283
572,3421,3.0,3.734688
169,3421,4.0,4.6490464
387,3421,4.0,3.0156102
217,3421,2.0,3.6818206
555,3421,4.0,3.9459085
514,3421,4.0,3.843866
480,3421,3.0,3.2351973
66,3421,3.5,4.0968323
222,3752,4.0,2.7086387
182,3752,3.0,2.7330847
19,3752,3.0,2.767484
45,3752,4.0,3.7340276
480,3752,3.5,2.7232428
608,3752,4.0,2.4350781
105,3752,3.5,3.0857582
367,3798,5.0,3.719017
177,3798,3.5,3.3406885
610,3798,3.5,2.9447045
288,3798,2.0,2.5621402
477,3798,4.0,3.149894
457,3798,3.0,3.2677848
313,3927,2.0,2.99683
599,5047,3.5,2.3447127
380,5047,4.0,3.887498
369,5047,3.0,3.1290772
274,5879,2.5,1.3963947
600,5879,0.5,1.0552356
414,6720,3.0,2.2186127
292,7570,4.0,2.604036
590,7570,2.0,3.0190344
448,7570,2.5,2.9206164
21,7570,4.5,2.5184004
414,31225,3.0,3.1969237
298,31225,2.5,2.0846438
480,39231,4.0,3.2783124
414,39231,3.5,3.1799219
300,48394,5.0,4.242229
305,48394,5.0,3.7175927
212,48394,4.5,3.4936135
16,48394,4.0,3.4794588
339,48394,2.5,3.6201825
590,48394,3.5,3.6400983
381,48394,3.5,3.6716802
503,48394,4.0,3.409141
610,48394,4.0,4.1527667
307,48394,3.0,3.2525916
254,48394,4.5,3.7774758
83,48394,3.5,3.901266
68,48394,4.5,3.029894
561,48394,1.5,3.886257
420,48394,4.5,3.902572
596,51255,4.5,4.0101023
122,51255,5.0,4.968197
599,51255,3.0,3.2790916
489,51255,4.5,3.6747425
166,51255,3.5,4.3566623
543,51255,3.0,4.7309756
219,51255,5.0,3.8686142
477,51255,4.5,4.2808
226,51255,4.5,4.0868855
414,51255,3.5,4.1543813
105,51255,3.5,4.291412
211,54286,4.0,3.8113136
596,54286,4.0,3.5525873
601,54286,4.0,4.0336256
177,54286,4.0,3.5021214
305,54286,4.0,3.6861029
292,54286,4.5,3.6196811
553,54286,4.0,4.373049
227,54286,4.5,3.9600198
231,54286,4.0,3.1249313
326,54286,5.0,3.462529
301,54286,4.0,3.2212157
445,54286,3.0,3.4771435
247,54286,3.5,3.2870836
10,54286,3.5,3.202659
45,54286,4.5,4.2296176
80,54286,5.0,4.371077
24,54286,4.0,3.64108
352,54286,3.0,3.7653425
203,54286,5.0,3.6218283
414,54286,4.0,3.4573257
407,54286,3.5,3.623369
28,62394,2.0,1.4512695
341,104218,3.0,3.411994
563,111617,3.5,3.5678449
525,117533,3.0,3.3470767
111,149352,4.0,2.280064
249,149352,3.5,1.8670496
93,2054,4.0,3.6990068
233,2054,2.0,2.2916675
274,2054,2.0,2.8864493
169,2054,3.0,3.5126753
96,2054,2.0,3.0885365
425,2054,2.5,2.5086267
607,2054,3.0,3.1997945
381,2054,3.5,2.405244
434,2054,3.5,2.6777112
167,2054,3.0,2.960886
160,2054,2.0,2.247342
464,2054,2.0,2.6945605
534,2054,4.0,3.3135636
116,2054,2.0,3.0221567
275,2054,2.0,3.3908267
144,2054,3.0,2.7513344
57,2941,3.0,3.8473794
603,3819,4.0,2.9714122
78,3826,2.5,1.9910796
489,3826,0.5,2.0965655
307,3826,0.5,2.310918
160,3826,1.0,2.1758919
226,3826,2.0,2.4776063
287,3826,0.5,1.4401567
457,3826,2.0,2.6270618
414,3826,2.0,2.421465
600,3826,1.0,1.8310404
342,3826,3.0,2.354216
393,3826,3.0,2.1663918
298,4102,4.0,1.842057
42,4102,5.0,3.5959623
322,4973,4.5,3.981881
497,4973,3.0,3.924714
596,4973,4.0,3.8963594
332,4973,4.0,4.1555467
132,4973,4.0,3.7312076
339,4973,5.0,4.033663
560,4973,4.0,4.0400734
425,4973,4.0,3.902005
511,4973,4.0,4.49435
523,4973,5.0,4.8062377
398,4973,5.0,4.679919
326,4973,4.0,3.9236364
301,4973,4.0,4.143778
445,4973,5.0,4.0389147
449,4973,4.0,3.8110757
391,4973,5.0,4.142442
24,4973,3.5,4.103779
480,4973,4.5,4.1656003
95,4973,5.0,4.732631
21,4973,3.0,3.688226
490,4973,4.0,3.7544541
488,4973,5.0,4.547222
254,4973,4.5,4.3394322
204,4973,4.0,4.559417
83,4973,5.0,3.822426
110,4973,5.0,4.369028
600,4973,4.0,3.575212
199,4973,2.5,3.810073
365,4973,1.0,2.0605683
153,4973,5.0,3.1449609
420,4973,3.5,4.2006674
140,5611,2.0,2.4330657
140,5959,3.0,2.7520528
387,5959,3.5,2.706582
608,5959,4.0,2.947904
606,31410,3.5,3.8107507
227,31410,4.0,4.272301
445,31410,2.5,3.9783971
241,31410,3.5,3.6953645
464,31410,4.0,4.3901305
187,31410,5.0,3.5059218
307,48518,2.0,1.9658287
116,62383,4.0,2.0850682
232,62792,3.5,2.2566373
596,78499,3.5,4.0736103
339,78499,4.0,3.9938703
448,78499,5.0,3.6048598
143,78499,4.0,2.9114072
21,78499,4.0,3.4833515
567,78499,2.0,2.706389
119,78499,3.5,4.5210342
597,1,4.0,4.294986
155,1,3.0,3.794243
596,1,4.0,3.6989205
460,1,4.5,4.142848
601,1,4.0,4.2931
330,1,4.0,3.6947036
372,1,3.0,3.607721
604,1,3.0,3.9665856
232,1,3.5,3.5437229
599,1,3.0,3.084195
280,1,4.5,4.046392
470,1,4.0,3.863781
359,1,4.0,3.3703609
57,1,5.0,3.8676105
54,1,3.0,3.1272478
579,1,4.0,4.397144
484,1,4.5,4.219692
607,1,4.0,4.0075345
590,1,4.0,3.7844887
462,1,1.5,2.7259212
263,1,4.0,4.066581
229,1,5.0,4.154337
307,1,4.0,3.2972407
161,1,4.0,4.460315
130,1,3.0,3.5508063
453,1,5.0,4.555646
166,1,5.0,4.1828203
509,1,4.0,3.6630592
293,1,3.0,3.017563
492,1,4.0,3.7697477
382,1,4.5,4.354924
141,1,4.0,3.6572707
151,1,5.0,4.1619453
334,1,3.5,3.538084
488,1,4.5,4.0614
298,1,2.0,2.8165739
33,1,3.0,4.234007
71,1,5.0,3.361671
561,1,4.0,3.8931875
373,1,3.0,3.596467
119,1,3.5,4.1961217
276,1,4.0,5.0000944
124,1,4.0,4.283176
66,1,4.0,4.1810503
252,1,4.5,4.4745293
144,1,3.5,3.8564422
468,1,4.0,3.7156663
483,1,4.0,3.9441254
346,1172,3.0,3.4512036
182,1172,5.0,4.0226474
168,1172,5.0,4.2740507
309,1172,5.0,4.0222807
202,1172,4.0,4.5043883
221,1172,4.0,4.027817
414,1172,4.0,3.9533477
483,1172,5.0,4.3145423
580,1391,3.0,3.0952134
332,1391,2.5,2.9285707
330,1391,5.0,2.8597412
182,1391,4.0,3.1088905
560,1391,4.0,2.9230475
380,1391,4.0,3.2746165
434,1391,3.5,2.993084
51,1391,4.5,3.8304496
331,1391,3.5,2.6137612
312,1391,4.0,2.722179
50,1391,3.0,2.7366886
477,1391,3.0,2.801644
226,1391,2.5,2.9636822
464,1391,2.0,3.0654802
414,1391,4.0,2.8139305
104,1391,3.0,2.6278965
233,2296,2.0,1.8462418
474,2786,2.0,1.4028543
42,3208,2.0,2.3367114
368,3452,3.0,2.647604
219,3452,2.0,2.9632936
474,4041,3.0,3.178742
590,4041,4.0,3.3225908
288,4041,3.0,2.7617838
414,4041,3.0,3.1309276
606,4351,4.0,3.1766233
91,4351,3.5,3.3918962
295,4351,2.5,3.302285
66,6313,3.0,1.9624145
74,7087,4.0,3.55279
580,7143,4.0,3.8233538
332,7143,3.5,3.6671424
279,7143,4.0,3.574539
590,7143,3.0,3.5478735
523,7143,5.0,4.679371
552,7143,3.5,3.3444786
381,7143,4.5,3.8770862
380,7143,4.0,4.0625553
129,7143,5.0,4.140162
448,7143,4.0,3.5615664
249,7143,4.0,4.113215
24,7143,4.0,3.7434032
105,7143,3.5,4.0996976
292,7720,3.5,1.5505606
307,44972,0.5,0.59920406
380,44972,2.0,1.7836568
509,44972,2.5,1.4417225
352,44972,3.0,2.3959002
246,62999,4.5,4.0579395
212,98243,4.0,3.3386045
154,98243,5.0,4.2214313
148,98491,5.0,3.7995784
111,107348,2.5,3.4463065
62,135569,2.5,3.8513284
352,135569,4.0,3.4920201
365,135569,2.5,2.2927072
602,52,3.0,3.3359685
372,52,4.0,3.155972
57,52,3.0,3.734538
4,52,3.0,3.6727788
156,52,3.5,3.4118369
411,52,2.0,3.0835483
492,52,3.0,2.826655
32,52,3.0,4.0499783
414,52,3.0,3.3282259
600,52,3.5,2.878023
155,1302,3.0,3.2253914
587,1302,5.0,3.7749002
367,1302,5.0,3.9619708
474,1302,3.5,3.3643517
3,1302,0.5,1.0076079
328,1302,0.5,3.3100278
504,1302,3.0,3.7782986
590,1302,4.0,3.4825373
448,1302,3.0,3.3619494
480,1302,4.0,3.5997994
517,1302,0.5,2.366304
481,1485,2.0,2.205018
91,1485,2.5,2.8138032
230,1485,3.0,3.0651922
111,1485,3.5,2.6888585
479,1485,4.0,2.4355822
266,1485,2.0,2.1847389
560,1485,3.0,2.982436
64,1485,3.0,2.9725063
263,1485,2.0,3.1372051
381,1485,3.5,3.2556262
610,1485,3.0,3.0228024
495,1485,4.5,3.337328
249,1485,3.5,3.463272
156,1485,3.0,2.4699416
477,1485,2.0,3.1534874
492,1485,5.0,3.4615622
141,1485,2.5,3.0143933
608,1485,3.0,2.9098318
198,1485,4.0,2.7694733
317,1485,2.0,2.5981193
36,1485,0.5,2.3670256
89,1485,2.5,2.1905215
91,2138,4.0,3.792634
489,2138,3.5,2.6031222
129,2138,4.5,3.7756987
313,2138,5.0,4.152582
186,2138,4.0,4.073277
182,2183,3.5,3.5323296
28,2763,2.0,2.7487068
384,2763,3.0,3.27141
182,2763,4.0,3.753118
572,2763,4.0,3.588986
579,2763,4.0,4.370708
590,2763,3.0,3.4017696
217,2763,3.0,3.3064017
80,2763,4.5,4.301592
591,2763,4.0,3.613186
528,2763,3.5,3.2747521
414,2763,2.0,3.6532931
354,2763,4.0,3.8718944
68,2763,4.5,3.4098155
23,3030,3.0,3.8613532
448,3030,5.0,3.849774
202,3060,5.0,4.0198464
362,3147,4.0,4.4316816
368,3147,4.0,3.7238994
606,3147,3.5,4.128244
232,3147,5.0,3.9391437
599,3147,3.0,3.1553407
47,3147,5.0,3.2428448
140,3147,3.5,4.189941
305,3147,5.0,4.3778315
325,3147,3.0,3.9636464
292,3147,4.5,3.6338935
64,3147,4.0,4.2703505
202,3147,4.0,4.2641945
537,3147,4.0,4.072619
312,3147,4.0,4.071861
356,3147,4.0,4.2579365
160,3147,4.0,2.8096566
357,3147,4.0,4.1490407
562,3147,4.0,4.4959407
87,3593,2.0,0.9994226
428,3593,2.0,1.0914212
448,3593,1.0,1.1092746
160,3593,4.0,0.5053055
477,3593,3.0,1.3880341
256,3593,4.5,1.5578963
111,3861,2.5,2.849755
42,3861,3.0,3.1258101
281,3861,3.0,2.503482
325,4464,4.0,3.5596929
474,4464,3.0,3.1781917
132,5791,3.5,2.9103916
318,5791,4.0,3.3420134
24,5791,4.0,3.4394183
74,5791,4.0,4.1643057
82,5900,4.0,2.425781
298,5900,2.5,1.2467476
474,7078,2.5,3.7244427
434,41997,4.0,3.9059248
480,41997,3.5,3.7031322
509,51834,4.0,2.4867637
68,51834,3.0,2.357398
610,139385,4.5,3.877937
49,139385,4.5,3.7162564
62,139385,4.0,4.11373
141,139385,4.0,3.5047827
414,139385,5.0,3.9709675
68,139385,3.0,3.2887483
18,139385,3.5,3.6296663
226,212,3.5,2.1845832
318,674,4.0,2.2721934
368,1047,3.0,2.8719141
544,1047,5.0,3.497144
72,1047,3.5,3.5752943
380,1047,4.0,3.552617
453,1047,4.0,3.0333364
524,1047,4.0,3.012175
24,1047,2.0,3.1116254
492,1047,5.0,3.361093
199,1047,2.0,2.8698642
603,1190,4.0,2.6811922
263,1190,3.0,3.1915421
84,1190,3.0,3.272623
414,2155,3.0,3.7254643
125,2600,5.0,4.058496
457,2600,3.0,3.292645
474,3006,4.0,3.752403
453,3006,4.0,3.8235128
403,3006,4.5,3.5993295
469,3006,3.0,3.8904538
414,3006,4.0,3.8033905
260,3006,4.0,3.25389
79,3006,4.0,3.701851
332,4979,3.5,3.5807467
182,4979,4.0,4.273899
479,4979,5.0,3.580038
462,4979,1.0,3.26739
307,4979,4.5,3.4595523
220,4979,2.0,3.7973878
520,4979,4.0,3.7414637
73,4979,5.0,3.5692344
125,4979,4.5,3.4092982
477,4979,4.5,3.762427
141,4979,3.5,3.3937066
414,4979,5.0,3.9536169
199,4979,2.0,3.198715
282,4979,4.5,3.9152365
187,4979,4.5,4.0655594
599,5255,2.5,2.1152725
387,5255,1.5,2.4612098
219,6294,1.5,1.7350373
51,6786,3.0,4.2458725
66,6786,4.5,4.2701406
187,7802,4.0,3.442089
377,25771,5.0,4.664734
139,36401,1.5,1.9438173
307,36401,0.5,2.4862607
495,42723,2.0,3.4439034
51,42723,5.0,2.6250873
352,42723,1.0,3.381056
177,53322,3.0,3.3072317
328,53322,2.5,2.6253664
560,53322,4.0,3.4069438
448,53322,3.0,3.0338378
45,53322,5.0,4.123614
21,53322,4.5,3.1953547
317,53322,3.0,3.1327984
600,53322,1.0,2.770088
21,106491,3.5,3.1920998
514,165103,3.5,2.7199063
6,274,4.0,3.4459648
388,631,1.0,2.2333367
169,631,3.0,3.7816534
43,631,5.0,3.3954606
181,631,3.0,3.016447
360,1616,5.0,2.9070058
182,1616,2.0,2.6594303
268,1616,1.0,2.3099926
599,1722,2.5,2.6107879
452,1722,4.0,4.2395372
266,1722,3.0,2.2850852
387,1722,2.5,2.1892006
453,1722,2.0,3.7355635
408,1722,4.0,3.8736382
195,1722,2.0,2.9881933
603,2344,4.0,2.687573
182,2344,3.0,3.4226503
268,2344,4.0,2.9399548
603,2633,4.0,2.030831
287,2633,2.0,0.6697881
182,2989,4.0,3.3157575
57,2989,4.0,3.0466902
292,2989,4.0,3.9313385
489,2989,3.0,3.496255
330,3210,3.5,3.3599482
111,3210,2.0,2.9936714
474,3210,2.0,3.2708724
514,3210,4.0,3.5763774
288,3210,3.0,3.0787063
356,3210,4.5,3.9598594
219,3210,3.5,3.477934
226,3210,4.0,3.5683408
298,3210,3.0,2.7524962
215,3210,4.5,3.2617977
57,3446,4.0,1.2965857
414,3754,3.0,2.2280166
474,3987,3.0,1.9285575
610,4450,1.0,3.9380853
424,4450,4.5,2.5340285
28,4688,2.5,2.4692724
414,4688,4.0,2.411446
414,6223,2.5,3.3734336
28,6365,3.5,2.880696
330,6365,3.5,3.2155652
230,6365,4.0,3.4172823
111,6365,1.0,3.1297312
416,6365,0.5,1.7206922
182,6365,2.0,2.8041866
169,6365,4.0,4.085062
489,6365,1.5,2.7585921
518,6365,4.0,3.1731305
80,6365,4.0,4.175883
490,6365,2.5,2.7386465
354,6365,1.0,3.4779968
105,6365,4.5,3.8166676
199,6365,2.5,2.7236512
248,6365,3.5,3.5753663
232,6537,4.0,3.170505
599,6537,2.5,2.395776
169,6537,3.0,3.4431317
366,6537,3.5,2.735495
590,6537,3.0,2.594365
387,6537,3.5,2.5933325
331,6537,2.5,2.7842026
129,6537,3.5,3.2859082
480,6537,3.0,2.427674
213,6537,3.5,3.3745332
594,6975,0.5,3.2067125
562,6975,3.5,3.705358
599,6996,1.5,1.0009211
104,6996,2.0,1.7543203
232,7261,2.0,0.8118855
310,7261,3.5,0.643761
232,8531,2.5,3.021373
74,26578,4.0,4.381017
305,86644,4.0,3.0675862
249,86644,3.5,3.2119968
205,104913,3.0,3.6351926
105,171011,5.0,4.122431
184,171011,5.0,3.9404638
318,182715,3.5,3.2714412
249,182715,4.0,3.5376172
599,442,2.5,2.2523584
386,442,3.0,2.206641
512,442,3.0,3.1659098
57,442,2.0,2.394807
447,442,4.0,3.8316836
273,442,3.0,3.092644
249,442,3.5,3.1174645
167,442,1.5,2.6417043
480,442,0.5,2.2891312
534,442,4.0,3.5616808
304,442,3.0,3.3900127
119,442,4.0,3.5971947
405,442,3.5,2.8309026
307,1323,1.0,1.3897762
132,1399,3.0,2.8678775
368,1608,3.0,2.898299
372,1608,3.0,3.3095636
360,1608,5.0,3.358693
182,1608,2.5,3.1086493
292,1608,4.0,2.984795
495,1608,4.0,3.669413
555,1608,3.0,4.025674
438,1608,3.5,3.4452424
249,1608,3.0,3.5364447
608,1608,3.0,3.4386353
600,1608,2.5,2.7471294
406,1644,2.0,2.6128511
590,1644,2.0,1.989896
124,1644,2.5,2.368513
387,1770,3.0,1.856373
583,2059,2.5,3.1032436
82,2380,3.0,2.922444
517,2380,0.5,1.4599955
608,3032,3.5,2.8502285
599,3197,2.0,2.25957
217,3197,3.0,2.3883536
79,3197,4.0,3.0681047
28,3272,4.0,2.86786
603,3272,5.0,1.8835039
182,3272,4.0,2.6979685
414,3272,3.0,2.4695945
410,3978,2.0,2.9898586
453,4304,4.0,3.728952
603,4757,2.0,1.4178994
414,4757,3.0,2.0894585
346,7008,5.0,3.856341
250,8880,4.0,3.952044
50,32657,3.5,2.655672
105,32657,4.5,4.4292665
232,39449,3.5,2.1543257
514,60487,4.0,3.5148787
122,67087,4.5,4.0119624
249,67087,4.0,3.6781845
534,67087,4.0,3.7300317
298,67087,4.0,2.4081068
599,87522,1.5,2.2727673
586,93272,5.0,3.0683947
222,97168,2.5,3.5941777
318,103810,3.5,2.574617
21,103810,3.5,2.2589893
476,13,3.0,3.446403
20,13,4.0,3.0976703
288,13,2.0,2.9440765
599,218,2.0,1.955189
181,218,3.0,3.2829616
353,280,5.0,3.983612
337,280,4.0,4.2591834
6,348,3.0,2.5034668
262,348,3.0,3.0697572
84,348,5.0,3.6033163
224,440,4.0,3.2931604
140,440,4.5,3.5385032
292,440,3.5,3.1705532
455,440,3.0,3.5070462
262,440,2.0,3.271494
590,440,4.0,3.3481348
387,440,2.5,2.9034717
314,440,3.0,3.2881064
239,440,4.0,3.6488597
395,440,3.0,3.0794477
102,440,3.0,3.3208537
404,440,4.0,3.4652405
323,440,2.5,3.3480902
469,440,3.0,3.1558304
109,440,3.0,3.293207
304,440,5.0,3.9833732
199,440,4.0,2.9652872
294,440,3.0,2.7459245
606,1663,2.0,3.5303211
572,1663,4.0,3.2252991
555,1663,4.0,3.8978431
527,1663,4.0,4.496959
68,1663,3.0,3.1636717
410,1663,5.0,4.2353373
362,1682,4.0,4.213392
115,1682,4.0,3.8065362
76,1682,2.5,2.9040403
332,1682,4.5,3.643574
606,1682,4.5,3.8116322
230,1682,2.5,3.207735
305,1682,4.0,4.0768986
325,1682,3.0,3.4260263
359,1682,3.0,3.4361906
57,1682,4.0,3.4321642
491,1682,4.5,4.187849
64,1682,4.0,3.8696237
41,1682,3.0,3.2361608
489,1682,2.5,3.5424078
462,1682,4.0,2.6697211
610,1682,5.0,4.0469084
307,1682,4.0,3.2533317
495,1682,4.5,4.1874976
428,1682,3.5,3.1198647
391,1682,4.0,3.3756988
63,1682,3.5,3.6952658
356,1682,3.0,4.162407
219,1682,3.5,3.5086067
562,1682,5.0,4.2347684
153,1682,4.5,2.5227585
475,1682,5.0,4.6780567
483,1682,3.5,3.916744
101,2318,5.0,4.411422
391,2318,5.0,3.2021048
600,2318,2.5,2.4904487
448,2383,2.0,1.061407
122,2455,5.0,4.134373
603,2455,4.0,2.7775993
377,2455,4.0,3.4339366
127,2455,1.0,3.076924
387,2455,3.5,2.9118195
160,2455,4.0,2.8519754
480,2455,2.5,3.0281656
414,2455,4.0,3.2089996
354,2455,3.5,3.5704656
266,2471,1.0,1.8125455
579,2471,4.0,3.61172
381,2471,4.0,2.9416623
448,2471,3.0,2.4267182
217,2956,3.0,2.9240675
57,3022,5.0,3.9501436
469,3022,5.0,3.8104882
89,3022,2.0,3.097286
19,3484,2.0,1.6797127
391,3484,1.0,2.1620317
480,3484,3.0,2.4695687
160,3572,1.0,2.1918082
274,3786,3.5,1.5104614
132,4016,2.0,3.0188286
305,4016,3.5,4.0562906
212,4016,4.5,3.3478847
182,4016,3.0,3.2402754
20,4016,4.5,3.8925831
64,4016,4.5,3.5172367
583,4016,4.0,3.6662958
380,4016,4.0,4.0937557
527,4016,5.0,4.495224
167,4016,4.0,3.6309707
608,4016,4.0,3.2442653
275,4016,3.0,3.5867581
606,4487,3.0,2.7463925
599,4487,3.5,2.4003158
448,4487,1.0,2.7885377
489,5992,3.5,3.9600105
287,5992,5.0,3.854528
414,5992,3.5,3.652872
104,6060,4.0,1.626586
462,6612,4.5,2.291882
606,7084,4.5,3.4946532
28,55908,3.5,3.1534035
610,74750,3.5,2.9253647
596,79702,3.5,3.8851984
274,79702,3.0,3.3294878
380,79702,4.0,4.220446
62,79702,4.0,4.4442816
105,79702,4.0,4.1884413
305,92507,4.0,3.0108087
610,92507,3.5,2.9915364
588,6,5.0,3.702259
336,6,4.0,4.4720426
372,6,5.0,3.4282231
444,6,4.0,3.9898791
386,6,3.0,3.2595892
297,6,5.0,3.2551475
470,6,3.0,3.5843349
266,6,4.0,3.861373
64,6,4.5,4.0834217
286,6,4.5,3.8475156
610,6,5.0,4.0976853
84,6,4.0,3.8228993
312,6,4.0,3.926632
24,6,4.5,3.8117058
121,6,5.0,3.8554604
373,6,5.0,3.5864935
270,6,3.0,3.7160678
521,6,4.0,3.99082
332,16,3.5,3.5912926
103,16,5.0,4.059165
91,16,4.5,3.6671057
330,16,3.5,3.7177072
603,16,4.0,3.189632
274,16,4.5,3.6742365
112,16,4.5,4.5896087
88,16,4.5,4.3265944
162,16,5.0,3.9639597
427,16,4.0,3.6412773
109,16,4.0,3.69955
68,16,3.5,3.5595207
405,16,4.0,4.210772
501,86,3.0,3.6169994
524,86,3.0,3.4525087
181,86,4.0,3.7259917
42,86,4.0,3.2722301
133,474,3.0,2.9851265
183,474,4.0,4.146095
91,474,3.5,2.9399023
599,474,2.5,2.7300904
305,474,4.0,3.9696038
386,474,3.0,3.0108254
6,474,4.0,3.9135232
266,474,3.0,3.0376585
229,474,3.0,3.9172173
314,474,3.0,3.421514
465,474,4.0,3.8563733
239,474,3.5,3.8691616
181,474,4.0,3.3053818
11,474,4.0,4.082998
357,474,4.0,3.7747374
275,474,4.0,4.002358
339,760,4.5,3.1904087
362,1089,4.5,4.5881114
412,1089,2.0,4.022004
372,1089,5.0,3.8427482
122,1089,5.0,5.036042
599,1089,5.0,3.3183718
603,1089,5.0,3.987807
182,1089,5.0,4.118479
168,1089,5.0,4.4827547
328,1089,5.0,3.5553958
266,1089,5.0,4.240456
484,1089,4.0,3.7627935
366,1089,5.0,4.181015
462,1089,3.5,3.279749
441,1089,4.5,4.3267007
585,1089,4.5,4.495947
428,1089,4.0,3.5757265
465,1089,5.0,4.631034
448,1089,5.0,3.9702928
403,1089,4.0,4.2951145
356,1089,5.0,4.2500525
195,1089,5.0,4.2474766
490,1089,4.0,3.7752283
414,1089,5.0,4.2477674
105,1089,5.0,4.295053
204,1089,4.5,4.3131876
260,1089,5.0,3.7046757
317,1089,5.0,3.9145634
405,1089,4.0,4.3896236
18,1089,4.0,4.146472
53,1100,5.0,4.1225224
469,1100,3.0,2.4235203
597,1267,5.0,4.8959136
16,1267,4.0,3.746632
572,1267,5.0,4.7778997
19,1267,3.0,3.2327204
51,1267,4.0,4.544076
438,1267,5.0,3.6873307
221,1267,4.0,4.5257983
92,1367,3.0,3.1582468
563,1367,3.0,2.5538063
217,1367,3.0,2.8617833
314,1367,3.0,2.7559626
50,1367,2.0,2.4776783
82,1367,1.0,3.0564196
249,1367,3.5,3.032457
240,1367,3.0,3.8122509
500,2102,2.0,0.22219598
57,2102,4.0,0.25289816
599,2433,3.5,2.2231944
42,2433,3.0,2.6350727
610,4030,2.0,2.027246
414,4030,2.0,1.7584822
309,5398,4.0,3.4526534
474,6244,3.0,2.8524358
380,6755,4.0,3.6105208
414,6755,3.5,3.468057
420,6755,3.0,3.3755956
608,6827,0.5,0.9123989
560,78772,0.5,1.9572384
610,84944,3.5,3.555647
509,84944,3.5,3.1878414
414,84944,4.0,3.2093215
89,84944,5.0,2.8798308
222,90405,4.0,2.868988
80,90405,4.0,3.732636
105,90405,3.5,3.5239263
448,95207,2.0,2.7580385
300,99114,3.5,4.2029905
103,99114,4.5,4.212274
177,99114,3.5,3.8793936
205,99114,4.5,3.9514716
582,99114,4.5,4.1330404
415,99114,4.5,3.9495103
15,99114,1.0,3.354486
461,99114,4.5,1.5443496
326,99114,4.5,3.4793334
495,99114,5.0,4.2918277
543,99114,4.0,4.4402194
50,99114,3.0,2.6348014
62,99114,5.0,4.531741
352,99114,4.5,4.3160267
414,99114,4.5,3.9430656
298,99114,3.0,2.6778722
561,99114,3.0,3.6539662
424,99114,4.5,3.3058515
365,99114,3.0,2.5513713
153,99114,1.0,2.3883812
610,103596,2.5,1.9608002
448,103596,1.5,1.5416179
50,104283,3.5,2.9489276
210,122926,4.5,4.388477
249,122926,4.5,4.5041146
18,122926,3.5,3.9355567
256,131656,3.5,1.3128269
429,168,5.0,4.438738
559,168,3.0,2.7273176
48,168,3.5,3.3690526
447,168,4.0,3.3382845
414,168,2.0,2.3046565
608,168,0.5,2.825063
488,168,1.5,3.5597625
68,168,3.0,3.1345391
373,168,2.0,2.042505
42,168,3.0,2.9432378
6,205,3.0,2.9414368
451,852,4.0,3.188838
350,852,3.0,3.0858188
474,852,2.0,2.9972568
156,852,3.0,2.6362014
32,852,4.0,3.2894828
414,852,4.0,2.6118443
200,852,3.5,3.4965007
109,852,3.0,3.0271115
294,852,3.0,1.9417624
275,852,4.0,2.8878326
140,1952,3.0,4.1771173
572,1952,5.0,4.838272
309,1952,1.5,3.763068
462,1952,5.0,2.9460175
387,1952,4.0,3.8175642
290,1952,5.0,4.4304423
23,1952,3.0,3.4120781
469,1952,5.0,4.2715497
74,1952,4.0,4.772738
425,2470,3.0,3.0891163
327,2470,3.5,3.638786
202,2470,3.0,3.40819
381,2470,3.5,3.409139
239,2470,3.0,3.6749375
45,2470,1.0,3.688454
469,2470,3.0,3.344023
135,2470,3.0,3.17014
18,2470,3.0,3.325246
91,2699,2.5,2.5536444
274,2699,3.0,2.9158206
19,2699,3.0,2.138021
64,2699,3.5,3.0286808
318,2699,2.5,2.5450444
307,2699,3.0,2.113447
555,2699,3.0,3.6608465
434,2699,2.5,2.9664354
510,2699,1.0,2.4274375
480,2699,1.5,2.399337
608,2699,1.5,2.444582
354,2699,3.5,2.826714
469,3813,5.0,3.7011275
36,4220,2.0,2.7079504
484,4914,2.0,3.488406
391,4914,5.0,4.048562
599,5016,3.0,2.676516
414,5016,4.0,3.1133173
198,5016,2.0,3.4081583
414,5382,2.0,3.2621484
560,55442,4.0,3.783894
477,55442,4.5,4.484739
10,56949,3.0,2.6547825
143,56949,3.0,2.2239473
357,56949,3.0,3.6050146
317,82667,4.0,3.6455688
567,101864,1.5,1.5118947
122,103253,4.0,3.6322844
21,103253,3.0,3.5040095
599,165549,3.5,2.8603299
292,165549,1.5,1.6625658
588,3,3.0,2.42347
1,3,4.0,3.7794561
544,3,3.0,3.557594
269,3,4.0,3.6709414
594,3,4.0,4.1732287
456,3,3.0,3.6110003
240,3,4.0,4.148558
477,3,3.0,3.0369444
492,3,4.0,3.5539474
58,3,3.0,3.58119
116,3,3.5,2.9196768
42,3,4.0,3.7801619
410,3,4.0,3.113266
597,1082,4.0,3.8090699
6,1082,4.0,3.271273
599,1218,3.5,3.647898
274,1218,4.0,2.9815278
91,1242,4.0,3.862452
409,1242,4.0,4.709095
57,1242,4.0,4.2802825
339,1242,3.5,4.187912
590,1242,4.0,4.130651
290,1242,5.0,4.562288
199,1242,4.0,3.974523
587,1380,3.0,4.20027
177,1380,3.5,3.1095896
328,1380,0.5,2.2543087
554,1380,5.0,3.9702458
318,1380,3.5,2.9742396
462,1380,4.0,1.6258746
381,1380,4.0,3.474163
583,1380,3.0,3.3414981
194,1380,2.5,3.2977781
428,1380,2.0,2.1821518
113,1380,3.0,3.2367609
200,1380,5.0,3.6701975
357,1380,4.0,3.63131
483,1380,2.0,3.1816382
51,1834,4.0,4.2215295
160,2422,1.0,1.4623902
599,2597,2.5,1.3581058
599,2879,2.5,1.8974311
610,2879,4.0,2.0896735
20,3549,5.0,3.6556313
517,3549,3.0,2.75
274,3908,1.0,0.6864358
610,3908,2.5,0.6422837
285,4091,3.0,2.5413618
357,4091,3.5,3.3766139
186,5357,4.0,2.7468896
599,45382,2.5,2.427457
563,58347,2.0,3.8846667
103,81156,4.0,4.0378785
534,95309,4.0,4.1578803
18,112421,4.0,4.140572
306,164200,3.5,3.6889818
191,308,5.0,4.5618987
390,308,5.0,3.6172478
33,308,4.0,4.0112014
603,1130,2.0,1.6942017
312,1130,4.0,2.6705618
597,1627,4.0,3.2815151
198,1627,1.0,2.9592938
465,1783,4.0,3.009839
603,1956,4.0,3.877718
572,1956,5.0,3.8340693
357,1956,4.0,3.7593832
27,2040,2.0,2.6920838
288,2040,3.0,2.8898742
140,3557,3.0,2.6694138
474,3893,3.0,3.1144629
479,3893,4.0,3.4715717
610,3893,3.5,3.614315
160,3893,3.0,3.6113658
414,3893,3.0,3.7715135
410,3893,3.0,3.9019716
148,4993,3.0,3.3114533
28,4993,3.0,3.3928237
497,4993,2.0,3.0286226
606,4993,4.5,4.1160493
460,4993,5.0,4.49782
91,4993,4.5,3.9666204
222,4993,4.0,3.75082
330,4993,3.5,4.2208996
246,4993,5.0,4.5982304
556,4993,4.5,4.290177
274,4993,3.0,3.793017
348,4993,5.0,4.959284
474,4993,5.0,3.8166938
504,4993,4.0,4.041555
425,4993,4.5,3.86639
366,4993,4.5,4.238667
61,4993,4.5,4.270115
531,4993,5.0,3.8630497
387,4993,3.0,3.8248115
610,4993,5.0,4.3821344
326,4993,4.0,4.036322
7,4993,4.5,3.952847
247,4993,4.0,3.938454
343,4993,5.0,4.099419
434,4993,5.0,4.3265314
331,4993,4.5,4.1291866
97,4993,5.0,4.5343328
400,4993,4.0,4.5901704
63,4993,4.0,3.6474707
249,4993,5.0,4.2999387
356,4993,3.5,4.132895
427,4993,4.0,4.0726905
408,4993,5.0,4.4734535
62,4993,5.0,4.5845757
287,4993,4.0,2.9162946
490,4993,3.5,3.4491363
200,4993,4.0,4.4008164
376,4993,4.5,4.134749
254,4993,4.5,4.1629424
378,4993,4.5,3.9744089
534,4993,4.0,4.43621
370,4993,4.5,3.8863022
83,4993,4.0,3.6017458
413,4993,5.0,4.761261
522,4993,3.5,4.0094476
466,4993,4.0,3.9245439
131,4993,3.5,3.5117211
365,4993,3.5,2.761691
30,4993,5.0,4.676125
67,4993,2.0,3.5396523
551,4993,2.0,3.7089057
144,4993,4.5,4.075794
180,4993,4.5,3.7316647
391,5325,4.0,3.5115268
427,5325,4.0,3.5638604
599,6764,2.5,2.248425
140,6764,3.0,2.4245968
610,6764,3.0,2.9923105
428,6764,3.0,2.1082072
414,6764,4.0,2.9832997
64,8784,4.5,3.7562096
434,8784,4.5,3.816712
477,8784,4.0,4.1467843
226,8784,4.5,3.733409
221,8784,4.0,3.728344
200,8784,4.0,4.2005396
260,8784,0.5,3.3799193
522,8784,2.0,3.3702683
153,8784,4.5,2.2306702
414,33677,3.5,2.3129752
483,33677,3.5,2.5361047
420,33903,4.5,3.7015362
414,34153,4.0,3.4052768
610,40412,5.0,3.8000643
601,49272,4.0,4.3778076
582,49272,4.5,4.0510097
307,49272,3.5,3.2082589
434,49272,4.0,3.5317042
448,49272,4.5,3.4229608
249,49272,3.5,4.1309934
80,49272,4.5,4.646141
356,49272,4.0,4.12542
73,49272,5.0,4.0795927
219,49272,4.5,3.4995303
272,49272,2.5,3.5592268
534,49272,4.0,4.121918
522,49272,5.0,3.9000957
517,49272,1.5,2.1484263
382,71530,3.5,3.6777656
249,86295,3.0,2.223953
274,20,3.5,2.160302
217,20,2.0,2.5030005
464,20,4.0,2.8645682
602,164,4.0,2.9337528
599,164,2.5,2.517446
140,164,3.0,2.8371446
297,164,2.0,3.162622
217,164,3.0,2.2950082
79,164,5.0,3.4994633
580,839,4.5,2.9559188
19,839,1.0,1.7753364
369,839,2.5,2.2933838
577,1275,4.0,3.3218992
1,1275,5.0,4.4786124
217,1275,2.0,3.3291404
524,1275,5.0,3.7311122
234,1275,4.0,3.477943
480,1275,3.0,2.8989158
469,1275,5.0,3.6973495
561,1275,4.5,3.7392206
66,1275,4.5,4.048367
104,1275,3.0,3.004045
346,1997,4.0,3.781485
274,1997,4.0,3.7388172
474,1997,4.0,3.5563698
299,1997,4.0,3.7717748
503,1997,4.0,3.7443414
555,1997,3.0,3.7579134
264,1997,2.5,3.1806197
469,1997,5.0,3.7763195
354,1997,4.0,3.7518826
483,1997,2.5,3.975605
577,2161,2.0,3.4599724
64,2161,4.0,3.6808145
318,2161,4.0,3.6686277
381,2161,4.5,3.67207
380,2161,4.0,3.7655811
68,2161,2.0,3.4995391
600,2161,3.5,3.184347
186,2161,4.0,4.115415
182,2391,4.5,4.003837
610,2391,4.0,4.0910864
555,2391,3.0,4.045119
453,2391,3.0,4.388366
198,2391,2.0,3.5231354
140,2686,3.5,3.719087
453,2686,4.0,4.207871
24,2686,4.0,3.7432249
383,3115,4.0,3.6113358
288,3115,3.0,3.7323995
603,3167,4.0,2.9363925
105,3415,4.5,3.2760644
216,3925,3.0,2.957835
462,3983,3.0,3.9195213
474,4347,4.0,3.2453542
68,4681,3.0,2.798288
593,6711,2.0,3.4713988
28,6711,2.5,3.205244
103,6711,5.0,4.286029
222,6711,3.0,3.46816
190,6711,5.0,4.383652
259,6711,5.0,3.3708313
169,6711,4.5,4.3912377
339,6711,4.0,4.0462084
288,6711,3.5,3.8537045
95,6711,4.5,4.545027
371,6711,5.0,4.8672237
334,6711,4.0,3.488594
298,6711,3.0,3.4611802
260,6711,4.0,4.077853
104,6711,3.0,3.7579103
606,7034,3.0,4.0348015
144,7034,4.0,3.9591246
387,8405,4.5,4.016227
387,26242,3.0,2.9776385
34,27728,3.0,1.6605577
448,39444,3.0,2.9683294
610,39446,2.5,2.6588879
380,39446,4.0,2.6990557
307,43679,1.0,2.31487
380,43679,3.0,3.084282
351,52579,3.5,2.812339
448,86142,3.0,3.7788308
298,112290,3.0,3.322071
321,500,4.0,3.4627926
606,500,3.0,3.180957
330,500,3.5,3.029916
111,500,4.0,2.9498467
47,500,1.0,2.584837
132,500,2.5,2.8051744
1,500,3.0,4.0775723
474,500,2.5,2.9731982
470,500,4.0,3.549135
169,500,5.0,4.2469506
54,500,3.0,2.661292
235,500,4.0,3.3811224
542,500,3.5,3.9556534
117,500,4.0,3.3815453
579,500,5.0,3.8063407
462,500,0.5,1.6733701
564,500,4.0,2.7851884
387,500,2.5,2.4260805
503,500,3.5,2.518897
173,500,4.0,3.581596
380,500,4.0,3.359404
273,500,4.0,3.7286115
438,500,3.5,3.4327197
102,500,4.0,3.3690238
38,500,3.0,3.1778975
418,500,3.5,2.8568594
226,500,3.5,3.3144362
426,500,5.0,3.8189206
170,500,4.0,3.2694612
116,500,3.0,3.4467437
373,500,2.0,2.800142
153,500,2.0,1.1603819
18,500,3.5,3.1959834
483,500,3.5,3.210419
597,1171,5.0,3.8770235
474,1171,4.0,3.2301745
448,1171,4.0,3.0902429
156,1171,3.0,3.2870188
414,1171,2.0,3.6823037
387,2193,3.0,2.957872
509,2193,2.5,3.0367415
527,2193,5.0,3.6274796
477,2193,4.0,3.5757275
226,2193,4.0,3.450337
414,2193,5.0,3.5710783
608,2193,3.5,3.257081
68,2193,0.5,2.9623456
462,2351,4.0,3.8574939
603,2729,4.0,3.4266238
469,2729,4.0,3.8449283
42,3764,2.0,2.4841835
122,3793,4.0,4.40555
493,3793,3.0,3.4100418
132,3793,3.5,2.956791
259,3793,3.5,2.8129678
13,3793,4.0,4.262677
86,3793,4.0,3.9771242
139,3793,3.0,2.5673864
432,3793,4.0,3.2853029
452,3793,4.0,4.8893366
48,3793,3.5,3.8017738
560,3793,3.5,3.4934564
462,3793,4.0,2.7659311
586,3793,5.0,4.623187
381,3793,4.0,3.4973862
331,3793,2.5,3.2048907
234,3793,4.0,3.7958436
312,3793,3.0,3.5779552
143,3793,4.5,2.8885703
371,3793,4.0,4.185234
68,3793,4.5,3.8051507
561,3793,3.5,3.4126694
365,3793,3.5,2.9818058
313,3793,3.0,2.931209
420,3793,4.0,3.6411636
475,3793,5.0,4.675401
606,5339,3.5,3.621646
108,5445,5.0,3.9706109
28,5445,3.5,3.185748
190,5445,3.5,3.633136
599,5445,2.5,3.2002616
140,5445,3.0,3.4078317
416,5445,1.0,2.7918706
325,5445,4.0,3.2911005
182,5445,3.0,3.7193694
20,5445,4.5,3.2638202
432,5445,4.0,3.6851768
339,5445,5.0,3.8108394
48,5445,4.5,3.7192261
560,5445,3.5,3.7281759
64,5445,4.0,3.6836195
504,5445,3.5,3.437707
15,5445,4.0,3.5209942
590,5445,3.0,3.205408
586,5445,4.0,4.074058
520,5445,3.5,4.028228
7,5445,4.0,2.4200265
63,5445,4.0,3.4752145
45,5445,4.0,3.8601646
62,5445,4.0,4.0089355
226,5445,3.0,3.4118595
414,5445,5.0,3.7451377
487,5445,3.0,3.1127675
354,5445,3.5,3.7465546
357,5445,4.0,3.7505744
66,5445,3.5,4.006946
551,5445,4.0,3.5834723
187,5445,3.5,3.0716984
246,5971,5.0,4.346083
132,5971,3.5,3.4225821
212,5971,4.0,3.6240962
16,5971,4.0,3.7242448
489,5971,4.5,3.7498155
17,5971,4.0,3.9982517
87,5971,5.0,4.362609
596,30816,3.5,3.2927692
489,30816,3.5,2.0459018
482,30816,4.0,3.272813
68,30816,3.0,3.4462037
111,54732,3.5,2.3944569
274,54732,2.0,2.2748194
177,60126,3.0,3.186597
380,60126,4.0,3.7409186
288,60126,3.5,2.793673
62,60126,3.0,3.7531822
219,60126,3.5,2.7691307
334,60126,3.0,3.187176
68,60126,3.5,3.5815141
448,61352,3.5,2.984215
318,70533,4.0,3.7957227
191,283,4.0,1.6899977
275,283,5.0,1.9076234
599,1461,2.0,1.6091771
448,1461,2.0,2.7099688
368,1994,3.0,2.7005897
28,1994,2.5,2.53267
232,1994,4.5,3.172903
64,1994,4.5,3.5046115
489,1994,3.5,2.227335
39,1994,4.0,3.6807513
514,1994,4.0,3.2466009
244,1994,3.0,3.370318
160,1994,4.0,2.9717574
198,1994,2.0,2.9514759
599,2681,2.5,2.3506527
462,2736,4.0,3.0619893
294,2736,4.0,2.7750022
599,2808,2.5,1.4394686
552,2808,0.5,1.3292242
594,2808,5.0,2.9597976
217,2808,3.0,1.4998324
414,2808,3.0,2.027698
561,2808,3.0,2.0340033
610,2880,4.0,2.7067795
453,2880,4.0,3.2551827
414,3539,2.5,3.040648
322,5247,2.0,2.266585
474,5247,0.5,2.85864
95,5247,4.0,3.306568
580,5444,3.0,3.5939443
103,5444,4.0,3.775626
169,5444,4.5,4.3727126
380,5444,5.0,3.8229697
509,5444,3.5,3.4603171
256,5444,4.0,3.9417484
525,5444,3.5,3.7751017
28,5577,2.0,3.0210412
599,5577,3.0,3.2351196
610,5577,4.0,4.222955
414,6268,4.0,3.043776
594,7046,0.5,2.161385
68,7046,2.0,2.3884826
246,36363,3.5,3.9379432
480,43396,4.0,3.5729308
519,59369,5.0,4.213272
280,59369,4.0,3.5904984
590,59369,3.0,2.8117237
586,59369,5.0,4.1603003
351,59369,4.5,3.3913887
376,59369,5.0,3.8667693
339,80139,4.5,3.011802
103,91976,3.5,2.9987957
47,97921,3.5,1.8153534
339,97921,3.5,4.058226
563,97921,3.5,3.3396122
610,97921,4.5,3.6392624
495,97921,5.0,4.523401
331,97921,5.0,3.7979522
143,97921,3.0,1.4174306
528,97921,3.5,3.7530682
414,97921,4.0,3.7253351
105,97921,4.0,3.8973413
525,97921,4.0,3.2590477
153,97921,3.5,0.97093904
610,100163,3.0,2.689801
448,114935,4.0,3.3807335
249,114935,4.0,4.136557
298,114935,3.0,2.9555469
586,166643,3.5,4.599716
444,431,4.0,4.2557673
553,431,4.0,4.3709307
425,431,3.5,3.6152894
307,431,3.5,3.4252152
105,431,4.0,3.712776
369,431,2.5,3.526481
187,431,4.5,3.4949121
297,692,1.0,0.6989728
274,881,2.0,1.9614251
20,1021,2.0,2.9121826
555,1021,2.0,2.4647808
45,1021,2.0,3.0975318
200,1021,3.0,2.6636903
109,1021,3.0,2.2861235
600,1021,2.5,1.9024959
33,1245,5.0,3.9968731
606,2185,4.0,3.4124222
91,2712,4.0,3.2488446
266,2712,5.0,3.522469
64,2712,3.0,3.6200001
383,2712,1.0,3.7064476
202,2712,4.0,3.6484938
263,2712,1.0,3.484658
453,2712,3.0,3.5079546
608,2712,3.0,3.5695229
1,3439,4.0,3.51942
234,3439,2.0,2.856114
45,3439,1.0,3.7633379
608,3439,2.0,2.9967518
600,3439,3.0,2.2986534
555,3497,3.0,2.4896712
169,3791,4.0,4.1286693
555,3791,1.0,3.4315825
448,4564,3.0,2.5887434
298,4639,0.5,1.616212
606,4995,4.0,4.0823784
232,4995,4.0,3.9868672
111,4995,4.0,3.319801
182,4995,4.0,3.896543
258,4995,5.0,4.469925
542,4995,4.5,3.8776014
425,4995,4.0,3.9365897
523,4995,5.0,4.819908
100,4995,4.0,4.550447
161,4995,3.0,4.219289
520,4995,4.0,4.3534064
73,4995,4.0,3.9091191
125,4995,4.0,4.1638474
200,4995,4.0,4.2300997
68,4995,3.5,3.7387986
525,4995,3.5,3.8392212
357,4995,4.0,4.187312
153,4995,3.5,2.1089165
483,4995,4.5,3.86815
36,4995,1.0,2.9229
517,4995,3.5,2.624951
111,5564,3.5,0.34196627
28,7009,3.5,2.3183715
474,7705,4.0,3.2201033
388,43836,4.0,1.624703
509,43836,3.5,2.2185702
52,46976,5.0,4.0159087
227,46976,5.0,3.7767565
307,46976,3.5,3.4373596
24,46976,4.0,3.441224
408,46976,4.0,3.8499255
477,46976,4.5,3.8868716
483,46976,3.5,3.949676
111,76077,4.5,3.8475142
274,76077,3.5,2.5111005
414,76077,3.5,3.6027408
483,76077,4.0,3.3376756
305,104211,5.0,3.561697
491,104211,4.0,3.8260505
462,104211,4.0,2.536837
564,104211,5.0,3.3315947
495,104211,4.5,3.4988797
514,104211,4.0,3.3300443
448,104211,2.5,3.149563
21,104211,4.0,3.0830169
298,104211,2.5,2.196016
365,104211,3.0,2.8946574
448,114662,4.0,3.0921009
111,122900,3.0,3.0372412
249,122900,4.0,3.8551135
408,122900,5.0,4.232181
567,122900,3.0,2.4746423
586,162606,4.0,3.586689
249,162606,3.5,3.3535485
365,162606,2.0,2.3743353
451,94,4.0,4.3919697
182,94,4.0,3.7641864
84,94,4.0,3.7649255
436,250,3.0,2.5646374
458,377,5.0,4.292274
133,377,3.0,2.8085787
126,377,5.0,3.5702307
81,377,3.0,2.7572718
28,377,1.5,2.3424785
140,377,4.0,3.3934188
292,377,3.5,3.3021753
559,377,4.0,3.5389693
266,377,2.0,2.851471
419,377,4.0,3.443432
553,377,3.5,3.8936434
117,377,3.0,3.4569664
489,377,3.5,2.8189518
318,377,3.5,3.3297668
173,377,3.0,3.4730844
100,377,4.0,4.0573874
176,377,4.0,4.352383
428,377,2.5,2.303938
391,377,2.0,2.9665618
166,377,3.0,3.6018498
97,377,4.0,3.917274
63,377,2.5,2.8586469
569,377,5.0,4.14491
288,377,3.0,2.984879
477,377,3.0,3.328792
109,377,3.0,3.1834285
58,377,5.0,3.8604224
68,377,5.0,3.0575547
600,377,2.0,3.2423124
373,377,2.0,3.0755448
199,377,2.0,2.798201
313,377,2.0,2.9957376
6,432,5.0,3.2131107
64,432,2.5,2.571053
552,432,1.0,1.7569844
480,432,2.0,2.3552768
608,432,1.5,2.3982842
284,432,3.0,3.291048
182,1273,4.0,3.9576762
318,1273,4.0,3.9595518
387,1273,4.0,3.815548
385,1301,3.0,3.4741302
520,1301,4.0,4.3215895
91,1394,2.0,4.0103607
224,1394,5.0,3.2987833
202,1394,4.0,3.9875221
555,1394,5.0,4.159916
427,1394,5.0,3.9152637
469,1394,5.0,4.521179
525,1394,4.0,3.718027
66,1394,4.5,4.434231
275,1394,5.0,3.9934669
290,2560,3.0,2.6428576
608,2560,3.5,3.4547582
313,2867,5.0,2.599325
603,3067,4.0,2.6824422
42,3120,4.0,1.8353791
469,3529,3.0,3.9632578
448,3690,3.0,1.7218187
274,3863,3.5,3.2011957
307,3863,1.5,2.965455
331,3863,3.0,3.2783554
69,3863,3.0,3.3731441
371,3863,4.0,3.8082974
198,3863,2.0,3.0486727
50,6239,2.5,2.0144234
307,6322,2.0,2.9824505
610,6595,3.5,3.2965167
448,6595,1.5,2.9284422
219,6595,2.5,2.9064689
414,6595,2.5,3.1755133
608,6595,4.0,3.228046
68,6595,4.0,3.3269002
387,7981,4.0,3.3994076
187,7981,4.0,3.1360064
580,33004,4.0,3.5504885
489,33004,3.5,2.9640136
381,33004,2.0,3.6040504
520,33004,4.0,3.5949576
331,33004,4.0,3.7047453
63,33004,3.5,3.2044616
21,33004,4.5,3.0206516
525,33004,4.0,3.2520163
89,33004,3.0,2.380133
232,33669,2.0,3.4837317
478,33669,1.5,2.7925775
177,49649,1.0,2.8411899
381,49649,2.5,2.4137437
380,49649,3.0,2.353974
448,49649,1.0,2.1567402
480,49649,2.5,1.9730947
509,50796,2.0,1.6452175
599,98809,2.5,2.810735
419,98809,5.0,3.0225472
489,98809,4.0,3.4354656
318,98809,4.0,3.3280191
610,98809,3.5,3.6843126
380,98809,5.0,3.3861957
408,98809,4.0,3.976744
352,98809,5.0,3.6000903
573,98809,5.0,3.769005
111,102481,4.5,3.1903045
73,102481,4.0,3.1655536
119,102481,4.0,3.8908694
483,102481,4.0,2.8353689
89,102481,4.0,3.4146013
305,136020,3.0,3.6498313
610,136020,3.5,3.0211098
551,136020,4.5,3.9983332
599,57,2.5,2.1404138
43,57,5.0,3.3210735
513,920,5.0,4.0483437
27,920,4.0,3.5778768
606,920,4.0,3.9264197
599,920,3.0,2.6619694
607,920,2.0,3.606835
489,920,4.0,3.2180326
100,920,4.0,3.6596417
68,920,5.0,2.5618198
525,920,3.5,3.3246686
116,920,1.0,2.69622
357,920,5.0,3.7386522
596,2384,3.0,1.9534079
177,2384,2.5,2.4998007
359,2384,3.5,2.9302807
217,2384,4.0,2.9872012
567,2384,2.0,1.3121243
64,3489,3.0,3.4054463
381,3489,4.0,3.6328073
477,3489,3.5,3.449059
226,3489,3.0,3.3168
21,3489,3.5,3.2900658
141,3489,4.0,3.3544528
561,3489,3.0,3.158053
605,3489,3.5,3.6255207
104,3489,3.5,3.507955
517,3489,2.5,1.8320997
465,3699,4.0,3.6170266
234,3699,4.0,3.153315
265,3699,4.0,2.704701
294,3699,1.0,2.2679362
514,5246,1.5,2.4938672
414,5553,4.0,2.8261168
474,6002,3.5,2.214353
414,6002,3.5,2.3385415
91,7028,4.0,4.462018
510,7028,2.5,3.7728395
289,7028,4.0,3.965632
199,7028,4.0,4.167526
66,7028,2.5,4.701269
246,7669,5.0,3.4652007
509,7669,4.0,3.1038094
357,7669,5.0,3.3812318
590,7980,4.0,3.493925
414,7980,4.0,3.6168833
111,8807,4.5,3.595115
177,8807,2.0,3.5733175
484,8807,4.0,3.6724436
509,8807,3.0,3.215962
480,8807,0.5,3.311468
298,8807,1.0,2.4138587
76,8957,5.0,2.7190988
212,8957,2.5,3.0134852
292,8957,2.0,3.0647745
448,8957,2.5,3.333928
334,8957,0.5,2.8168793
213,8957,3.0,3.78711
448,33830,2.0,3.2108474
474,36517,4.0,3.2937567
381,36517,4.5,3.5081735
414,36517,4.0,3.280452
249,62849,4.0,4.0631585
318,70984,3.5,2.617503
139,76093,2.0,2.5777683
292,76093,4.0,3.9180424
258,76093,4.5,4.003567
189,76093,4.0,3.8631768
509,76093,4.5,3.7555053
125,76093,4.0,3.2937195
21,76093,3.5,3.9086401
534,76093,3.5,4.3403397
298,76093,3.0,2.661291
525,76093,4.0,3.8661952
522,76093,3.5,3.6957421
599,91630,3.0,2.9022455
582,91630,4.0,3.7331138
534,91630,4.5,3.1888094
68,91630,3.0,3.4620733
317,91630,4.0,3.6551366
573,91630,4.5,4.139921
448,92264,1.0,1.5722233
111,149354,4.0,2.382251
516,647,3.0,3.4703252
602,647,3.0,3.5579515
202,647,4.0,3.5409281
217,647,3.0,3.2687128
244,647,1.0,3.7965274
288,647,3.0,3.1596775
414,647,3.0,3.1294575
140,1615,3.0,3.292739
593,1968,1.5,3.1883469
103,1968,4.0,4.260128
91,1968,3.0,3.329596
330,1968,5.0,3.7320223
230,1968,2.5,2.7726858
346,1968,4.0,3.2285664
599,1968,3.5,3.0549157
224,1968,5.0,4.556499
519,1968,3.0,4.7597814
47,1968,2.5,2.9803104
274,1968,4.0,3.649219
328,1968,2.5,2.9636378
479,1968,5.0,3.7314956
452,1968,5.0,4.7787423
425,1968,3.5,3.6424072
484,1968,4.0,4.4175596
4,1968,4.0,3.492153
166,1968,2.5,4.1351023
356,1968,3.5,4.1612415
226,1968,4.0,3.974867
195,1968,3.0,3.7337737
287,1968,4.5,2.7281613
608,1968,4.0,3.3511558
200,1968,4.0,4.3273854
68,1968,3.0,3.5777454
422,1968,2.0,3.7555654
57,2405,2.0,2.9079938
489,2405,3.0,2.8591647
24,2405,2.5,3.0476315
414,2405,3.0,2.9744344
68,2405,3.5,2.9010727
406,2694,3.5,3.6838117
236,2694,2.0,4.2202706
111,2694,3.0,2.7077675
274,2694,3.5,3.2675238
479,2694,3.0,2.609106
590,2694,1.5,2.6120076
583,2694,3.5,2.862013
453,2694,3.0,2.961103
361,2694,3.5,3.0408573
249,2694,3.5,3.4619975
591,2694,4.0,2.6849701
477,2694,4.0,3.36547
226,2694,3.5,3.2186038
298,2694,2.5,1.7067881
599,3871,3.5,3.0506024
590,3871,4.5,3.7453098
274,4544,3.5,2.754504
489,5541,2.5,2.627039
474,6197,3.5,2.7376494
599,6308,2.0,2.3583608
474,6308,2.0,2.7996595
288,6959,2.5,2.1127968
610,6978,4.0,2.9744797
232,33162,4.0,3.4004369
139,33162,1.5,1.7833467
7,33162,3.5,3.2627482
62,33162,4.0,4.106678
561,33162,3.0,3.1509736
307,53550,4.0,1.999887
212,69844,3.5,3.5107276
247,69844,5.0,3.3430686
490,69844,3.0,3.0936058
68,69844,4.0,3.6662068
466,69844,4.5,3.842193
605,69844,4.5,3.4800315
475,69844,5.0,4.43618
517,69844,3.0,2.5106463
381,72733,4.0,3.402398
339,89904,4.5,4.1339107
448,89904,4.0,2.777658
153,89904,5.0,3.8639557
599,99532,3.0,0.8793534
65,116797,4.5,3.4615688
210,116797,5.0,4.0897694
227,116797,4.5,3.8769453
247,116797,4.0,3.8596964
418,116797,4.5,3.390446
25,116797,5.0,4.7090135
62,116797,4.5,4.031922
378,116797,4.0,3.7319038
105,116797,4.0,4.0602965
525,116797,4.0,3.6071277
18,116797,4.5,3.8005834
382,152079,3.5,0.3281084
380,171763,4.0,4.538754
414,171763,5.0,4.5900316
580,292,3.0,3.048062
368,292,4.0,2.7247746
602,292,3.0,3.1044295
330,292,3.0,2.7986465
122,292,4.0,3.7502146
599,292,3.0,2.2780452
6,292,4.0,3.788867
470,292,5.0,3.4538763
94,292,3.0,3.1026943
419,292,4.5,3.2906446
607,292,4.0,3.7532618
43,292,5.0,4.6482935
112,292,4.0,2.995713
486,292,4.0,3.8214793
381,292,3.0,3.1201234
176,292,3.0,4.138955
446,292,3.0,2.8981857
434,292,3.0,2.649809
438,292,3.5,3.5352244
404,292,3.0,3.3192453
240,292,5.0,4.3630743
411,292,3.0,3.1586468
469,292,3.0,2.7383392
608,292,2.5,2.9898734
58,292,4.0,3.5521693
525,292,3.5,2.986302
317,292,4.0,2.9018722
379,292,4.0,3.077548
42,292,3.0,3.190387
468,292,4.0,3.3578782
132,306,3.0,3.5940611
182,306,4.5,4.4870634
96,306,1.0,4.2544765
177,339,4.0,2.882613
6,339,4.0,3.8432174
54,339,3.0,2.5677943
455,339,3.0,3.4486623
262,339,2.0,2.9101207
35,339,5.0,3.2286878
555,339,3.0,3.5434306
130,339,4.0,3.172996
446,339,3.0,2.9562867
136,339,4.0,3.5585296
404,339,3.0,3.2244983
181,339,4.0,3.3628964
288,339,3.0,2.7889273
414,339,3.0,2.8880203
334,339,3.5,2.987412
574,339,4.0,3.8603497
33,339,5.0,3.0879958
600,339,2.5,3.0531178
483,339,2.0,2.899273
328,919,3.0,3.486957
64,919,4.0,3.999273
227,919,4.0,3.5879376
309,919,4.5,3.552777
607,919,5.0,3.9864817
563,919,4.0,3.6011808
531,919,3.0,4.5132446
462,919,4.0,2.799674
202,919,4.0,4.223266
610,919,3.5,3.763369
290,919,5.0,4.3558817
307,919,5.0,2.6264298
380,919,3.0,3.3983922
514,919,4.5,3.8308074
234,919,4.0,3.9598522
288,919,3.5,3.6953673
469,919,4.0,3.5831258
414,919,4.0,3.734692
186,919,5.0,4.191113
282,919,5.0,4.115994
605,919,2.0,3.3434691
483,919,1.0,3.4752638
76,923,1.5,3.9152703
577,923,3.0,3.829202
91,923,4.0,3.730198
1,923,5.0,4.752515
182,923,3.5,4.113571
16,923,3.5,3.8928018
570,923,2.5,3.4738662
430,923,5.0,4.33927
554,923,2.0,3.7312064
484,923,4.5,3.7190073
489,923,3.5,3.4707434
552,923,4.5,4.326833
610,923,4.0,4.4305515
307,923,4.0,3.0701864
23,923,4.0,3.693116
84,923,4.0,4.2281604
247,923,4.0,3.9116278
391,923,5.0,4.5039225
267,923,2.0,3.9390488
288,923,3.5,4.086504
477,923,4.0,4.3211403
275,923,5.0,4.485834
469,944,4.0,3.5308454
304,944,4.0,4.158724
599,1355,3.0,1.3090457
28,1517,2.5,2.7337737
132,1517,3.0,2.8334236
363,1517,4.0,3.2101686
274,1517,4.0,3.546258
182,1517,2.0,3.2818964
474,1517,3.5,3.3004231
415,1517,3.5,3.6619084
554,1517,2.0,3.2163556
220,1517,3.5,3.7919004
495,1517,5.0,3.6282415
45,1517,5.0,4.0040617
249,1517,4.0,3.8161387
141,1517,3.0,3.3315463
303,1517,3.0,3.758007
600,1517,3.0,3.0956695
135,1517,5.0,3.8852506
294,1517,1.0,3.002881
606,2177,3.5,2.0537953
474,2177,3.0,1.8895152
45,3269,3.0,3.3960998
469,3269,3.0,2.539697
561,3269,3.0,2.6697347
587,3388,3.0,2.9855995
555,3649,2.0,3.6103892
22,3996,4.5,2.6186693
330,3996,4.5,3.818935
182,3996,4.5,3.5839381
139,3996,2.0,2.6634214
339,3996,3.0,3.7752373
560,3996,4.0,3.626812
257,3996,4.5,3.7519577
309,3996,4.0,3.4647593
489,3996,4.0,3.5107002
462,3996,3.5,3.5379071
4,3996,4.0,3.6736264
428,3996,4.0,2.724676
391,3996,5.0,3.1895468
459,3996,5.0,3.5628915
509,3996,3.5,3.4194126
267,3996,5.0,4.525711
408,3996,3.5,4.356451
334,3996,3.5,3.4027665
105,3996,4.0,3.7709043
298,3996,3.0,2.5808773
116,3996,2.5,3.5543456
600,3996,2.0,2.7683663
74,3996,5.0,3.6071916
138,3996,5.0,4.4527307
517,3996,0.5,3.180971
474,4356,3.0,3.8267097
489,4356,4.0,4.174164
222,5507,2.5,2.178346
274,5507,2.5,2.304102
263,5507,4.0,2.2938375
381,5507,3.5,2.3765554
82,5507,3.5,3.0004463
219,5507,2.0,2.3898292
68,5507,3.0,2.7433412
474,7301,3.5,3.249391
298,54745,3.0,2.4134052
103,68157,5.0,4.3297024
222,68157,4.5,3.5429206
209,68157,5.0,4.4745173
233,68157,3.5,3.3875601
246,68157,5.0,4.6536922
328,68157,4.5,3.39956
419,68157,3.5,4.0995073
41,68157,4.0,3.2724738
610,68157,5.0,4.4779973
326,68157,4.0,3.8511257
241,68157,4.5,3.7163024
448,68157,3.5,3.6601503
249,68157,5.0,4.266047
352,68157,5.0,4.4956656
414,68157,4.0,4.1367307
68,68157,4.5,3.5463715
424,68157,4.5,3.799263
123,68157,4.0,4.078748
119,68157,4.0,4.2631493
405,68157,3.5,4.1933074
210,84772,4.0,4.0455127
610,84772,3.5,2.7437928
514,84772,3.5,2.811917
50,89774,2.5,2.568426
68,89774,3.0,3.4879122
2,89774,5.0,3.4125893
560,90376,3.5,3.3062592
298,90376,3.5,2.6012692
380,90603,5.0,3.3107219
483,103235,4.5,3.571722
414,54,1.0,2.0561366
271,969,4.0,3.680797
217,969,4.0,2.740373
290,969,5.0,4.229124
414,969,4.0,3.6927924
232,1028,3.5,3.621828
20,1028,4.5,4.858615
57,1028,4.0,3.941516
117,1028,4.0,3.808185
387,1028,2.5,3.475353
381,1028,4.5,4.1000576
84,1028,4.0,3.9837723
448,1028,5.0,3.4315782
234,1028,4.0,3.8172715
10,1028,0.5,3.5600467
216,1028,4.0,3.4593291
288,1028,4.0,3.8687837
160,1028,4.0,3.7040784
156,1028,3.0,3.6027758
68,1028,2.5,3.4281926
201,1028,4.0,4.598895
93,1499,4.0,2.5901895
217,1499,2.0,1.6573219
51,1499,0.5,1.7084821
288,1499,3.0,1.2840769
608,1499,3.0,1.9601983
601,1917,4.0,3.343605
330,1917,3.0,2.711536
474,1917,1.5,2.653837
292,1917,3.0,3.4706872
590,1917,2.5,2.5282536
61,1917,3.0,2.9761689
318,1917,3.5,3.127571
381,1917,3.0,3.2285228
217,1917,3.0,3.0153754
307,1917,2.5,2.2540705
449,1917,1.5,1.5006456
495,1917,5.0,3.6633496
555,1917,3.0,3.628032
543,1917,5.0,4.947301
509,1917,3.0,2.672195
219,1917,3.0,2.2725525
66,1917,3.0,3.3338091
605,1917,3.0,3.227346
606,2232,4.0,3.8414001
599,2232,2.0,3.0686913
432,2232,4.0,3.4368393
57,2232,1.0,3.6428742
19,2232,3.0,3.0269558
380,2232,2.5,4.043042
391,2232,4.0,3.663485
608,2232,4.0,3.0505633
409,2779,3.0,3.8253841
217,2779,3.0,2.628098
469,2779,4.0,3.2685456
168,3730,4.5,4.238449
415,3730,4.0,4.096011
290,3730,5.0,4.2013097
50,3730,4.0,3.0590873
469,3730,5.0,4.1401973
275,3730,5.0,3.905578
410,3730,5.0,3.961837
368,3810,3.0,2.1757748
599,3827,2.0,2.2751904
139,3827,3.5,2.0666583
414,3858,3.0,3.1267457
177,3969,5.0,3.4622736
274,3969,3.5,2.5810747
139,3969,0.5,1.9922304
331,3969,5.0,3.7578082
62,3969,4.5,4.191758
426,3969,2.5,3.1074605
105,3969,4.5,3.6192074
525,3969,2.5,3.3204646
599,4928,2.5,3.260333
190,5225,5.0,3.968405
462,5225,3.0,3.3885272
453,5225,4.0,3.8325799
312,5225,5.0,4.294909
356,5225,4.5,3.9765048
414,6216,4.0,3.043776
606,7090,4.5,3.7751904
132,7090,3.0,3.2752404
438,7090,5.0,4.3181515
166,7090,4.5,4.3459005
221,7090,3.5,3.9913096
414,7090,4.0,3.9733105
254,7090,4.5,3.879435
483,7090,5.0,3.6879325
448,7101,3.0,2.6292272
274,26492,4.0,3.0152323
514,26492,2.0,2.9821327
474,49647,4.0,2.8509588
491,64969,5.0,3.812129
560,64969,2.5,3.614402
41,64969,3.0,3.2601662
249,64969,4.0,3.9819124
352,64969,3.0,3.9541206
213,64969,4.5,3.9881165
562,64969,4.0,4.065619
111,74458,3.5,2.9412339
177,74458,5.0,3.2045822
279,74458,4.0,3.892572
461,74458,4.0,2.5611854
326,74458,4.5,4.253184
514,74458,4.0,3.1603742
585,74458,5.0,4.014541
448,74458,4.0,3.421775
459,74458,4.5,4.598139
418,74458,4.0,3.8650177
73,74458,4.5,4.2480063
341,74458,5.0,3.6069005
334,74458,2.5,3.1238844
424,74458,5.0,3.786522
318,85736,4.0,4.2740126
148,115617,3.5,3.1393366
319,115617,4.5,4.4195256
111,115617,3.0,3.3053477
112,115617,3.5,3.6742752
514,115617,4.0,3.604387
63,115617,5.0,3.9292932
323,115617,3.5,3.216286
352,115617,4.5,3.9200273
123,115617,3.5,3.8141117
248,115617,3.5,3.1339147
414,491,4.0,2.42835
599,634,1.0,1.0723734
456,634,3.0,2.1566193
414,1191,3.0,2.986794
42,1191,4.0,2.803378
555,1665,3.0,2.7889843
380,1665,4.0,3.321632
477,1665,4.0,3.1835973
606,2245,4.0,3.482297
599,2245,2.5,2.5004818
268,2245,2.0,2.7188234
552,2245,3.0,2.9851909
217,2245,2.0,2.7661908
410,2245,2.0,3.5037396
596,2485,2.5,2.711664
473,2485,2.5,2.3585002
182,2485,2.5,2.01192
484,2485,3.0,3.8572836
599,2613,2.0,2.3032556
577,2640,4.0,3.7307515
570,2640,3.0,3.357324
531,2640,3.0,3.3921394
387,2640,1.0,3.110945
480,2640,2.5,3.359904
265,2640,4.0,3.6487114
534,2640,4.0,3.7247643
303,2640,5.0,3.7407537
561,2640,4.0,3.6524158
169,3534,4.5,4.0382366
448,3534,2.0,2.7053027
45,3534,4.0,3.5083964
68,3534,2.5,2.958684
186,3534,4.0,3.8058562
420,3534,3.0,3.390262
483,3534,2.5,3.2327268
274,3726,3.5,2.9621599
610,3726,4.5,3.3021884
448,3833,1.0,1.6833011
339,3967,3.5,3.8525171
453,3967,5.0,4.708853
599,4125,0.5,0.724326
313,5039,4.0,3.5713239
169,5103,4.0,4.330575
292,5103,4.0,3.489337
484,5103,4.0,4.4697375
477,5103,3.5,3.3584425
414,5466,3.0,4.298696
425,6323,4.0,3.6739655
477,6323,4.0,3.7682054
68,6323,2.5,3.4267807
424,6323,4.5,3.8602486
562,6323,4.5,4.039348
474,6370,2.5,3.885503
387,7362,3.0,3.08596
606,8848,4.0,1.8469174
387,33164,2.0,1.763753
380,33164,3.0,1.8815113
599,45880,3.0,2.7499168
567,45880,3.0,1.5356405
346,46578,4.0,3.4611783
132,46578,4.0,3.4255822
64,46578,4.5,4.021886
489,46578,4.0,4.017639
73,46578,4.0,4.1360965
414,46578,4.5,3.9970036
534,46578,2.5,4.1530347
105,46578,3.0,4.3206058
110,46578,3.5,3.798223
561,46578,3.5,3.6340425
281,46578,4.5,4.1064253
89,46578,4.0,2.105754
517,46578,1.0,1.8288423
177,67788,3.0,3.328958
599,161582,3.5,3.2335808
567,161582,0.5,2.7013123
103,168250,3.0,3.6273427
98,168250,4.5,3.090841
184,168250,4.5,3.978982
246,235,4.0,3.8457148
599,235,3.5,3.02578
305,235,4.5,3.7271185
325,235,5.0,3.9244738
474,235,4.0,3.7761204
19,235,4.0,2.912821
197,235,3.0,3.696065
462,235,2.5,3.438486
35,235,4.0,4.1175914
100,235,1.0,3.311409
520,235,3.5,3.5733504
84,235,3.0,3.7234645
524,235,4.0,3.4487162
589,235,4.0,3.8866417
156,235,4.0,3.8479657
411,235,3.0,2.7966332
260,235,4.0,3.7081318
275,235,5.0,3.9658525
600,1551,1.5,1.8574722
600,1701,4.0,3.198709
368,2412,2.0,1.7344866
590,2412,1.5,1.7642637
217,2412,1.0,1.9203107
448,2412,2.0,2.016005
469,2412,1.0,1.8865833
414,2412,2.0,2.4932356
600,2412,3.0,1.7970399
448,3034,4.0,2.9621027
50,3034,3.0,2.2959633
249,3034,4.0,3.7551045
288,3034,3.0,3.268839
156,3473,5.0,4.0231786
606,4226,4.0,4.2285705
103,4226,5.0,4.602002
232,4226,5.0,3.8091109
599,4226,4.5,3.5298643
325,4226,4.0,4.256862
348,4226,5.0,4.909123
86,4226,4.5,3.961605
279,4226,3.0,3.9458804
327,4226,4.5,3.7227077
127,4226,2.0,4.227232
263,4226,5.0,4.2899384
381,4226,4.5,3.8470953
129,4226,3.0,4.3423753
166,4226,5.0,4.481282
480,4226,4.0,3.7374136
219,4226,5.0,4.175519
390,4226,4.5,4.4414062
376,4226,5.0,4.1464663
370,4226,3.5,3.705884
567,4226,3.5,2.9204967
573,4226,5.0,4.4433866
18,4226,4.5,4.2667804
74,4226,4.0,4.371103
187,4226,4.0,4.25567
4,4765,5.0,3.0258472
108,4976,5.0,3.149128
432,4976,3.5,2.1158068
288,4976,4.0,2.7084074
599,5096,1.0,0.8459102
448,7102,2.5,2.403825
606,30850,3.0,3.872728
334,30850,3.5,3.5029366
111,45501,3.5,1.9224479
599,68945,4.5,2.3940544
296,79132,5.0,4.000312
362,79132,4.0,4.441218
103,79132,4.5,4.234368
305,79132,5.0,4.0215797
274,79132,5.0,3.7235196
16,79132,3.0,3.5236883
154,79132,5.0,4.605139
425,79132,4.5,3.8344293
398,79132,3.0,3.7004666
49,79132,4.5,4.147513
247,79132,4.0,3.8672385
443,79132,1.0,4.1791115
448,79132,4.0,3.561535
509,79132,3.5,3.5517817
249,79132,5.0,4.390224
351,79132,4.0,3.9309592
525,79132,4.0,3.728933
561,79132,3.5,3.6913588
573,79132,5.0,4.587181
30,79132,5.0,4.688012
184,79132,4.5,4.1746206
252,79132,3.5,4.2455225
111,79592,3.0,2.8735378
564,79592,4.0,3.2177765
414,79592,4.0,2.760994
332,87192,2.5,3.2355936
599,87192,3.0,3.2039175
212,87192,4.0,3.7089005
103,88125,2.0,3.6451423
177,88125,5.0,4.0096936
291,88125,5.0,5.037423
328,88125,4.0,3.314616
489,88125,3.5,3.7404563
318,88125,4.0,3.6878948
380,88125,4.0,4.2618184
490,88125,3.5,3.3106177
551,88125,4.0,3.4498787
517,88125,3.5,2.283939
448,88356,2.0,1.7824988
382,88356,2.0,2.852796
152,89492,4.0,3.5220866
408,89492,5.0,4.267956
89,93006,4.5,2.5717869
18,96655,4.0,2.7483041
89,96655,2.5,1.977258
448,108729,2.0,3.1852317
249,117590,4.0,3.7199943
492,840,3.0,4.188466
372,1029,2.0,3.2686172
232,1029,2.0,3.1478972
20,1029,4.5,3.728275
64,1029,4.0,3.3683677
68,1029,2.5,2.9572015
1,1032,5.0,4.1351123
328,1032,3.0,3.0616097
579,1032,3.0,3.5168695
590,1032,4.0,3.351109
17,1032,4.5,3.7671053
307,1032,4.0,2.6972594
288,1032,4.0,3.3359675
160,1032,3.0,3.4837217
68,1032,2.5,2.8177688
605,1032,1.0,2.8806438
483,1032,4.0,3.6217775
277,1167,3.0,3.1509633
405,1464,4.0,3.2048712
140,1518,4.0,2.8548841
217,1518,3.0,2.5307612
236,2447,5.0,3.4014874
527,2477,5.0,2.550402
294,2477,2.0,1.7553427
368,2535,3.0,1.9341125
28,3683,2.5,2.868535
244,3683,3.0,3.7580996
391,3683,5.0,3.6736124
28,3702,3.5,2.6279058
599,3702,3.5,2.881473
465,3702,4.0,3.762185
160,3702,1.5,3.2488132
469,3702,3.0,3.569318
221,3702,3.5,3.6603374
303,3702,5.0,3.1878467
79,3702,3.0,3.776217
313,3702,4.0,4.0054674
108,4024,1.0,2.6242735
603,4024,3.0,1.9668546
596,4027,3.5,3.847611
103,4027,5.0,4.295587
140,4027,2.0,3.7458344
132,4027,1.5,3.4477408
603,4027,3.0,3.2542772
139,4027,3.0,2.453261
415,4027,4.0,4.1748314
590,4027,4.0,3.84867
462,4027,2.5,3.2842245
4,4027,3.0,3.4364424
63,4027,1.0,3.8914967
288,4027,5.0,3.8033776
24,4027,4.0,3.9718564
221,4027,4.0,4.223933
334,4027,4.0,3.602628
426,4027,2.0,3.8324864
105,4027,0.5,4.174854
600,4027,4.0,3.2474053
199,4027,4.0,3.673054
410,4027,5.0,4.0125346
393,4027,4.0,4.1995153
9,5890,4.0,3.4462132
580,5954,4.0,3.593928
233,5954,4.0,3.25896
64,5954,4.5,4.006495
484,5954,4.0,3.3705573
610,5954,5.0,4.1313868
288,5954,3.0,3.542866
187,5954,3.5,3.801518
414,7161,2.0,1.8124073
600,7161,1.0,0.85274345
221,8044,4.5,3.4694586
62,27660,4.5,3.890985
346,31923,4.0,3.3370702
534,65685,4.0,3.7674658
458,48,3.0,3.5583572
232,48,2.5,2.7405043
177,48,3.0,3.3193526
429,48,4.0,4.035219
64,48,3.0,2.7329447
117,48,3.0,3.1532402
43,48,5.0,4.293823
262,48,1.0,2.1197174
318,48,3.5,2.655205
381,48,3.0,3.463914
234,48,5.0,3.1707382
525,48,3.0,3.0200348
144,48,4.5,3.0760732
483,48,3.0,2.9445138
401,48,2.0,3.04691
385,266,2.0,2.989649
353,266,3.0,3.2798753
474,266,2.0,2.938779
64,266,5.0,3.4964793
61,266,4.0,3.437862
307,266,3.5,2.525307
38,266,1.0,3.0901163
109,266,3.0,3.2255464
68,266,4.0,2.5878513
541,544,3.0,2.2738264
182,1835,3.0,2.9138258
477,1835,4.5,3.3338306
42,1835,4.0,3.5350823
606,2203,4.0,3.954161
474,2203,4.0,3.7047887
19,2203,3.0,3.2701735
4,2203,4.0,3.3045993
599,2375,2.0,2.3881524
462,2375,0.5,1.8669381
477,2375,4.0,3.3518662
414,2375,3.0,3.0680761
608,2375,2.5,2.7492213
294,2375,1.0,2.379078
414,2458,3.0,3.103538
177,3364,3.5,3.1763914
489,4508,4.5,3.2489128
28,5010,4.5,3.3231354
103,5010,4.0,4.168822
419,5010,4.0,3.9220643
590,5010,3.5,3.345535
326,5010,3.0,3.978213
522,5010,3.5,3.836769
466,5010,3.5,3.7833064
551,5010,4.0,3.690578
68,6193,3.5,3.5286107
474,6252,3.0,1.9925389
210,6541,4.0,3.8240964
610,6541,1.5,2.6425235
63,6541,1.0,2.5405152
599,7108,3.0,2.5215926
52,52973,4.5,4.479438
212,52973,3.0,3.6057334
560,52973,2.5,3.7348266
318,52973,3.5,3.8747401
564,52973,3.0,3.5382905
509,52973,2.5,3.4478767
141,52973,3.0,3.6512396
200,52973,4.0,4.1803827
525,52973,3.5,3.7089906
561,52973,2.5,3.5165687
506,52973,3.5,3.2543144
282,52973,4.0,4.1984043
298,68793,0.5,1.6741667
210,70286,4.0,3.7837744
232,70286,3.5,3.4975855
258,70286,4.5,4.5141606
590,70286,4.0,3.3614013
495,70286,5.0,4.205599
213,70286,4.0,4.0788355
83,70286,3.5,3.7173305
561,70286,3.5,3.7763867
119,70286,4.5,4.1741843
18,70286,3.5,3.8156946
448,94478,2.0,1.7887328
380,96432,4.0,3.9229426
610,101112,3.0,3.3829465
111,5,3.5,1.9425061
43,5,5.0,4.1383467
269,5,3.0,3.1845837
489,5,2.0,2.2154927
448,5,3.0,2.4320486
389,5,4.0,3.7345202
45,5,3.0,3.04247
58,5,4.0,3.3651319
147,5,4.5,2.4665732
600,5,2.5,2.404409
276,5,3.0,3.6053658
66,5,4.0,2.7836225
588,163,3.0,3.189081
602,163,3.0,3.1171064
182,163,3.5,3.1671793
263,163,4.0,3.2940302
238,163,4.0,3.20505
171,163,5.0,4.3444967
194,163,3.0,3.616933
239,163,4.5,3.7907174
121,163,4.0,3.1222718
414,163,4.0,3.8220234
573,163,5.0,4.3005967
313,163,3.0,3.7333643
144,163,4.0,3.2703605
414,191,2.0,2.5821133
115,1407,5.0,3.1100225
372,1407,3.0,3.6483996
225,1407,4.0,4.1977143
132,1407,2.0,2.184095
603,1407,5.0,3.2314835
274,1407,3.0,3.3984427
264,1407,3.5,3.4591255
312,1407,3.0,3.0263119
226,1407,4.0,3.4826236
492,1407,5.0,4.320457
483,1407,2.5,2.8223667
481,1711,2.0,3.1353452
593,1711,3.0,3.0422218
599,1711,3.5,2.2485228
288,1711,2.0,3.2010288
156,1711,3.0,2.9497056
221,1711,5.0,3.4636579
294,1711,2.0,1.5824404
580,2985,3.5,2.813751
597,2985,4.0,3.904157
596,2985,3.0,3.1877897
27,2985,1.0,2.5116165
91,2985,4.5,3.2440195
599,2985,4.0,2.7455306
305,2985,5.0,3.7409966
274,2985,3.5,3.0295
57,2985,3.0,3.4731145
607,2985,3.0,2.830988
387,2985,3.0,3.131166
594,2985,4.5,3.452915
380,2985,5.0,3.6385999
514,2985,4.0,3.1704204
448,2985,4.5,3.0611565
234,2985,4.0,2.858118
226,2985,3.5,3.3681927
608,2985,2.0,2.812259
354,2985,4.5,3.0911162
573,2985,4.5,3.4005713
91,3249,3.0,2.572007
599,3937,1.5,1.409976
57,3937,2.0,1.8656774
288,3937,3.0,1.7564492
190,6155,3.0,2.8857262
484,6155,3.5,3.9172873
594,6155,5.0,4.1582384
249,6155,3.0,3.4940438
387,6974,3.0,2.9045434
362,8360,4.0,3.6454036
103,8360,3.0,3.9235632
388,8360,5.0,3.749836
182,8360,3.0,3.128075
318,8360,3.0,3.462412
387,8360,3.5,2.7635884
307,8360,3.0,2.6269274
220,8360,5.0,4.1769013
434,8360,2.5,3.0802867
438,8360,5.0,3.8698084
166,8360,4.0,3.896077
239,8360,4.0,3.9228053
167,8360,4.0,3.359087
62,8360,1.0,3.7795944
219,8360,4.0,2.9873574
426,8360,3.5,3.7458968
561,8360,3.0,3.249734
357,8360,3.5,3.8078232
18,8360,3.5,3.549817
483,8360,4.0,3.2983005
509,42734,3.5,3.4874275
483,42734,4.0,3.9494257
401,42734,1.5,3.5708477
274,53121,2.0,2.7279685
381,53121,3.5,2.5743349
21,53121,4.5,2.649805
256,53121,3.5,3.3170023
475,53121,3.5,3.253455
104,53121,3.5,2.6872773
111,63479,4.5,3.3075252
292,73321,3.5,2.968093
448,88785,2.0,2.2999432
483,88785,3.5,2.7905793
47,146656,3.5,1.8144903
462,146656,4.5,2.9445765
365,146656,3.0,2.4351625
19,709,2.0,2.2524884
474,1010,3.0,3.0309856
448,1010,4.0,2.6990867
414,1010,2.0,3.008677
517,1010,3.0,1.7034982
305,1232,5.0,3.892351
298,1232,3.5,2.3505378
12,1357,5.0,3.528153
599,1357,3.0,3.093667
425,1357,4.0,3.5067425
290,1357,4.0,4.2509203
453,1357,5.0,3.9713273
391,1357,4.0,4.2786565
477,1357,4.0,3.4181142
91,2072,2.0,2.3183358
414,2072,3.0,3.4402843
516,2268,3.0,3.919059
599,2268,3.0,2.7998145
305,2268,5.0,4.130131
432,2268,4.5,3.7188852
57,2268,4.0,3.355322
590,2268,4.0,3.4896781
423,2268,4.0,3.6165361
594,2268,4.0,4.890419
290,2268,4.0,3.7178595
219,2268,4.0,3.311289
95,2268,4.0,4.10601
600,2268,3.0,3.2193017
282,2268,4.0,4.199259
483,2268,3.0,3.609679
599,3007,3.5,3.102252
290,3007,4.0,3.619482
600,3007,4.5,2.4317448
479,3552,4.0,3.348026
292,3552,3.5,3.6920197
452,3552,5.0,4.8896604
217,3552,2.0,3.3146477
448,3552,4.5,3.63398
288,3552,3.0,3.1961896
226,3552,3.5,3.9075727
66,3552,4.0,3.9983544
416,3677,4.0,2.403377
474,6710,3.5,3.2397807
387,6710,3.0,3.357214
274,6879,3.5,3.1130557
504,6879,4.0,3.3971415
82,6879,3.5,3.4193437
480,6879,4.0,2.789122
298,6879,2.5,2.4554534
564,7317,4.0,3.6287992
18,7317,3.0,3.197889
599,7757,2.5,2.6887064
51,7757,3.5,2.8483703
483,7757,4.0,3.2307518
610,27722,5.0,4.2607427
462,27912,4.0,3.1879697
221,27912,4.5,2.944457
288,31700,3.5,2.5265954
50,46062,1.0,2.3317156
606,47261,3.0,2.74792
322,60040,0.5,2.9404666
432,60040,4.0,3.2240252
477,60040,4.0,3.4864597
390,60040,3.5,3.2499614
68,60040,3.0,3.0905743
184,60040,2.5,3.3693464
475,60040,4.5,3.935989
63,96610,4.5,3.4997
509,96610,3.0,3.1915092
24,96610,3.0,3.3826375
525,96610,4.0,3.4899251
597,1748,3.0,3.8630157
122,1748,5.0,4.802475
182,1748,4.5,3.9330118
57,1748,3.0,3.5151508
316,1748,3.5,3.6452131
318,1748,4.0,3.996487
428,1748,4.0,3.6501584
160,1748,5.0,3.3885555
219,1748,3.5,3.6956892
371,1748,5.0,4.805603
187,1748,4.0,4.15884
210,2105,2.5,3.1836991
93,2105,5.0,3.7803345
377,2105,4.0,3.7355006
425,2105,3.0,2.9292946
88,2105,3.5,3.6857314
318,2105,4.0,3.2470222
555,2105,4.0,3.1912842
312,2105,3.0,3.574877
249,2105,3.0,3.3877752
288,2105,3.0,3.2176204
203,2105,3.0,3.3871956
313,2105,3.0,2.810739
483,2105,3.5,3.211946
409,2492,4.0,2.1746573
1,2492,4.0,3.0598984
603,2630,4.0,2.374999
432,3150,2.5,2.892218
603,3257,2.0,1.3235799
607,3257,3.0,2.256199
594,3257,5.0,3.862069
256,3257,4.0,3.2278862
606,4506,3.5,2.8359928
599,4506,3.0,2.2122788
249,8340,4.0,3.9690187
346,8507,3.5,2.9629936
474,8507,4.0,2.8317885
387,8507,3.0,2.7565007
448,8614,2.0,2.8777678
232,8912,2.0,1.2174443
78,53972,1.5,2.86929
292,53972,4.0,3.0933554
610,53972,4.0,3.6601336
21,53972,3.0,3.0884407
298,53972,2.5,2.2730036
18,53972,3.0,3.459005
232,67186,3.0,1.6232591
305,73323,5.0,4.313304
425,73323,4.0,3.7893417
305,79251,4.0,0.57644033
321,19,3.0,2.6373105
222,19,3.5,2.4078329
559,19,2.0,2.6281784
347,19,4.0,2.4932282
590,19,2.0,2.3383157
381,19,2.5,2.261706
509,19,4.0,2.5094292
323,19,2.5,2.0373662
376,19,2.0,2.8362544
56,19,5.0,2.8810441
144,19,3.0,2.3826303
448,1856,4.0,3.5520728
20,2085,4.0,3.8182468
590,2085,4.0,3.2975829
217,2085,3.0,3.113755
288,2085,3.0,3.1598208
226,2085,3.0,3.5782425
414,2085,4.0,3.4386811
534,2085,4.0,4.0897284
525,2085,3.5,3.3098953
546,2085,2.0,3.4046366
474,2554,3.5,2.4280727
296,2571,4.5,4.2573566
78,2571,4.5,3.6772559
362,2571,4.5,4.536754
593,2571,2.5,3.315868
211,2571,5.0,4.2740717
368,2571,4.0,3.4891028
115,2571,3.0,4.251834
596,2571,4.0,3.9194696
103,2571,4.0,4.564228
336,2571,5.0,4.8441787
190,2571,3.0,4.155003
232,2571,4.5,3.9984488
233,2571,4.5,3.627126
140,2571,4.0,3.9876246
603,2571,5.0,3.4704018
212,2571,3.0,3.7427227
432,2571,3.5,4.1098814
430,2571,5.0,4.240882
227,2571,4.5,4.3713784
15,2571,4.0,3.6791122
461,2571,0.5,2.4196901
318,2571,3.5,4.277519
202,2571,4.0,4.273946
263,2571,4.0,4.228217
445,2571,5.0,3.8467941
495,2571,5.0,4.2946687
549,2571,5.0,3.8310297
247,2571,3.5,3.9092033
439,2571,5.0,4.271246
391,2571,5.0,3.628442
448,2571,2.0,3.823643
400,2571,5.0,4.6292934
543,2571,5.0,5.150933
477,2571,4.0,4.383935
226,2571,4.0,4.199541
390,2571,4.5,4.191922
528,2571,5.0,3.9812834
195,2571,3.0,4.2059793
256,2571,4.5,4.5721526
490,2571,4.0,3.4888682
382,2571,5.0,4.6998525
200,2571,5.0,4.559433
487,2571,3.0,3.4263525
68,2571,4.5,3.8513055
317,2571,4.0,3.9314923
344,2571,5.0,3.910248
123,2571,4.0,4.2399006
135,2571,5.0,4.19977
119,2571,4.0,4.6707816
131,2571,3.0,3.3597841
573,2571,5.0,4.8457384
483,2571,4.5,4.2126265
122,2761,4.5,4.8069315
177,2761,2.0,3.8797374
305,2761,4.5,4.120269
57,2761,4.0,3.906035
292,2761,5.0,3.7100601
234,2761,5.0,4.4912744
288,2761,4.0,3.808131
29,2761,3.5,3.973774
608,2761,4.5,3.335017
304,2761,4.0,4.2522626
93,2822,4.0,3.430384
527,2822,5.0,2.8208263
474,2844,3.0,1.7449195
496,2950,1.0,2.5427585
577,2950,4.0,2.597244
266,3039,4.0,3.2202256
547,3039,4.0,3.4877548
414,3039,4.0,3.8001938
357,3039,3.5,3.9727852
182,3635,4.0,3.2954688
96,3635,2.0,3.200292
489,3635,3.0,3.7897832
380,3635,5.0,3.8722854
448,3635,4.0,2.8931992
288,3635,3.0,3.5408602
414,3635,3.0,3.4181976
68,3635,4.0,3.6120079
599,3947,3.5,2.4599042
182,4849,4.0,2.9785755
140,5015,4.0,3.246976
64,5015,4.0,3.5156033
312,5015,4.0,3.6190212
288,5015,3.0,3.139123
226,5015,2.5,3.7660546
182,5463,0.5,2.454797
610,5463,2.5,3.2256083
312,5463,4.0,3.0087585
219,5463,1.5,2.8341274
462,7156,4.0,3.2235422
29,7156,4.5,4.353137
317,7156,5.0,3.9528482
50,7396,4.0,3.3040948
298,26903,2.5,2.7653775
600,27563,4.5,2.3709605
610,27604,3.0,3.509577
405,27664,3.5,2.5433917
111,37384,5.0,2.9546936
274,37384,4.0,3.0538845
226,37384,2.5,3.2944593
298,37384,3.0,2.3679523
89,37384,2.5,2.7947543
489,40583,3.0,3.3013945
318,40583,3.5,3.322377
438,40583,4.5,3.4694524
288,40583,4.0,3.3752656
68,44709,4.0,3.0794058
103,59615,2.5,3.0845366
274,59615,3.5,2.1576157
489,59615,0.5,3.4444947
590,59615,3.0,2.898963
610,59615,3.0,3.0948052
307,59615,3.5,2.5060809
213,59615,3.5,2.8427186
83,59615,2.0,2.5984695
483,59615,3.5,2.965668
610,70994,4.5,3.11913
380,70994,1.0,3.4283283
339,170705,5.0,4.350646
50,170705,3.5,2.7587667
91,92,2.0,2.4109313
474,92,3.5,2.5858755
151,92,1.0,3.2980883
86,419,3.5,2.2520921
240,419,3.0,3.56771
411,419,2.0,2.7317884
43,542,4.0,4.4928665
312,542,1.0,2.3728418
181,542,2.0,2.7898176
240,542,5.0,4.240755
477,542,0.5,2.8295875
372,553,4.0,3.4815443
40,553,5.0,4.1539965
64,553,4.0,3.7945561
590,553,4.0,3.4023857
240,553,5.0,4.399722
221,553,3.0,3.7739508
608,553,3.5,3.8102212
566,553,1.0,3.6106267
217,836,3.0,2.5401747
228,836,3.5,3.199923
596,1192,4.5,3.1252685
603,1192,4.0,3.8710942
587,1541,3.0,3.2767897
66,1541,4.0,2.9124885
177,1938,4.0,3.3084495
217,2374,3.0,1.9592191
555,2374,4.0,2.7218406
288,2664,4.0,3.6616838
480,2664,3.0,3.1266983
469,2664,3.0,3.4099543
555,3584,1.0,2.5089605
462,3676,3.5,3.359486
288,3676,3.0,3.606
567,3676,5.0,2.7012892
368,3930,2.0,1.2624369
177,7215,2.5,2.7436173
175,33145,3.5,2.042722
125,33145,3.0,3.0146472
414,34334,2.5,2.191801
28,43936,2.5,2.2588394
111,56775,3.5,2.8733077
305,56775,3.0,3.3478985
292,56775,4.0,3.100573
495,56775,1.5,3.0484896
98,56775,4.0,2.5886045
292,85020,2.5,3.279261
256,127202,4.5,3.4458978
125,135567,2.5,2.171584
298,135567,2.5,1.4477632
436,415,3.0,2.427195
555,415,2.0,2.6612546
451,780,3.0,3.2231958
27,780,3.0,3.5632205
501,780,5.0,3.2550066
44,780,3.0,2.806891
164,780,5.0,4.044494
359,780,3.5,2.912851
340,780,5.0,3.9848294
570,780,3.5,3.2374027
559,780,5.0,3.2805552
96,780,3.0,3.5422435
235,780,5.0,3.169873
419,780,4.5,3.3477874
425,780,3.5,3.2761927
347,780,5.0,3.4273639
486,780,5.0,3.9129286
318,780,4.0,3.2943816
381,780,4.0,3.2556415
555,780,4.0,3.68045
7,780,4.5,2.9207382
244,780,1.0,3.403551
446,780,3.0,2.8274662
434,780,2.5,2.6998558
391,780,1.0,2.3634984
438,780,3.5,3.6728415
467,780,2.0,2.5199513
364,780,5.0,3.833697
335,780,4.5,3.0278096
265,780,4.0,3.5722208
151,780,3.0,3.9440527
592,780,5.0,3.711657
561,780,4.0,2.8791914
116,780,2.5,3.8973124
42,780,2.0,3.167964
337,780,5.0,4.262747
566,780,3.0,3.1562533
201,780,4.0,3.9973834
276,780,5.0,4.5749803
573,780,5.0,3.749226
144,780,2.5,3.3429449
571,1128,2.0,2.0088065
606,1227,4.0,4.0057354
603,1227,4.0,3.730616
84,1227,3.0,4.3338037
469,1227,5.0,4.241996
18,1227,4.5,3.9054031
606,2176,4.0,3.8182118
474,2176,3.5,3.3322666
288,2176,3.5,3.456509
599,2836,2.0,2.5785327
414,2836,5.0,3.2701786
380,3327,4.0,3.8944452
135,3327,4.0,3.3565807
474,4322,3.0,3.589871
66,4322,4.0,4.2678123
307,6249,2.0,1.8440115
263,6299,3.5,3.3279388
599,6581,2.0,2.1695042
605,26152,3.0,2.6683104
307,34143,1.0,1.9259129
414,42730,2.5,3.444923
122,53519,4.5,4.010276
111,53519,3.0,4.0142784
560,53519,4.0,3.1541688
414,53519,3.5,3.5600245
499,53519,3.5,2.4062362
562,53519,3.0,3.4298248
599,74851,2.0,2.0273924
489,87485,3.5,1.4311093
509,87485,2.0,2.7953877
103,89470,4.0,3.5200868
560,89470,3.5,3.241387
318,89470,4.0,3.474703
80,89470,4.0,3.8079407
414,89470,4.0,3.4916704
599,103042,2.5,2.5747545
339,103042,2.5,3.1731956
380,103042,3.0,3.777115
382,103042,4.0,3.614089
462,111360,3.5,2.1331615
249,111360,3.0,2.9741127
610,140247,3.5,2.8937113
584,257,5.0,4.770643
182,1186,4.0,3.9818797
442,1186,1.0,0.8495256
555,1186,3.0,3.5265112
390,1186,1.5,3.9942284
345,1186,3.0,3.602929
595,1186,4.0,4.2859225
27,1250,4.0,3.3560026
474,1250,4.0,4.0981727
572,1250,5.0,5.068843
590,1250,5.0,4.1587334
502,1250,5.0,4.230096
387,1250,4.0,3.6534517
4,1250,5.0,4.2884717
527,1250,3.0,4.1457033
200,1250,4.0,4.025019
83,1250,3.0,3.712698
606,1569,4.0,3.1417186
111,1569,3.5,3.0348282
280,1569,4.0,4.023187
474,1569,4.0,3.1468136
572,1569,4.0,3.1627283
283,1569,2.0,3.5748398
64,1569,2.5,3.3383138
490,1569,2.5,2.2772357
382,1569,3.5,3.7400124
414,1569,4.0,3.0208232
304,1569,3.0,4.17271
68,1569,3.0,3.453811
116,1569,3.5,4.0954814
600,1569,2.5,2.8115149
66,1569,4.5,3.4090185
368,2153,2.0,1.7219541
93,2153,3.0,3.1371603
1,3243,3.0,2.8619552
19,3243,3.0,2.1154091
477,3243,3.0,2.1748662
593,4034,3.5,3.84365
185,4034,5.0,3.8833578
325,4034,4.0,3.8491786
603,4034,4.0,3.7285128
182,4034,3.5,4.021043
430,4034,5.0,3.9674902
64,4034,4.0,4.1301637
425,4034,4.0,3.7523694
286,4034,4.0,4.31789
449,4034,3.5,3.535955
448,4034,3.0,3.489069
216,4034,5.0,3.6706345
414,4034,4.0,3.8043706
369,4034,3.5,3.3158271
198,4034,5.0,4.1327233
344,4034,2.0,3.1598568
199,4034,4.0,3.7471747
211,4262,4.5,4.004623
111,4262,2.0,3.8219295
419,4262,4.5,3.8425388
88,4262,4.5,4.2455235
387,4262,4.5,3.4625146
380,4262,3.0,4.187135
532,4262,4.0,3.8487563
448,4262,4.5,3.5225246
24,4262,4.0,3.7869554
156,4262,3.5,3.6317008
480,4262,3.5,3.8205717
226,4262,4.5,3.926347
221,4262,4.0,3.9062936
369,4262,3.0,3.639827
317,4262,5.0,3.5486383
42,4262,5.0,4.336869
573,4262,5.0,4.3823338
474,4623,2.0,3.691094
200,4623,3.5,3.6438155
351,6379,2.5,2.6640623
477,6584,4.0,2.6913931
600,6584,2.5,1.8898579
438,6617,4.5,3.757445
288,6617,3.5,3.813347
414,6617,3.5,3.620738
274,27839,1.5,1.788675
608,27839,3.5,1.8998452
177,33836,3.0,2.2292295
489,33836,1.5,2.3039925
382,33836,2.0,2.4942062
213,58103,3.5,3.6332424
74,58103,4.0,2.9127517
105,86345,4.5,3.8700166
573,86345,5.0,4.186161
339,91978,4.0,2.8315725
564,104374,4.0,3.7016969
62,104374,4.5,4.5978103
111,122882,4.0,3.8140364
212,122882,3.5,3.8073423
292,122882,2.5,3.301001
41,122882,2.5,1.8268809
318,122882,3.0,3.9377096
380,122882,4.0,4.6283927
50,122882,3.0,2.5455616
382,122882,5.0,3.9153128
414,122882,5.0,3.845352
105,122882,4.0,3.996179
298,122882,3.0,3.5357223
2,122882,5.0,3.6989057
111,167018,4.5,2.704253
57,227,1.0,1.9970694
290,227,3.0,2.3431084
244,227,2.0,2.1609483
136,227,3.0,3.396138
99,227,3.0,3.368527
255,1220,5.0,2.216876
212,1220,4.0,3.31607
96,1220,3.0,3.7940514
554,1220,1.0,4.003251
590,1220,4.0,3.7815847
594,1220,4.0,3.93487
380,1220,5.0,3.9401379
84,1220,3.0,3.6619186
448,1220,3.0,3.5392125
524,1220,3.0,3.6521964
63,1220,5.0,3.7476182
356,1220,5.0,3.986229
24,1220,3.5,3.6539388
219,1220,4.5,3.6082518
298,1220,3.5,2.9683125
499,1220,5.0,3.4738255
79,1220,5.0,4.190046
577,1222,4.0,3.8487124
606,1222,4.0,4.063747
603,1222,3.0,3.842106
182,1222,5.0,3.9065893
474,1222,4.0,3.729007
268,1222,2.0,3.8928533
419,1222,4.5,3.7717628
41,1222,2.0,3.4982736
552,1222,4.0,3.9968743
449,1222,3.0,3.698865
23,1222,5.0,3.5847085
129,1222,4.0,4.259297
239,1222,5.0,4.3176694
160,1222,4.0,3.5978973
156,1222,4.5,4.057954
464,1222,5.0,4.1500354
528,1222,4.0,3.4280627
608,1222,3.0,3.7524161
68,1222,2.5,3.5170686
561,1222,4.5,4.024734
317,1222,3.0,3.7924628
42,1222,5.0,4.2281017
313,1222,5.0,4.1631284
513,1225,5.0,4.1121726
606,1225,4.0,4.4005327
305,1225,5.0,4.1712418
168,1225,4.5,4.72931
572,1225,5.0,4.7646337
328,1225,4.0,3.5736332
570,1225,3.0,3.693821
554,1225,5.0,4.321468
555,1225,4.0,4.370699
526,1225,4.0,4.3834105
469,1225,5.0,4.276897
478,1225,3.5,2.7271369
599,1299,3.0,2.9343507
383,1299,4.0,3.7829084
202,1299,4.0,3.9943547
387,1299,4.0,4.057897
290,1299,4.0,4.295549
156,1299,5.0,4.209055
469,1299,4.0,4.1991625
221,1299,5.0,4.3925824
580,1603,3.0,2.8935673
182,1603,2.5,2.0925786
555,1603,3.0,2.9820514
288,1603,2.0,1.8261956
156,2131,5.0,4.4900446
597,2987,5.0,3.9932258
115,2987,5.0,3.705163
384,2987,4.0,2.9229934
91,2987,4.0,3.3590648
599,2987,3.5,2.9942296
132,2987,3.0,3.020357
1,2987,5.0,4.2385006
474,2987,4.0,3.211008
570,2987,3.0,3.2977426
263,2987,3.0,3.6820707
217,2987,3.0,2.8263164
59,2987,1.0,3.6746082
39,2987,4.0,3.76396
166,2987,3.5,3.7958648
510,2987,3.5,2.8918502
156,2987,3.0,3.297595
219,2987,5.0,3.5025063
558,2987,4.0,4.0376716
608,2987,3.0,3.0823455
534,2987,4.0,3.7576933
260,2987,4.0,3.5071673
525,2987,4.0,3.599379
66,2987,4.0,3.8891077
313,4130,2.0,1.0960468
438,4247,1.5,2.1640291
249,4247,3.0,2.7589936
371,4247,4.0,3.1218486
608,4247,1.0,2.100679
140,4465,3.5,3.4654858
345,4465,3.5,3.6884608
474,4476,2.0,2.870836
307,5610,2.0,1.5371362
148,40629,5.0,3.2153754
606,40629,3.5,3.5356963
246,40629,2.0,3.8557389
474,40629,3.5,3.0050445
414,47970,4.0,3.2568412
274,57640,3.5,3.2976491
298,57640,4.0,2.7724621
28,68237,3.0,2.7647634
122,68237,5.0,4.852703
305,68237,4.0,4.2394724
318,68237,4.5,3.912944
249,68237,4.0,4.0709167
393,68237,5.0,3.0580463
341,87867,3.0,2.6818054
47,96588,1.5,2.756009
583,96588,4.0,3.464855
448,96588,3.0,3.3364584
610,96861,2.0,3.6194382
380,96861,3.0,4.193531
448,96861,1.0,3.1724622
249,96861,3.5,4.3127866
62,96861,3.5,4.2538314
448,109853,2.0,1.3608642
519,140110,4.0,4.5055666
10,140110,5.0,3.2887719
62,140110,4.0,4.196519
298,140110,1.0,1.7870476
298,886,0.5,1.4682124
412,936,5.0,4.1597166
290,1050,4.0,4.1704826
137,1252,4.0,4.2934113
412,1252,5.0,4.572013
285,1252,5.0,4.2177434
603,1252,5.0,4.433024
168,1252,5.0,4.791044
339,1252,4.5,4.639332
590,1252,3.0,4.0438976
462,1252,5.0,3.6811013
23,1252,4.5,3.4469962
465,1252,5.0,4.773401
239,1252,3.5,4.162301
312,1252,5.0,4.500593
424,1252,3.5,3.6163273
405,1252,3.5,4.425668
405,1255,3.0,2.6895463
385,1298,4.0,3.1800365
1,1298,5.0,4.229489
274,1298,3.5,2.9077084
555,1298,3.0,3.7591846
312,1298,4.0,3.785427
282,1298,5.0,4.0271363
368,1375,3.0,2.8003452
295,1375,0.5,2.2848518
452,1375,4.0,4.362661
221,1375,4.0,3.3095646
18,1375,3.5,3.376071
113,1733,4.0,3.7274776
312,1973,3.0,2.056024
474,6367,4.0,2.8278286
438,6367,3.0,3.3327641
369,7247,2.0,3.2890544
307,7319,1.0,1.6998206
387,8870,2.5,2.1825545
580,51935,5.0,4.0016923
305,51935,4.0,4.151718
212,51935,4.0,3.2426965
80,51935,4.5,4.243948
68,51935,3.5,3.5022383
573,51935,4.5,4.047141
610,54648,1.5,2.2038503
408,54648,4.5,3.492064
28,55118,4.0,3.5263839
474,55118,4.0,3.6289413
356,55118,4.5,4.302899
298,55118,2.0,2.8544352
74,55118,5.0,3.9004917
232,71252,2.0,2.3234756
292,87306,4.0,2.9507275
567,87306,1.5,2.670083
522,87306,4.5,3.8486276
610,97643,3.0,2.5144892
279,168252,4.0,3.957142
49,168252,4.5,4.102012
249,168252,5.0,4.472696
119,168252,4.5,4.362803
305,185585,2.5,2.8444047
593,41,4.0,3.3843927
599,41,2.5,3.0759702
470,41,3.0,3.3724957
59,41,5.0,4.3720856
221,154,4.0,4.0890913
474,425,3.5,3.52673
177,904,5.0,3.608216
305,904,4.5,4.159566
603,904,5.0,4.093095
474,904,4.0,4.0366564
309,904,4.0,3.867807
484,904,2.5,3.9391248
590,904,5.0,4.221343
462,904,4.0,3.3338647
610,904,5.0,4.629794
310,904,5.0,4.356398
84,904,4.0,4.5002065
477,904,3.5,4.125524
254,904,4.5,4.2824745
487,904,4.0,3.2685337
260,904,4.0,4.048188
275,904,5.0,4.486811
606,931,5.0,3.5275984
201,931,3.0,4.5635824
547,1189,4.0,3.388953
91,1321,4.5,3.910423
230,1321,3.0,3.0399392
288,1321,2.0,3.410781
160,1321,1.0,2.5630958
480,1321,3.5,3.23845
561,1321,4.0,3.4967844
201,1321,3.0,3.645977
66,1326,0.5,1.4415247
160,1979,3.0,2.2282722
571,1979,3.0,2.2691095
27,2150,5.0,3.4790745
57,2150,4.0,3.511079
527,2150,4.0,3.4750047
288,2150,3.0,3.6523576
68,2150,2.5,2.9344604
79,2150,4.0,4.5336246
367,3341,4.0,4.4787893
603,3341,5.0,3.5204515
474,3341,4.0,4.0124946
1,3440,4.0,2.7995672
428,3440,0.5,1.7536585
160,3440,1.0,2.155249
608,3440,0.5,1.7506492
313,3440,1.0,1.8208966
183,3573,2.0,0.6428362
599,3943,1.5,2.6103745
480,3943,4.0,2.2958891
599,4006,2.5,2.7868211
414,4017,4.0,3.2952342
496,4191,2.5,3.718929
387,5265,3.0,2.5880618
520,5265,4.0,3.4295354
66,5265,4.5,3.5151205
474,5291,4.0,3.2200086
221,5291,4.5,4.3488398
599,5428,0.5,1.2176523
474,7366,3.5,2.3755558
438,7366,4.0,2.917407
462,8620,2.5,0.11287682
305,8985,4.0,3.258977
249,8985,3.0,3.1463656
28,39381,3.5,3.0313933
387,39381,4.0,3.0743916
489,42418,1.0,3.6904578
307,48142,2.0,2.8151035
380,48142,4.0,3.2693617
148,50872,3.0,3.6975617
210,50872,4.0,4.462997
103,50872,4.0,4.220358
230,50872,3.5,3.1491334
111,50872,3.0,3.92413
177,50872,4.0,4.069043
491,50872,4.0,4.53952
220,50872,4.5,4.2914476
543,50872,5.0,5.187979
459,50872,4.0,4.443202
249,50872,4.5,4.345735
288,50872,4.0,3.31723
98,50872,5.0,3.7887557
272,50872,3.5,3.9488888
534,50872,4.0,4.243797
124,50872,4.5,4.147377
252,50872,4.5,4.113159
148,69757,3.5,3.3832445
232,69757,5.0,3.7112167
177,69757,3.5,3.6347177
41,69757,3.5,2.4886642
538,69757,4.5,3.9985528
477,69757,5.0,4.0891047
534,71254,3.5,3.6831012
105,92535,4.5,4.119668
362,104879,4.0,4.3211985
339,104879,4.5,4.1683474
41,104879,5.0,3.2092252
352,104879,5.0,4.2009706
601,122916,3.5,4.2369876
258,122916,3.0,3.2616138
511,122916,4.0,4.1321263
567,122916,3.0,3.3212938
248,122916,3.5,3.9448094
27,455,3.0,2.2523887
177,455,3.0,2.822972
6,455,3.0,2.8949294
428,455,1.0,1.5771279
181,455,3.0,1.9088525
240,455,3.0,3.2424736
608,455,1.0,1.9002017
373,455,2.0,1.7017422
562,455,4.0,2.9769337
517,455,1.5,2.2114067
43,484,5.0,1.132675
368,1035,3.0,3.4262097
385,1035,3.0,3.6417947
103,1035,4.0,3.8704638
330,1035,4.5,3.2885573
232,1035,3.5,3.344777
328,1035,5.0,3.3175094
292,1035,4.0,3.7931964
117,1035,4.0,3.8657079
100,1035,4.0,4.157692
84,1035,5.0,4.0140023
448,1035,4.0,3.5676806
264,1035,5.0,4.005121
527,1035,5.0,3.7000172
288,1035,3.0,3.457499
414,1035,5.0,3.3078094
116,1035,5.0,3.8119376
357,1035,4.5,3.9933515
517,1035,5.0,2.7932749
182,1529,3.5,3.0968213
232,1688,2.0,3.326285
57,1688,3.0,3.2616813
234,1688,3.0,3.7652185
45,1688,4.0,3.959864
304,1688,4.0,3.909035
68,1688,3.0,3.1801422
597,2410,4.0,3.0917132
577,2410,3.0,2.8602643
160,2410,2.0,1.9256057
371,2810,5.0,4.357268
375,3256,5.0,3.92275
368,3256,3.0,3.23491
452,3256,4.0,4.903829
465,3256,4.0,3.8758135
42,3256,4.0,3.716101
606,3285,4.0,3.2550297
603,3285,1.0,2.3358822
182,3285,4.0,3.2366996
41,3285,4.0,2.687621
326,3285,4.0,2.794667
428,3285,2.0,2.5393186
391,3285,1.0,3.4238105
414,3285,3.0,2.9355314
68,3285,2.0,2.8055055
384,4276,1.0,2.509354
474,4902,4.0,2.9995685
594,4902,0.5,2.3190942
610,4902,4.0,3.860955
4,4902,4.0,2.665741
428,5572,3.0,2.0635724
599,33896,2.5,2.604436
187,33896,4.0,3.7087238
177,52245,2.0,3.2768686
448,52245,3.0,2.8249173
298,52245,0.5,1.9693232
68,52245,4.5,3.2434208
232,59022,3.5,3.2786927
298,59022,2.5,2.3411546
610,66943,3.5,2.953951
599,77800,2.5,3.423116
448,119141,3.5,3.5697825
212,119145,4.0,3.8815818
563,119145,4.0,3.7281613
331,119145,3.5,4.2833185
24,119145,4.0,3.761963
408,119145,2.0,4.5097528
125,119145,4.0,3.8778038
341,119145,4.0,3.9926233
68,119145,4.0,3.5053966
448,150401,3.0,2.3033347
606,15,3.5,2.3025892
19,15,2.0,2.716664
136,15,5.0,3.0388327
6,43,4.0,3.1784987
437,43,3.0,3.4441345
580,1136,5.0,3.659163
76,1136,5.0,3.0093765
329,1136,0.5,2.0910244
409,1136,5.0,4.2992034
122,1136,5.0,5.052236
233,1136,3.0,3.7445445
599,1136,4.5,3.4924707
169,1136,5.0,4.608075
462,1136,4.5,3.451057
552,1136,5.0,4.3100624
331,1136,4.5,4.3594155
239,1136,5.0,4.3142953
216,1136,5.0,3.6703742
477,1136,4.5,4.3666244
457,1136,5.0,4.2723556
135,1136,5.0,4.187733
131,1136,3.0,3.7388935
573,1136,4.5,4.4296117
66,1136,5.0,4.5155554
275,1136,5.0,4.265494
420,1136,5.0,4.1895304
483,1136,4.5,4.386761
89,1136,2.5,2.4764228
137,1253,3.5,3.6385474
28,1253,3.5,2.8340309
305,1253,5.0,4.165611
274,1253,4.0,3.5354776
590,1253,5.0,3.5930877
149,1253,5.0,2.7444599
555,2346,3.0,3.7058039
186,2346,4.0,3.544096
332,2420,4.0,3.6315382
177,2420,3.0,3.6454072
328,2420,4.5,3.2276545
438,2420,3.5,3.892495
403,2420,3.5,3.325221
167,2420,3.0,3.5340166
414,2420,4.0,3.6353
68,2420,2.0,3.4604232
561,2420,4.5,3.4616556
600,2420,4.0,2.8114095
368,3638,2.0,2.6934228
590,3638,2.5,2.8832576
448,3638,3.0,2.5437183
160,3638,1.0,2.59003
414,3638,3.0,3.2778163
369,3638,3.0,2.9895515
186,3638,4.0,3.8768704
19,3686,3.0,2.640564
198,3686,3.0,2.4448516
327,4015,5.0,3.2066517
387,4015,3.5,1.7000809
200,4015,4.0,3.3005576
298,4015,2.0,1.1164721
483,4015,4.0,2.6866498
580,4235,4.0,3.434608
178,4235,4.0,4.4302263
432,4235,4.0,3.368663
41,4235,4.0,4.115286
391,4235,2.0,3.8443425
596,4308,3.5,3.5972526
20,4308,3.5,3.8630662
479,4308,5.0,3.2994237
560,4308,4.0,3.6037383
263,4308,4.0,3.8258076
610,4308,2.5,3.9942431
51,4308,0.5,4.136927
129,4308,4.0,3.994955
480,4308,4.0,3.4098175
608,4308,0.5,3.2388906
199,4308,3.5,3.0025976
420,4308,4.5,3.7291007
517,4308,1.0,2.412634
493,4441,5.0,4.0452394
387,4441,3.5,3.712746
599,5171,2.0,2.3036623
132,5171,2.0,2.4222472
169,5171,3.0,3.0275078
380,5171,3.0,3.6149921
249,5171,3.0,3.039464
256,5171,4.5,3.3377228
610,5420,3.0,2.7230282
427,5420,1.5,2.3478284
594,6140,0.5,3.9217737
288,34323,3.5,3.2693439
177,41571,3.5,3.5473714
105,41571,3.5,3.9042802
506,41571,3.0,3.604507
274,45081,3.5,3.1566339
249,68659,3.0,3.0251024
414,68659,3.5,2.4505262
68,68659,4.0,2.5562148
365,68659,2.5,2.5272408
564,80860,3.0,2.469712
68,80860,4.5,2.9387286
177,262,4.0,3.6099982
6,262,5.0,4.0404162
474,262,4.0,3.4550602
240,262,3.0,4.0482025
414,262,4.0,3.6126914
11,511,4.0,1.8171183
309,1946,4.0,3.1431913
599,2691,2.5,2.833285
182,2691,4.5,3.8087397
606,2741,2.0,1.3577291
477,2798,0.5,1.6672884
600,2798,2.5,1.629482
294,3040,5.0,2.1275907
274,3527,4.5,3.6438754
425,3527,3.5,3.4684384
462,3527,1.0,2.8541212
160,3527,4.0,3.3621912
469,3527,3.0,3.3900094
414,3527,4.0,3.7887568
606,3824,3.0,1.2590587
594,3824,4.5,3.2068775
113,3824,2.0,1.578834
42,3824,2.0,1.6032236
19,3835,2.0,1.6314821
414,3835,2.0,1.8810722
232,4638,3.5,3.0621443
274,4638,2.5,2.981522
484,4638,4.0,3.3851132
610,4638,3.0,2.6162958
514,4638,3.0,2.5619106
428,4638,2.0,1.7673637
448,4638,4.0,2.4996786
45,4638,3.0,3.8964987
414,4638,3.0,2.3565714
487,4638,2.0,2.1249208
68,4638,2.0,3.351725
298,5220,0.5,2.1510043
274,6166,2.5,1.623004
590,6166,2.0,1.5544547
471,6333,2.5,3.265931
580,6333,4.5,3.6709135
34,6333,5.0,3.5047865
330,6333,4.0,3.4357376
190,6333,3.0,3.6248536
177,6333,3.5,3.5622122
274,6333,4.0,3.6543498
182,6333,1.5,2.9651027
139,6333,2.5,2.4635425
610,6333,4.0,3.7842078
380,6333,5.0,4.049693
129,6333,4.5,4.0834417
45,6333,5.0,4.5825076
288,6333,3.5,3.4465306
414,6333,4.0,3.6398058
105,6333,4.0,4.0186396
365,6333,3.0,3.1582656
182,6335,4.5,3.1175418
274,6659,4.0,3.4775796
387,6659,4.0,3.246027
448,6659,2.5,3.1790953
534,6659,4.0,3.4858613
580,6787,3.5,3.4987051
606,6787,3.5,4.1047297
140,6787,4.0,3.7108302
177,6787,3.0,3.6984966
590,6787,4.0,4.006188
307,6787,4.0,3.1314526
29,6787,4.5,4.4151163
28,8798,3.5,3.0018613
610,8798,4.5,3.9360042
80,8798,5.0,4.3157983
219,8798,2.0,3.39056
21,8798,4.0,3.3046958
68,8798,2.5,3.4631739
317,8798,5.0,3.564377
232,8865,1.5,2.969263
560,8865,3.5,3.2427678
381,8865,2.5,3.2935865
7,8865,1.0,2.6878698
438,8865,2.0,3.2101717
219,8865,2.0,3.0705786
414,8865,3.0,2.8983796
104,8865,3.5,3.1540825
232,8939,3.0,3.7698262
322,44555,5.0,3.8725905
606,44555,5.0,4.1112247
397,44555,4.0,4.0565658
50,44555,3.5,3.2656143
526,44555,4.0,4.3116574
18,44555,4.0,4.133835
599,51575,1.5,1.8616706
414,51575,2.5,2.592089
305,61132,5.0,3.6103404
279,61132,4.5,3.3774104
41,61132,3.0,2.409595
489,61132,4.0,2.5058718
307,61132,4.0,3.0461466
403,61132,2.0,3.7440898
298,61132,3.0,2.4024322
249,61348,1.0,0.80964833
601,74946,4.0,3.6632721
111,74946,3.5,3.190723
298,74946,0.5,1.4823847
385,112,3.0,3.371636
372,112,2.0,3.1085875
257,112,3.5,3.4337456
434,112,2.5,3.901031
438,112,3.5,3.1994452
226,112,4.0,3.3967755
414,112,3.0,3.62714
284,112,4.0,3.2708173
135,112,4.0,3.835103
294,1194,5.0,4.2623353
282,1194,2.0,3.6243107
27,1947,5.0,4.0542097
554,1947,5.0,4.1876316
489,1947,2.5,3.2052915
127,1947,4.0,2.792172
387,1947,2.5,3.2621908
55,1947,0.5,1.7196877
391,1947,4.0,4.3410125
288,1947,3.0,3.4334288
414,1947,4.0,3.3137488
357,1947,5.0,3.6897476
282,1947,3.0,3.8162842
517,1947,1.5,3.178396
603,2524,3.0,3.378202
288,3015,3.0,3.4163628
414,3898,1.5,2.7358618
182,4037,4.0,4.0168085
182,4448,4.0,3.3134532
448,4448,3.0,3.0199375
195,4448,4.0,3.8342195
298,4448,2.5,2.8114753
198,4448,2.0,2.813428
275,4448,4.0,3.0459104
132,4741,3.0,3.3827567
4,4741,3.0,4.2037277
414,6195,4.0,3.4786012
200,7541,3.5,3.5844607
474,25886,4.5,2.869617
414,50068,4.0,3.8699381
199,50068,3.5,3.5389442
599,75985,2.0,2.653173
339,75985,4.5,4.0360017
599,96737,3.5,3.232312
249,96737,4.0,4.0088315
534,96737,4.5,4.1448803
462,105504,4.0,3.117711
610,105504,3.0,4.1527257
561,105504,3.5,3.8044286
119,105504,5.0,4.4894505
41,125916,0.5,1.0692561
339,136562,3.0,3.399178
559,327,4.0,2.835463
555,327,2.0,3.042209
51,327,1.5,3.372756
323,327,3.0,2.3762708
284,327,4.0,3.722401
368,849,2.0,1.9787068
606,849,1.5,2.3890061
93,849,4.0,3.3008661
160,849,4.0,3.1361518
18,849,3.5,2.8888977
368,1263,4.0,3.5057924
577,1263,4.0,3.662609
168,1263,5.0,4.40744
462,1263,4.5,2.8646522
387,1263,5.0,3.5483537
480,1263,4.5,4.100606
469,1263,4.0,4.2081585
597,1732,4.0,4.7968326
368,1732,3.0,3.5185122
329,1732,0.5,3.648968
122,1732,5.0,5.0263124
246,1732,3.0,4.0150776
177,1732,3.0,3.3965416
132,1732,2.5,3.2491808
363,1732,4.0,4.3908873
339,1732,5.0,4.4302144
41,1732,4.0,3.4742637
17,1732,5.0,4.0506988
307,1732,4.0,3.3422835
63,1732,0.5,4.033511
356,1732,5.0,4.3710995
480,1732,3.5,3.874265
287,1732,3.5,4.6115966
369,1732,5.0,3.6609473
198,1732,3.0,3.323237
317,1732,3.0,4.395994
153,1732,3.5,3.0657167
217,1894,3.0,2.2229507
200,1894,1.0,3.2844317
182,2106,4.5,2.6756723
368,2278,3.0,3.0342119
432,2278,1.0,3.3369582
292,2278,4.0,3.490237
387,2278,3.0,3.1371021
453,2278,4.0,3.4752536
249,2278,3.5,3.7144432
219,2278,3.5,3.218163
469,2278,5.0,3.3811915
414,2278,4.0,3.3961895
42,2278,5.0,3.7254207
18,2278,3.5,3.6310117
474,2794,2.5,2.5381944
414,2794,3.0,2.6646912
68,2794,3.0,2.5185957
587,3404,5.0,4.522429
232,3999,3.5,2.2085338
381,3999,3.0,2.4688964
380,3999,3.0,2.8545723
357,4520,2.5,2.2882357
307,4662,3.5,2.3461294
232,4816,4.0,3.1830933
274,4816,3.5,3.6467738
292,4816,2.0,3.0532386
387,4816,3.0,2.7384613
448,4816,3.0,3.7854528
288,4816,3.0,2.7475193
68,4816,4.0,2.8312647
424,4816,3.0,2.6851287
420,4816,4.0,3.6613958
18,4816,3.0,3.6088426
246,4956,5.0,2.9491053
182,5316,3.5,2.6515768
474,5316,2.5,2.8503354
414,5316,3.5,2.6348767
28,5329,3.0,2.569884
232,8372,1.0,3.0015357
232,43932,2.0,1.2174443
103,60756,4.0,2.9682355
599,60756,2.5,2.1782496
111,60756,5.0,2.8318086
328,60756,2.5,1.5901716
419,60756,4.5,3.9132466
484,60756,4.5,2.9984736
249,60756,4.0,3.7407758
356,60756,3.0,3.277687
125,60756,4.0,3.114264
68,60756,2.5,3.621751
2,60756,5.0,3.811304
18,60756,3.0,2.9095001
318,79428,5.0,2.6559238
210,122906,4.5,4.318489
596,122906,5.0,3.6691103
212,122906,3.0,3.7160776
586,122906,5.0,4.6358027
380,122906,3.5,4.015531
514,122906,2.0,3.6977477
78,165,3.0,3.291255
126,165,4.0,3.289109
91,165,3.0,3.2947721
122,165,5.0,4.130248
386,165,2.0,2.660725
182,165,3.0,3.1480234
470,165,3.0,3.5483856
402,165,5.0,3.9946578
570,165,4.0,3.246351
559,165,3.0,3.403756
455,165,3.0,3.2771857
107,165,3.0,3.876958
594,165,4.5,4.2204313
229,165,3.0,3.6940534
326,165,4.0,3.2674277
380,165,5.0,3.798408
244,165,2.0,3.346349
446,165,3.0,3.1447408
565,165,3.0,3.4421544
45,165,5.0,4.075013
569,165,5.0,4.15701
24,165,3.5,3.3764353
21,165,3.5,3.2077672
11,165,3.0,3.7052097
541,165,3.0,3.596121
71,165,5.0,3.756958
116,165,3.5,3.7837973
99,165,5.0,4.340562
599,1091,1.5,1.779476
86,1091,3.5,2.371288
100,1091,4.5,2.6455164
448,1091,3.0,2.8087277
84,1132,4.0,3.7998662
410,1132,4.0,3.8909783
78,1240,5.0,3.6891468
597,1240,4.0,4.262153
115,1240,5.0,4.2446685
577,1240,4.0,3.6757874
91,1240,4.5,3.7428675
330,1240,2.5,3.7412083
246,1240,4.5,4.338172
140,1240,3.0,3.643161
603,1240,4.0,3.4382644
474,1240,4.0,3.8089519
590,1240,4.5,3.7395756
17,1240,5.0,4.0584483
610,1240,5.0,4.0791426
307,1240,2.5,2.9677184
453,1240,4.0,4.4991903
439,1240,4.0,3.7600298
532,1240,4.0,4.281206
166,1240,3.0,4.18468
267,1240,5.0,4.5244627
261,1240,4.0,3.741386
288,1240,3.0,3.6671958
160,1240,4.0,3.1979034
469,1240,4.0,3.7439117
414,1240,5.0,4.0222454
135,1240,5.0,3.9119983
79,1240,4.0,4.2329607
201,1240,5.0,4.4857554
30,1240,3.5,4.306307
562,1240,5.0,4.348084
475,1240,4.5,4.82825
393,1240,0.5,4.1068983
388,1703,4.0,3.5237665
599,1703,2.0,1.8331938
463,2019,4.0,4.0692015
601,2019,4.5,4.506408
599,2019,4.0,3.6314738
339,2019,4.0,4.729741
17,2019,3.5,4.310602
382,2019,5.0,4.568185
596,2428,3.5,2.5158966
603,2428,3.0,1.9889514
219,2428,1.0,2.4219346
414,2428,2.0,2.5801394
288,3074,3.0,3.546094
66,3074,5.0,3.8517163
318,3262,3.0,3.4592457
448,3262,3.0,2.7773314
66,3262,4.0,3.7712917
217,3401,2.0,1.9524342
448,3401,2.0,2.4540775
294,3401,1.0,2.494833
140,4921,4.0,3.5793333
606,4967,4.5,4.1421
474,4967,3.5,4.1182094
178,4967,5.0,4.1328487
318,4967,4.0,3.5157928
414,4967,4.0,4.3495107
187,4967,4.5,3.985354
200,8973,3.5,3.2325115
105,32898,4.5,3.1509407
580,45668,3.0,2.081788
578,45668,5.0,3.3144517
306,45668,5.0,2.5993142
288,45668,3.0,2.2037756
256,45668,3.5,3.0342085
210,56174,2.5,4.0239606
332,56174,3.0,3.188051
599,56174,2.5,2.6655495
339,56174,4.5,3.6370373
523,56174,5.0,4.2885046
307,56174,3.5,2.8339446
50,56174,1.5,2.2611876
125,56174,2.0,3.5213876
119,56174,4.5,4.139682
483,96417,4.0,3.3753636
586,106696,5.0,4.834823
495,106696,5.0,4.2304215
567,106696,0.5,1.8396807
337,358,3.0,3.175145
607,366,5.0,3.4656165
608,366,2.5,2.5222068
372,1286,2.0,2.2061515
288,1286,2.0,2.9720476
113,1286,4.0,3.1589751
432,1831,4.0,2.467065
249,1831,2.5,2.6313722
469,1831,2.0,2.07824
540,1971,2.5,2.9890418
606,1971,1.5,2.213846
546,1971,4.0,1.3270576
307,2036,3.0,2.4072056
474,3330,4.0,2.9233866
606,4007,4.0,3.9184494
91,4007,3.5,3.61822
305,4007,4.0,3.8833668
387,4007,3.5,3.414359
555,4007,3.0,3.988965
514,4007,4.0,3.4258895
249,4007,4.5,3.9393
113,4007,4.0,3.5781927
282,4007,4.5,4.0970335
139,4238,2.5,1.352772
51,4238,4.5,3.2871323
608,4238,3.0,3.2277122
177,5048,0.5,2.9380763
503,26974,4.0,2.3826742
414,31445,2.0,2.2428243
381,51698,3.5,2.3345115
305,54995,5.0,4.429262
249,54995,3.5,4.218574
105,54995,4.0,3.999236
420,54995,4.0,3.8701897
232,65088,3.0,3.3106866
358,71579,4.0,3.77717
414,71579,3.5,3.589134
414,85881,4.0,4.4476233
298,85881,2.5,2.6543314
474,207,1.5,3.6237416
429,207,5.0,4.4641166
64,207,3.5,3.8627264
113,207,3.0,4.044492
254,207,2.0,3.7428346
559,489,3.0,2.553253
181,489,3.0,2.3616817
592,489,3.0,3.0441773
192,590,4.0,4.43142
606,590,4.0,3.786128
93,590,5.0,4.458813
140,590,5.0,3.934917
359,590,4.0,3.5533817
94,590,4.0,3.2270448
507,590,3.0,3.246994
447,590,3.0,3.9286697
455,590,4.0,3.614131
446,590,4.0,3.444373
84,590,4.0,3.7448153
565,590,5.0,3.3729243
352,590,5.0,3.7556257
469,590,4.0,3.2240238
203,590,5.0,3.3830605
608,590,3.0,3.3639174
58,590,3.0,4.1906614
68,590,4.0,3.3442662
379,590,5.0,3.549928
284,590,4.0,3.6393166
294,590,3.0,2.650296
46,590,5.0,4.404397
174,590,4.0,4.172184
562,590,2.5,4.0492873
134,590,5.0,3.8260136
458,1073,2.0,3.8750932
593,1073,2.5,3.230758
587,1073,4.0,4.003316
350,1073,3.0,3.507802
372,1073,3.0,3.4272761
230,1073,3.0,2.3650706
140,1073,4.0,3.4989233
20,1073,5.0,4.3396344
559,1073,3.0,3.8307848
19,1073,4.0,3.3071737
64,1073,4.0,3.9698305
586,1073,4.5,4.115522
456,1073,3.0,4.6096044
450,1073,4.0,4.4357076
380,1073,4.0,4.0601587
277,1073,3.0,4.1383796
448,1073,4.0,3.4385293
32,1073,5.0,4.0072694
608,1073,3.5,2.96244
337,1073,5.0,3.908354
410,1073,5.0,4.060453
28,1527,4.5,2.5056436
606,1527,4.0,3.380703
246,1527,4.0,3.9434454
325,1527,3.0,3.3307939
432,1527,2.5,3.0234551
425,1527,4.5,3.4910767
387,1527,3.5,3.1891897
594,1527,3.0,4.1313534
217,1527,3.0,2.99304
555,1527,3.0,3.880134
39,1527,2.0,3.8033986
239,1527,4.5,3.976582
63,1527,3.5,3.518374
480,1527,3.5,3.2925081
200,1527,3.5,4.128587
272,1527,4.0,3.530255
354,1527,4.0,3.7883234
525,1527,4.5,3.8061423
551,1527,2.5,3.8841324
85,1635,4.0,4.0889225
599,1635,3.0,3.216151
182,1649,3.5,2.0460534
140,1950,4.0,3.6476357
168,1950,5.0,4.442481
290,1950,5.0,4.3869147
294,2149,4.0,0.66555977
274,2354,2.5,2.2357063
234,2354,4.0,2.1955264
603,2413,3.0,2.9804647
484,2413,3.0,3.5274823
217,2413,3.0,2.6136723
448,2413,3.0,3.2051094
91,2817,2.0,1.2288125
555,2942,3.0,2.7463737
51,2942,2.0,2.8187697
465,3723,5.0,4.037347
599,6523,2.0,2.1144516
249,6550,3.5,3.299553
256,6550,3.0,3.5031548
534,6550,4.5,2.7866294
514,6780,3.0,2.8360312
177,7022,2.5,3.4945228
380,7022,5.0,4.4840717
361,7022,2.0,2.8725996
105,7022,4.5,3.9064627
232,7142,2.5,2.9027069
232,7254,4.0,3.3458815
139,7254,1.0,1.8984693
64,7254,3.0,3.4435399
307,7254,3.5,2.9579892
495,7254,5.0,3.324326
380,7254,4.0,3.3013752
249,7254,4.0,3.4208343
288,7254,3.5,3.0468554
414,7254,4.0,3.1398778
608,7254,4.0,3.4094799
534,7254,4.5,3.5029216
105,7254,4.0,3.6430056
466,7254,4.5,3.4079053
28,59387,2.0,3.2141554
122,59387,4.5,4.6004257
398,59387,5.0,4.1737456
318,76175,2.5,2.3490927
380,76175,3.0,2.386476
448,76175,1.0,2.1763732
249,76175,3.0,2.5948513
298,76175,1.0,1.016908
561,76175,2.0,2.2832203
332,85414,4.0,3.1522593
305,85414,3.5,3.719801
212,85414,2.5,3.4750085
582,85414,2.5,3.6865778
352,85414,3.5,3.7989945
534,85414,4.5,3.5981092
18,85414,3.5,3.5351691
483,85414,3.0,3.710939
596,96821,4.0,3.6172817
509,96821,3.0,3.6273036
73,96821,4.0,4.3725543
365,96821,1.5,2.634608
495,98154,5.0,4.3477407
385,383,2.0,2.738069
181,383,1.0,2.4963984
411,383,2.0,3.085149
109,383,3.0,3.0546873
302,383,3.0,3.225163
140,1396,3.0,3.2489512
292,1396,3.5,3.3338907
202,1396,3.0,3.5876846
39,1396,3.0,3.85702
391,1396,3.0,2.9388247
45,1396,4.0,3.6879184
167,1396,3.5,3.3707259
608,1396,4.0,2.9274821
147,1396,4.0,3.377163
587,1747,1.0,3.0707335
425,1747,3.0,3.0347772
356,1747,4.0,3.2367456
396,1747,3.0,2.9316254
480,1747,3.0,3.0268214
219,1747,3.5,3.21357
188,1747,4.0,2.6873672
414,2241,3.0,3.6977155
19,2267,2.0,1.6653748
593,2336,4.5,3.5125995
587,2336,5.0,4.625205
246,2336,5.0,4.2865014
346,2336,3.5,3.1112833
603,2336,4.0,3.1622143
182,2336,4.5,3.9677076
161,2336,3.0,4.067771
100,2468,3.5,3.0343924
183,2534,4.0,0.46385738
202,2534,3.0,0.4472354
599,3412,3.0,2.5364892
318,3412,4.0,3.0658057
101,3717,4.0,2.755889
596,3717,2.5,2.963842
139,3717,1.5,1.8722255
542,3717,2.5,3.11916
428,3717,2.0,2.3129308
448,3717,2.0,2.8293428
68,3717,3.0,3.3702831
34,5146,3.0,1.8232164
167,5146,4.0,2.6146111
414,5146,4.0,2.7307675
608,5146,3.5,1.8885062
187,5146,4.0,3.1747277
232,5573,2.5,2.0577881
274,5573,2.5,1.9006274
414,5573,2.0,2.281774
298,5573,2.0,1.9116766
489,69951,3.0,3.171157
381,69951,3.5,3.671508
448,69951,3.5,3.4175317
249,69951,4.0,4.2464175
111,91542,4.0,3.812754
318,91542,3.5,3.6584356
610,91542,3.5,3.809273
414,91542,3.5,3.4871294
534,91542,4.0,3.5407033
123,91542,4.0,3.8111873
551,91542,4.0,3.4765868
305,133419,3.5,3.877879
583,133419,4.0,3.0198498
448,133419,3.0,3.1767569
21,133419,3.0,4.0423007
534,133419,2.5,3.4282784
382,135436,3.5,3.3843293
567,135436,1.5,1.8275242
525,142997,3.5,2.511447
599,61,2.5,2.0672908
402,61,5.0,3.5846238
28,316,4.0,2.7077892
436,316,2.0,2.8881803
332,316,3.0,3.216296
192,316,4.0,3.8064475
355,316,4.0,3.7847428
512,316,3.0,3.5069516
40,316,3.0,3.5313702
191,316,1.0,2.925172
117,316,3.0,3.1098816
179,316,3.0,3.8745677
107,316,3.0,3.7594497
586,316,4.0,3.763443
498,316,2.0,3.4392524
35,316,3.0,4.041892
448,316,3.0,3.0766566
264,316,3.5,3.2584572
312,316,3.0,3.1965184
404,316,3.0,3.3204718
569,316,4.0,3.7912986
121,316,3.0,3.418404
29,316,4.0,3.4853046
323,316,2.5,2.856192
608,316,3.0,3.46638
592,316,4.0,3.507405
534,316,3.5,3.736251
68,316,3.5,3.1909726
99,316,2.0,4.292018
146,502,2.5,2.6872137
395,502,3.0,2.3400261
290,523,4.0,3.1855927
137,1231,4.0,4.2215314
442,1231,1.0,1.3854781
290,1231,4.0,4.5797734
84,1231,4.0,4.0015087
524,1231,4.0,3.7874043
182,2067,4.0,4.4806204
387,2067,4.0,3.752705
238,2067,5.0,2.724419
68,2067,3.0,2.9450712
315,2067,4.0,3.6723814
290,2932,4.0,3.6105127
606,3003,4.5,3.8555684
104,3163,3.0,3.3574338
596,3301,3.0,3.3272061
599,3301,3.0,2.905367
224,3301,5.0,3.3391244
140,3301,4.0,2.9077053
453,3301,2.0,4.1714916
249,3301,4.0,3.9122417
298,3301,2.5,2.34325
68,3301,3.5,3.166958
525,3301,3.5,3.31158
294,3301,2.0,3.157668
282,3301,3.5,3.6733792
333,3784,1.0,2.7406175
20,3784,2.5,4.0781426
19,3784,2.0,1.7166796
380,3784,3.0,2.255538
414,3784,4.0,3.0036192
51,4518,3.5,3.020272
357,4857,4.5,3.4649813
186,4857,4.0,4.246531
462,5288,4.0,3.1689034
193,5618,5.0,3.9114754
596,5618,4.5,3.9965582
132,5618,3.5,3.5981638
20,5618,5.0,4.856027
489,5618,4.0,4.1796284
523,5618,5.0,5.0311656
307,5618,4.0,3.6970513
23,5618,4.0,3.791724
520,5618,4.0,4.3777337
87,5618,5.0,4.6563106
343,5618,3.0,4.1959176
129,5618,4.5,4.2192802
459,5618,5.0,4.7093673
62,5618,5.0,4.7554903
141,5618,4.5,4.0024376
105,5618,4.0,4.389662
298,5618,4.0,3.0651083
68,5618,2.5,3.5330915
260,5618,4.5,3.9822023
66,5618,4.5,4.604674
551,5618,3.0,3.3977387
483,5618,5.0,4.402217
414,34520,2.5,2.0642414
489,60397,0.5,2.566937
334,60397,2.5,3.1166737
525,60397,3.0,3.0473197
292,79242,1.0,3.0082226
490,79242,3.5,2.9766672
125,108727,4.0,4.0844083
610,120466,3.5,3.6832964
125,120466,3.0,2.9922736
298,120466,3.0,2.218337
298,136449,3.5,3.2570431
418,140174,4.5,4.2104783
567,140174,3.0,2.4422007
339,174055,5.0,3.530633
125,174055,3.0,3.9802692
91,88,3.0,2.8737292
599,88,0.5,2.4436789
307,88,3.5,2.2463818
414,88,2.0,3.1642947
608,88,2.5,2.7230043
20,531,4.5,3.7306263
177,903,4.0,3.2533748
57,903,4.0,4.0460205
554,903,5.0,4.5064554
290,903,5.0,4.3055897
45,903,4.0,3.714892
160,903,4.0,4.1435757
221,903,5.0,4.364924
414,903,5.0,3.7751486
199,903,3.0,3.6216056
66,903,4.5,4.122044
410,903,5.0,3.863791
33,1487,3.0,2.493004
4,1966,2.0,3.2863579
540,2567,3.0,3.4114847
597,2567,3.0,3.131044
599,2567,2.5,2.5054328
554,2567,4.0,2.9283457
219,2567,2.0,2.849918
304,2567,4.0,3.0972676
575,2567,4.0,2.3891091
290,3334,4.0,4.4526415
221,3334,4.5,4.563193
599,3398,3.0,2.8372195
19,3398,2.0,2.4488842
538,3398,4.0,4.074559
294,3398,3.0,2.0009544
422,3398,3.0,3.7765405
587,3426,4.0,2.4333973
606,3426,4.0,2.7479327
332,3471,4.0,3.7806547
274,3471,3.5,3.3837004
359,3471,3.0,3.38271
19,3471,4.0,3.2516196
312,3471,5.0,3.9393084
267,3471,5.0,4.5612698
480,3471,3.0,3.6151626
561,3471,4.0,3.7646337
274,3955,2.0,1.7814783
182,3955,1.0,1.3535018
474,4211,4.0,3.6107194
182,4770,2.5,2.2359028
599,5548,2.5,1.8832331
414,5548,3.0,2.4447248
66,5548,4.5,2.5528934
182,5632,4.0,3.6177251
474,7614,4.0,3.4631934
380,31431,2.5,1.5020719
246,31878,5.0,3.5388339
356,31878,4.0,3.8205485
83,31878,0.5,2.5376947
187,31878,3.5,3.9656606
405,47491,4.0,3.8783348
474,53123,3.5,3.5283222
514,53123,3.0,3.8999457
606,55052,3.5,3.3526092
280,55052,4.5,4.3616004
292,113345,1.5,1.6196778
137,318,3.5,4.3367634
251,318,5.0,5.091722
580,318,5.0,4.050889
472,318,5.0,4.4944506
513,318,5.0,4.089526
34,318,4.0,3.2494843
76,318,3.0,3.1342392
22,318,5.0,2.9827204
330,318,4.5,4.267347
372,318,5.0,3.945331
122,318,5.0,5.2129292
319,318,4.5,4.820118
519,318,5.0,5.1531243
177,318,5.0,3.9743373
305,318,5.0,4.460869
435,318,5.0,4.915275
86,318,4.5,4.3404975
474,318,5.0,3.8917873
308,318,1.0,2.5162082
292,318,5.0,3.825571
54,318,4.0,3.5242617
117,318,5.0,4.02052
425,318,5.0,4.137725
327,318,4.5,4.4717493
523,318,5.0,5.1773696
202,318,4.0,4.5537424
17,318,5.0,4.6220217
609,318,4.0,4.002243
498,318,5.0,4.8674216
503,318,4.0,3.8261857
437,318,5.0,4.5206623
8,318,5.0,4.2480087
449,318,5.0,3.6732101
453,318,5.0,4.5476847
171,318,5.0,5.0615005
438,318,5.0,4.0275517
532,318,4.0,4.609116
69,318,5.0,5.0789876
361,318,3.0,3.0155768
589,318,5.0,4.876975
50,318,3.5,3.3792658
404,318,4.0,3.9774482
38,318,5.0,4.20449
167,318,5.0,3.7360327
80,318,5.0,4.7785397
356,318,4.5,4.677124
62,318,4.0,4.865015
219,318,5.0,3.832638
477,318,5.0,4.5572176
29,318,4.5,4.4722605
338,318,5.0,4.228491
352,318,5.0,4.5075192
256,318,5.0,4.426083
60,318,4.0,4.3136845
382,318,5.0,4.905599
221,318,4.0,4.5252137
334,318,3.5,3.9289827
200,318,5.0,4.4885774
354,318,4.5,4.4047546
58,318,5.0,5.2392335
561,318,5.0,4.0789747
600,318,3.5,3.8028567
344,318,5.0,4.2748327
424,318,3.5,4.104294
242,318,4.0,4.407193
522,318,5.0,3.8311336
42,318,4.0,4.757905
466,318,3.0,4.15081
365,318,4.5,3.0239425
357,318,4.0,4.632991
66,318,4.5,4.742316
562,318,5.0,4.7486196
551,318,4.0,3.662673
483,318,5.0,4.4162774
39,1248,5.0,4.617248
253,1271,5.0,4.013431
414,1271,2.0,3.495734
153,1271,4.0,2.3116965
261,2060,3.5,2.6459959
298,2060,3.0,2.335599
599,2275,1.5,3.0841858
414,2401,5.0,3.1691918
330,2657,5.0,3.24115
132,2657,4.5,2.6987376
474,2657,1.0,3.009182
168,2657,4.5,3.6638954
425,2657,3.0,3.3108146
312,2657,2.0,3.2161443
527,2657,5.0,3.8737109
125,2657,2.0,3.3218555
156,2657,3.0,3.2821262
477,2657,3.0,3.3045294
414,2657,4.0,3.4520957
135,2735,4.0,2.7830467
42,2735,4.0,2.4209075
368,2819,3.0,3.18207
465,2819,4.0,4.287686
572,3011,3.0,3.738951
202,3068,4.0,4.3318205
603,3476,1.0,4.16203
274,3476,4.0,3.5166326
19,3476,3.0,2.624645
290,3476,3.0,3.9466426
414,3476,3.0,3.9111218
420,3476,4.0,3.5898087
484,3697,2.0,1.9967209
380,3697,4.0,3.138406
21,3697,2.5,1.8947698
68,3697,3.0,1.9125307
66,3697,3.5,3.0037546
333,3797,1.0,2.9037275
599,4545,3.0,2.8584538
111,4545,3.5,2.526169
590,4545,3.0,2.901371
220,4545,4.5,3.1807046
448,4545,3.0,3.0132875
42,4545,4.0,3.264251
474,4809,4.0,2.063395
275,4809,5.0,2.9510572
111,5283,4.5,2.791075
182,5283,3.0,2.8304505
564,5283,3.5,3.2530115
387,5283,1.5,2.7847486
610,5283,2.5,3.2939441
95,5283,2.0,3.282623
414,5283,2.0,3.0928423
298,5283,2.0,2.1248815
182,6059,3.0,3.3453453
448,6059,3.5,3.0444436
298,6059,2.0,2.3100579
414,6215,3.0,2.9392684
414,6631,1.5,1.6639595
509,6958,1.5,2.016767
274,7117,3.5,2.8810754
599,26812,2.5,2.231279
606,46723,3.5,3.5395677
495,46723,2.0,3.5699756
68,46723,3.5,3.168725
74,46723,4.5,3.5062537
600,46967,3.5,3.2975326
606,48744,3.5,3.9202778
318,68073,4.0,4.0641074
298,68073,0.5,2.8080122
483,94070,4.0,2.6980999
380,102684,4.0,3.355412
141,107,3.5,3.2070806
151,107,3.0,3.8531594
6,374,3.0,2.5266936
447,374,3.0,3.4925132
160,374,1.0,1.5606122
477,374,0.5,2.1557038
414,374,1.0,2.302901
110,374,1.0,2.073791
217,564,1.0,1.4017211
274,619,3.5,1.2644193
544,619,5.0,2.2235847
44,891,3.0,3.5019531
587,1641,4.0,3.6057727
182,1641,4.0,3.523641
500,1641,4.0,3.1206553
266,1641,3.0,4.3833337
202,1641,4.0,3.8304222
4,1641,4.0,3.7527683
312,2004,4.0,3.3617008
19,2279,2.0,1.728844
608,2279,3.0,2.4230602
600,2279,2.5,1.6736314
271,2826,2.0,2.5141444
182,2826,3.0,2.5388994
377,2826,4.0,2.6408935
64,2826,3.5,2.737986
552,2826,1.0,2.531724
51,2826,3.5,2.9942589
108,2926,3.0,4.1850224
603,2926,4.0,2.7257266
325,2968,4.0,3.894235
57,2968,4.0,4.09706
381,2968,2.0,3.2238796
380,2968,4.0,4.067363
135,2968,4.0,3.7618194
42,2968,4.0,3.692522
313,2968,4.0,3.1273947
368,3420,3.0,1.8406494
332,3420,4.0,2.2393835
255,3501,1.0,1.3659549
19,3501,2.0,1.8737645
76,3671,1.5,3.2539296
103,3671,4.0,4.270967
305,3671,4.0,4.225262
328,3671,4.5,3.4458265
590,3671,3.0,3.7640696
380,3671,5.0,4.372341
69,3671,5.0,4.3910856
167,3671,3.5,3.750576
203,3671,2.5,4.132236
488,3671,4.0,3.4471195
600,3671,4.0,3.2820857
422,3671,4.0,3.7990746
57,3773,1.0,2.335355
348,6893,4.0,4.5774436
381,6893,4.0,3.7977269
219,6893,2.5,2.9874399
483,6893,3.5,3.2405803
599,31685,2.5,2.1631699
140,31685,3.0,3.268698
305,31685,2.5,3.2280095
274,31685,3.5,2.708784
415,31685,2.5,3.1164227
41,31685,3.0,2.0905356
610,31685,3.0,3.0598502
509,31685,2.5,2.896693
249,31685,4.0,3.3025625
474,32022,3.0,3.3517714
232,35957,4.0,3.3422358
380,35957,3.0,3.5462086
51,47997,5.0,3.7051668
219,47997,3.5,3.4436126
187,47997,0.5,2.5580108
274,51037,2.0,2.7617967
249,51037,3.5,2.995644
560,67665,3.5,2.6017547
432,78039,2.5,3.6287134
610,115210,4.0,3.5367844
551,115210,4.0,3.6894433
599,9,1.5,2.117363
437,9,3.0,2.459323
389,9,3.0,3.2156396
451,17,5.0,4.4613533
412,17,5.0,3.3525867
54,17,3.0,3.22407
262,17,3.0,3.7625928
100,17,4.5,3.733633
446,17,5.0,3.8517966
84,17,5.0,3.9317632
389,17,4.0,4.042823
509,17,3.0,3.3824677
38,17,3.0,3.6435845
156,17,4.0,3.679093
323,17,3.5,3.7736795
68,17,3.5,2.4931605
71,17,1.0,2.1765547
270,17,4.0,4.5194907
580,231,2.5,2.974868
222,231,3.5,2.9991834
330,231,4.0,2.9498918
274,231,4.5,2.9122014
292,231,2.0,3.2943804
553,231,3.5,3.5563822
64,231,4.5,3.011561
43,231,3.0,3.7331364
327,231,5.0,4.340544
486,231,3.0,3.4859827
610,231,4.0,2.9558394
136,231,2.0,2.0686274
82,231,4.0,3.7607894
240,231,4.0,3.6889782
411,231,2.0,3.0845788
414,231,3.0,3.2470522
109,231,3.0,2.6542466
534,231,3.0,3.767326
349,231,2.0,3.2916589
557,231,3.5,3.1137393
282,231,1.0,3.262896
368,552,2.0,2.5633214
93,552,5.0,3.9410655
117,552,4.0,2.9252079
447,552,5.0,3.8477888
43,552,5.0,4.1779156
262,552,4.0,2.516271
594,552,5.0,4.1582212
59,552,3.0,2.8745081
273,552,3.0,3.1965296
194,552,3.5,3.1649675
524,552,4.0,3.0451183
102,552,3.0,3.0174792
38,552,3.0,2.6430256
58,552,3.0,3.4036257
600,552,3.5,2.7499328
42,552,4.0,3.1525183
580,1123,3.5,2.6031747
367,1219,4.0,4.2880225
416,1219,4.0,3.551567
1,1219,2.0,5.051741
182,1219,3.0,4.0838647
339,1219,4.0,4.493475
452,1219,4.0,4.905183
309,1219,3.5,3.9533546
387,1219,4.5,4.0735354
307,1219,3.0,3.610428
39,1219,5.0,4.397257
84,1219,4.0,4.168229
260,1219,4.0,3.9568112
116,1219,2.5,2.9995096
317,1219,5.0,3.814809
424,1219,4.0,3.7418196
454,1219,4.5,3.847233
313,1219,3.0,4.021758
517,1219,1.0,2.6618922
481,1597,3.0,2.113501
57,1597,3.0,2.511279
4,1597,1.0,2.441504
11,1597,4.0,3.7964704
42,1597,4.0,3.199543
517,1597,1.5,2.2086937
599,1991,2.0,1.8485694
312,1991,3.0,2.3554645
474,2141,2.0,2.591288
234,2141,5.0,3.785059
288,2141,3.0,2.5669842
414,2141,4.0,2.9542851
608,2141,1.5,3.0450845
304,2141,4.0,3.5422668
140,2403,4.0,2.9816175
217,2403,3.0,2.9291239
514,2403,3.5,3.5955577
219,2403,3.0,3.8561587
469,2403,4.0,3.446128
606,2473,2.5,2.2817755
474,2473,3.0,2.0490632
294,2473,3.0,1.8402451
274,2702,3.5,2.8117888
268,2702,4.0,3.576181
375,2805,4.0,3.3749516
263,2805,2.0,2.8804653
453,2805,4.0,2.744095
448,2805,2.0,2.6879644
288,2805,2.0,2.6902096
200,2805,4.0,3.2522597
535,2805,1.0,2.1322632
483,2805,3.5,3.0351195
392,3298,4.0,3.598283
387,3298,3.0,3.3222337
343,3298,4.0,3.678784
216,3298,4.0,3.1173024
608,3298,4.5,3.5585558
265,3451,4.0,4.4305696
474,3952,3.5,2.6277292
414,3952,4.0,2.8262017
599,4812,2.0,1.980601
474,4812,2.0,2.003475
260,5137,3.0,3.631523
414,5423,2.0,3.4071507
488,5470,4.5,3.9771125
583,6619,3.0,2.840703
599,6709,2.0,2.7774642
305,6709,4.5,3.1747348
18,6709,3.0,3.300278
606,6873,2.0,2.963643
103,6873,4.0,3.6043386
51,6873,5.0,3.5090573
82,6873,4.0,3.3919048
28,30707,4.0,3.568501
76,30707,4.0,3.2751524
159,30707,4.0,2.700436
222,30707,3.0,3.5159616
233,30707,3.5,3.375668
274,30707,4.0,3.4387941
41,30707,4.0,3.167817
448,30707,4.5,3.4775639
526,30707,3.0,4.3292203
352,30707,4.0,4.121356
354,30707,4.0,3.8778129
74,30707,4.0,3.877632
74,49772,4.0,3.775766
414,56587,2.5,3.4597812
298,56587,2.0,1.7005852
448,58156,3.0,2.3284767
298,58156,1.5,1.4792868
249,78088,3.5,3.3700175
365,90345,2.0,2.4865634
227,99813,4.0,4.4407597
567,136602,2.0,2.4994228
530,586,3.0,3.3508103
274,586,3.5,2.7493773
474,586,2.0,2.5392327
283,586,3.0,2.868698
491,586,5.0,3.5785081
447,586,2.0,3.8846178
263,586,3.0,3.1921275
173,586,3.0,2.7660155
220,586,4.5,3.7603922
8,586,3.0,2.8609881
555,586,4.0,3.2979503
514,586,3.5,2.998367
84,586,3.0,2.9281282
63,586,2.5,2.3700535
509,586,1.0,2.5773122
219,586,3.0,2.503962
226,586,4.0,2.8506312
21,586,2.5,3.1144025
287,586,1.5,1.9383509
608,586,1.0,2.5960672
534,586,4.5,3.506728
170,586,3.0,3.1351275
144,586,3.0,2.8306386
274,609,4.0,2.7821908
43,609,5.0,3.2623448
381,609,3.0,2.9221818
71,609,3.0,2.9634485
387,1329,3.5,1.1089565
182,1967,3.0,3.8831794
474,1967,3.0,3.5951076
19,1967,5.0,2.9295616
316,1967,3.0,3.7686398
448,1967,3.0,3.550003
234,1967,3.0,3.685235
509,1967,3.0,3.6486447
369,1967,3.5,3.812041
68,1967,2.5,3.39319
600,1967,5.0,3.202461
499,1967,4.0,3.9777591
115,2770,3.0,3.0459635
409,2770,3.0,3.9383612
157,2770,3.0,2.4706721
274,2770,2.0,2.9764378
182,2770,2.5,2.8110604
266,2770,3.0,3.2184362
480,2770,1.0,2.5700226
414,2770,3.0,3.3787427
172,2770,4.0,3.052743
590,2861,3.0,3.1497843
591,2861,4.0,2.5904136
19,3254,2.0,2.822608
441,3254,5.0,3.9669523
414,3254,3.0,3.37153
42,3254,3.0,3.3737755
66,3254,3.5,3.5936868
64,4023,1.0,3.0519643
414,4546,4.0,3.822213
74,4546,4.5,3.851225
414,5680,3.5,2.9989476
47,6765,3.0,2.8741572
482,8951,1.0,3.504505
28,64716,4.0,3.1416986
177,64716,4.5,3.5553737
152,64716,4.0,3.3983488
139,84954,2.5,2.4791112
249,84954,2.5,3.4852967
561,84954,2.0,2.7931204
80,90469,3.5,3.160546
249,111781,4.0,3.736258
534,111781,4.0,3.4005551
567,111781,2.5,1.7617826
191,72,4.0,3.3303683
484,72,4.0,2.7368531
307,72,2.0,2.7430842
579,538,3.0,3.7575116
195,538,3.0,2.799415
414,538,4.0,3.3842313
274,1293,2.5,3.3227189
474,1293,4.0,4.129283
244,1293,4.0,4.1679096
414,1293,3.0,4.38297
212,2048,3.5,3.0090396
103,2078,4.0,4.0541363
1,2078,5.0,4.803283
474,2078,4.0,3.3617055
328,2078,3.5,3.3981268
554,2078,4.0,3.5417938
4,2078,5.0,4.185464
63,2078,5.0,3.1641166
249,2078,4.5,3.8991308
595,2078,4.0,3.7928941
414,2078,4.0,4.0055375
104,2078,4.0,3.7861228
483,2078,2.5,4.0010524
474,2087,3.0,3.359079
92,2087,4.5,3.4877076
509,2087,3.0,3.1482596
600,2087,3.0,3.16643
313,2087,2.0,3.3541234
483,2087,3.5,3.7047567
517,2087,4.0,2.926633
608,2107,2.5,2.5167003
540,2598,3.0,3.434236
236,2598,1.0,3.208473
599,2598,2.0,2.3760438
448,2598,3.0,2.3975222
45,2598,4.0,3.7501936
186,2688,4.0,3.4686036
387,2759,3.5,3.0343556
159,3114,4.5,3.1550775
460,3114,4.0,4.045702
91,3114,4.0,3.4325721
122,3114,5.0,4.613459
232,3114,3.0,3.6564863
177,3114,3.5,3.553867
474,3114,4.0,3.7784927
328,3114,4.5,3.14711
453,3114,5.0,4.4455876
50,3114,3.0,2.9511404
45,3114,5.0,4.2438583
219,3114,2.5,3.523269
141,3114,4.5,3.4076157
213,3114,3.5,4.012244
525,3114,4.0,3.6900797
186,3114,4.0,4.392937
282,3114,4.5,4.0412946
155,3615,5.0,2.8712175
367,4571,4.0,3.570104
452,4571,4.0,4.851675
17,4571,4.0,3.893468
100,4571,3.0,3.9930744
380,4571,5.0,4.0908084
298,4571,2.5,3.021015
387,4587,2.0,1.8549528
414,4587,3.0,2.2293508
104,4912,3.0,3.4904444
140,5945,3.0,3.1163359
259,5945,5.0,1.4349434
474,5945,3.5,3.4586582
165,5945,3.0,2.8297434
448,5945,3.5,2.9588103
312,5945,4.0,3.7927694
50,7327,4.0,3.3694577
232,7451,4.0,3.71753
111,7451,4.0,4.0118427
177,7451,5.0,3.7173069
226,7451,3.0,3.8866918
298,7451,3.0,2.6320076
68,7451,3.5,3.708526
600,7451,3.5,2.9666836
89,7451,2.5,2.3934984
111,8533,2.5,3.4753418
358,8533,4.5,4.1145253
10,8533,5.0,3.0291214
143,8533,4.0,2.05349
414,8533,3.5,3.5308943
105,8533,3.5,3.7675114
199,8533,2.5,3.586345
605,27251,1.0,3.3317997
246,27731,3.5,3.8082
132,27731,3.0,2.935253
499,27731,3.5,3.5202827
580,36529,3.5,3.8884065
332,36529,3.0,3.3463476
336,36529,4.0,4.1800704
177,36529,2.5,3.3258116
339,36529,5.0,3.9115067
249,36529,3.5,3.9760985
237,36529,4.0,3.4107172
480,36537,4.0,2.8424356
232,49286,2.5,3.4827135
491,49286,4.5,4.268534
7,49286,0.5,2.7325304
562,49286,3.5,3.5519843
298,65642,4.0,2.9619381
318,69278,3.5,2.041979
448,94677,3.5,3.5296645
365,94677,3.0,3.60571
184,94677,4.0,3.7695417
563,118997,4.0,3.0317702
577,1017,3.0,3.0254645
140,1017,4.0,3.6791925
563,1017,3.5,3.1003318
217,1017,4.0,3.275806
325,1211,4.0,4.188595
199,1211,4.0,3.175528
288,1969,1.0,2.195543
454,1969,2.0,2.211009
571,1969,3.0,3.2248816
288,2089,3.0,3.295521
307,2205,2.5,2.4309409
93,2720,3.0,3.0761082
157,2720,2.0,2.9614418
292,2720,3.0,2.1344662
288,2720,2.0,1.9600623
596,3300,3.5,3.4492214
599,3300,2.5,3.1224704
182,3300,3.5,3.3032417
13,3300,4.0,4.0345354
86,3300,4.0,3.3646595
64,3300,4.0,3.6064358
318,3300,3.5,3.6959498
244,3300,4.0,3.4540374
453,3300,4.0,3.9517705
608,3300,4.5,3.505278
534,3300,4.5,3.6317737
298,3300,2.0,2.4609013
480,5421,3.5,3.3122048
606,5943,3.0,2.0800254
111,5943,3.0,1.7611828
177,5943,4.0,2.7442183
563,5943,3.5,2.7555864
414,5943,2.5,2.0986807
567,6291,3.0,2.264249
474,6534,2.5,2.3450851
380,6534,3.0,3.0618498
7,6534,0.5,2.219636
331,6534,0.5,2.846196
166,6534,3.0,3.0612369
82,6534,3.0,2.6769884
288,6534,3.5,2.5481455
62,6534,3.5,3.1784163
567,6534,0.5,1.5400133
475,6534,4.5,3.4084177
414,27904,4.0,3.4339075
298,48322,3.0,2.3350568
28,49278,2.5,2.6730566
318,49278,3.5,3.45407
414,49278,2.0,3.2304575
254,49278,3.5,3.5317492
52,50794,4.5,2.9699917
610,50794,3.0,2.6923668
105,50794,4.5,3.0263872
599,79274,2.5,3.1757133
177,81932,4.0,3.8322487
610,81932,4.0,4.262827
448,81932,4.0,3.4554348
317,81932,2.0,3.8916264
448,117466,2.5,3.025254
567,151455,2.0,1.9910959
599,168492,3.0,3.2766361
153,168492,4.5,2.0956216
484,175,4.5,2.9738028
109,175,5.0,3.475052
268,423,2.0,3.0428972
414,423,2.0,3.2446506
608,423,3.0,2.3746393
372,1057,3.0,3.4056182
607,1982,5.0,3.1453457
590,1982,4.0,3.48517
307,1982,3.0,3.1775393
322,3408,3.5,3.1728954
593,3408,4.0,3.2830124
28,3408,3.0,2.9584897
47,3408,3.0,3.245832
140,3408,3.0,3.5077052
274,3408,3.0,3.2003455
169,3408,4.5,4.3828154
430,3408,3.0,3.5845957
504,3408,3.5,3.7664483
167,3408,3.5,3.6169722
226,3408,3.5,3.601785
352,3408,4.0,3.5420282
457,3408,2.0,3.870158
414,3408,3.0,3.5145175
525,3408,3.5,3.3956645
198,3408,3.0,3.687748
42,3408,4.0,3.6947534
387,4409,3.5,2.5113668
599,8119,1.5,3.073572
502,8529,1.0,3.2605734
380,8529,3.0,3.455675
448,8529,3.0,2.7154748
477,8529,4.0,3.6920114
482,8529,3.5,3.5330079
21,8529,4.5,3.3236644
221,8529,3.0,2.974749
298,8529,0.5,1.9597512
561,8529,2.0,2.9195642
7,8907,1.0,2.959383
438,8907,3.0,2.3714337
509,8907,1.5,2.2423358
68,8907,2.5,2.3176274
560,45950,2.5,3.5081222
381,45950,4.0,3.4296575
254,45950,4.5,3.549861
318,58425,4.0,4.470829
28,60941,3.0,2.014102
448,80489,4.0,3.6551616
18,80489,4.0,3.8405766
599,82167,2.5,1.9234041
564,82167,3.0,2.4209352
607,381,4.0,3.7633562
387,1161,3.5,2.9120114
474,2206,4.5,3.5128686
157,2490,4.0,3.177222
268,2490,2.0,2.5946565
72,2490,4.0,3.8733482
286,2490,4.0,3.0283165
244,2490,5.0,3.775549
51,2490,3.0,3.101313
438,2490,3.5,3.2304592
82,2490,3.5,3.812922
457,2490,4.0,3.3806386
68,2490,3.0,3.4124875
448,2718,3.0,2.4255667
600,2718,2.5,2.854473
185,3897,4.0,3.7800794
473,3897,5.0,3.6113813
570,3897,3.0,3.6605396
462,3897,3.0,3.1387343
324,3897,4.0,3.8057344
610,3897,5.0,4.135535
4,3897,4.0,3.1984456
448,3897,4.0,3.5259218
510,3897,3.0,2.8320324
356,3897,5.0,4.1741347
200,3897,4.5,4.189451
298,3897,3.5,2.8439384
317,3897,3.0,3.3342555
281,3897,3.5,4.0585647
422,3897,4.0,3.8267536
285,4447,2.5,2.8893957
367,4447,5.0,3.9309435
140,4447,3.5,3.1585424
132,4447,2.5,2.6683261
280,4447,3.5,3.6294813
308,4447,3.5,3.4575832
560,4447,3.5,2.6925855
590,4447,3.0,2.875454
318,4447,3.0,2.7010589
307,4447,1.5,2.2891185
453,4447,4.0,3.6949654
51,4447,3.0,2.712797
331,4447,1.5,2.1609972
448,4447,1.5,2.5209033
490,4447,2.0,1.8716811
221,4447,3.0,2.5274158
200,4447,4.5,3.4505098
600,4447,2.5,2.2083116
357,4447,4.0,3.2482758
91,6707,3.5,3.1565666
274,6707,4.0,2.4985251
610,6707,3.5,2.998232
68,6707,2.0,1.7774764
474,8128,3.5,3.5692577
382,33158,2.5,2.0372963
318,72356,4.5,4.1415915
380,72356,4.0,4.401216
351,91974,3.5,3.5502186
52,93721,5.0,4.497916
68,93721,4.5,3.4736145
533,120637,3.0,1.7676911
105,126430,5.0,3.7477741
318,142456,3.5,3.5942173
606,594,3.5,3.7494934
177,594,4.0,3.313456
169,594,4.5,4.076429
500,594,3.0,3.2294679
542,594,4.0,3.9998748
447,594,4.0,3.6305914
43,594,5.0,4.470149
552,594,4.0,3.3381038
583,594,2.0,2.9302647
307,594,2.5,3.0423458
314,594,3.0,3.3834815
45,594,4.0,3.5113063
289,594,3.5,3.4456131
226,594,3.0,3.5416055
592,594,3.0,4.032962
58,594,5.0,4.220102
600,594,3.0,3.3929482
104,594,4.0,3.5942616
599,610,3.5,2.6983728
19,610,3.0,2.8996925
314,610,3.0,2.833624
599,761,2.5,2.0133317
151,761,1.0,3.0754795
53,880,5.0,3.6324267
599,880,2.5,1.8859227
452,880,2.0,2.9302547
277,880,4.0,2.874148
288,880,2.0,2.3112786
32,880,3.0,2.7684388
313,880,5.0,2.1594234
521,880,3.0,2.7834458
481,1589,2.0,2.935931
220,1589,3.5,4.048449
380,1589,5.0,3.606136
608,1589,4.0,3.2295985
230,2080,2.0,1.8538443
177,2080,4.0,3.2863977
3,2080,0.5,-0.23753399
479,2080,4.0,3.8686585
432,2080,3.0,3.272535
57,2080,4.0,3.211076
381,2080,3.0,3.567564
288,2080,3.0,3.29578
113,2080,5.0,3.0280962
226,2080,3.0,3.4019341
414,2080,4.0,2.9317412
201,2080,4.0,4.306648
222,2324,3.5,3.638945
601,2324,5.0,4.5868144
330,2324,5.0,4.060018
305,2324,5.0,4.6956997
581,2324,4.5,4.336712
474,2324,5.0,3.838769
268,2324,2.0,3.525815
511,2324,4.5,4.699903
590,2324,4.0,4.019621
263,2324,5.0,4.3330398
4,2324,1.0,3.5353212
288,2324,3.5,3.7317133
352,2324,5.0,4.251162
198,2324,5.0,4.107569
317,2324,5.0,4.1593676
186,2324,4.0,4.7977543
555,2445,4.0,2.6290693
265,2445,3.0,2.3220575
355,2915,3.0,3.733483
268,2915,3.0,3.1249774
19,2915,2.0,3.3727882
307,2915,2.5,2.717048
514,2915,4.0,3.709535
45,2915,4.0,3.6564996
288,2915,3.0,3.2627504
226,2915,4.0,3.7346542
469,2915,3.0,3.6323433
221,2915,3.5,3.520042
182,3316,2.0,1.8267188
414,3316,2.0,2.4504354
599,3468,4.5,3.7092893
410,3468,5.0,4.3156404
422,3468,4.0,4.210019
115,3499,5.0,4.149733
28,3499,3.0,3.1506104
606,3499,4.0,3.77126
474,3499,3.5,3.8463182
359,3499,3.5,3.0144486
250,3499,4.5,4.6145587
98,3499,4.5,3.2505038
469,3499,4.0,3.7248802
571,3499,4.0,3.4931579
590,3966,3.5,3.1706047
610,4343,3.0,3.1010804
448,4343,2.0,2.5880017
249,4343,4.0,3.391739
480,4343,3.0,2.3042278
502,4412,0.5,0.8337507
606,4552,3.5,3.138845
438,4736,3.5,2.1943438
380,5264,3.0,2.117453
599,5970,3.0,2.5736604
600,5970,3.0,2.234169
280,6218,3.0,3.561741
381,6218,4.5,2.9516628
129,6218,4.5,3.391546
448,6218,2.0,3.567433
390,6218,2.0,2.7905197
298,6218,1.5,2.5502896
68,6218,2.0,2.4461823
466,6218,4.0,2.4458466
143,6332,4.5,1.6928575
177,7444,3.0,3.0652237
380,7444,3.0,3.0194361
506,7444,3.0,2.9176624
7,8373,2.0,2.5450552
605,8373,2.0,2.398458
482,8966,2.0,3.6426163
387,33834,3.0,2.1390905
78,59315,3.0,3.444357
103,59315,1.5,4.023077
233,59315,3.0,3.2908385
599,59315,3.0,3.0788932
291,59315,4.0,4.3722644
328,59315,3.0,3.0939205
292,59315,4.5,3.7814772
339,59315,3.5,3.6195705
15,59315,2.0,3.321688
318,59315,3.5,3.831531
196,59315,4.5,3.8459158
220,59315,4.5,4.262037
62,59315,3.5,4.3148413
477,59315,4.5,4.1349416
141,59315,3.0,3.7293289
515,59315,5.0,4.620495
534,59315,4.0,4.0678916
106,59315,3.5,4.580811
525,59315,3.0,3.7690742
522,59315,4.0,3.7734802
30,59315,5.0,4.670003
282,59315,3.5,4.1568313
483,59315,4.0,4.048286
401,59315,3.5,3.7739947
139,61240,3.0,1.8574405
520,61240,2.0,4.369561
509,61240,3.5,3.4699159
414,61240,3.5,4.56157
534,71264,4.5,2.906035
497,109487,5.0,3.3274758
103,109487,4.5,4.2291446
212,109487,4.0,3.8675685
279,109487,5.0,3.9782636
49,109487,4.5,4.1149106
247,109487,4.0,4.058866
509,109487,3.0,3.4482489
323,109487,3.5,3.164132
550,109487,5.0,4.361477
272,109487,3.5,3.6729608
298,109487,3.0,2.989739
561,109487,3.0,3.8838024
365,109487,3.0,3.1454632
573,109487,5.0,4.804801
18,109487,4.5,3.978072
475,109487,4.0,4.4439354
319,152081,4.5,4.2931104
111,152081,2.5,3.529066
380,152081,5.0,4.2018986
247,152081,4.0,3.5037563
73,152081,5.0,3.938466
125,152081,4.0,3.7771072
252,152081,4.0,4.036521
606,1059,4.5,4.229769
222,1059,2.0,3.416178
233,1059,3.5,3.610159
609,1059,3.0,3.7712297
387,1059,3.0,3.676923
287,1059,3.0,3.2262044
118,1059,3.0,4.0128527
483,1059,4.0,3.9875145
19,1379,2.0,2.3497064
234,1379,3.0,3.2283535
603,2356,1.0,2.5710304
387,2356,3.0,2.5804005
51,2356,3.5,3.256936
580,2716,4.0,3.4048562
101,2716,4.0,3.74861
28,2716,1.5,2.7111201
223,2716,3.5,3.5056026
367,2716,5.0,3.6214163
305,2716,4.0,3.8344781
1,2716,5.0,4.756252
57,2716,5.0,3.9421961
570,2716,3.5,3.4950812
491,2716,4.0,4.2157
266,2716,5.0,3.7520077
299,2716,4.0,3.6178334
590,2716,4.0,3.712769
100,2716,3.5,3.9350374
448,2716,5.0,3.6395597
63,2716,5.0,3.6594412
356,2716,5.0,4.164788
591,2716,3.0,3.986383
477,2716,4.0,3.7845974
469,2716,4.0,3.8300433
534,2716,4.5,4.1994634
354,2716,4.0,3.8116145
370,2716,3.5,3.5906293
42,2716,3.0,3.9450135
357,2716,4.0,4.135503
186,2716,3.0,4.3072176
483,2716,3.0,4.047348
183,2947,4.0,4.033086
577,2947,5.0,3.8205843
91,2947,4.5,3.5906389
1,2947,5.0,4.390215
328,2947,3.5,3.0014482
96,2947,3.0,4.040543
266,2947,5.0,3.3029861
202,2947,3.0,3.977714
480,2947,3.0,3.580125
525,2947,4.0,3.67594
333,3099,2.0,3.5677638
599,3201,4.0,3.5755563
290,3201,5.0,4.814864
74,3201,4.0,5.004541
298,3511,1.5,1.4932878
465,3681,4.0,4.666357
29,3681,4.0,4.577941
221,3681,4.5,4.2824216
539,3740,4.5,3.0420148
603,3740,3.0,3.9030619
207,3740,3.5,2.8759613
202,3740,4.0,3.979022
380,3740,5.0,4.292117
313,3740,5.0,4.465686
186,3740,3.0,4.1810985
527,5540,5.0,4.274073
287,5540,2.5,2.1328387
414,5540,3.0,3.623677
600,5540,3.5,3.2781062
580,6874,5.0,3.8752992
34,6874,5.0,3.4957514
223,6874,3.5,3.0719783
230,6874,2.0,2.8142767
132,6874,4.5,3.299377
295,6874,4.5,3.8393035
425,6874,3.5,3.7926815
88,6874,4.5,4.4502544
326,6874,5.0,3.8281271
220,6874,4.5,4.2244864
428,6874,4.5,3.2574067
448,6874,4.0,3.8664117
73,6874,5.0,3.9022567
351,6874,3.0,3.7973137
219,6874,4.5,3.929865
528,6874,3.5,3.4198842
338,6874,4.5,3.76014
561,6874,4.5,3.9510522
551,6874,0.5,3.6771815
232,43871,3.0,2.6345265
380,43871,3.0,3.1428695
448,43871,1.5,2.7905307
480,43871,3.0,2.3262277
274,45442,2.0,2.7513201
21,82202,4.0,2.0373068
212,183897,5.0,3.413874
331,183897,4.0,3.0625124
567,183897,3.5,1.7635887
436,485,3.0,2.4438305
386,485,2.0,2.3860373
431,485,2.5,2.2848363
560,485,3.5,2.9002545
425,485,3.0,2.8844252
176,485,3.0,3.7237158
520,485,4.0,3.1019378
524,485,4.0,2.8136635
109,485,2.0,2.6029162
135,485,5.0,2.4253945
274,742,3.5,2.5013597
19,742,3.0,1.4736269
171,742,4.0,3.4344664
599,838,3.0,2.6339643
572,838,4.0,4.2773023
579,838,5.0,4.2289534
100,838,4.5,4.112522
84,838,5.0,3.8276114
113,838,4.0,3.289793
345,838,5.0,3.7373235
469,838,3.0,3.2109423
33,838,5.0,3.754524
355,900,5.0,3.4703033
290,900,4.0,3.8544362
368,1377,2.0,2.6685162
603,1377,2.0,2.281411
57,1377,2.0,2.8114142
268,1377,3.0,2.4209995
590,1377,2.5,2.8127587
428,1377,1.0,2.5822866
166,1377,3.5,3.3561184
45,1377,2.0,3.2916503
414,1377,4.0,2.9194264
304,1377,2.0,3.244722
68,1377,3.5,2.7899883
177,1513,4.5,3.0842195
520,1513,4.0,3.427045
156,1513,3.0,2.796229
95,1513,3.0,3.580245
342,1513,2.0,2.666958
215,1513,2.0,2.9410667
1,2099,4.0,3.952464
182,2273,3.5,2.5035725
452,2273,5.0,4.2337017
560,2273,3.5,3.1161861
64,2273,3.0,3.2354527
381,2273,4.0,2.5747395
261,2273,2.5,2.7645428
24,2273,3.5,3.1712146
160,2273,1.0,2.0866907
219,2273,3.5,2.9518447
21,2273,3.5,2.85623
68,2273,2.5,2.9972966
135,2273,4.0,2.9521875
473,2297,3.0,3.7670374
514,2297,3.0,3.6089005
479,3102,4.0,3.4061222
135,3102,3.0,3.6699462
599,4133,1.5,2.1066124
422,4133,2.0,1.0488764
432,4223,4.5,3.881664
331,4223,4.0,3.3494194
239,4223,5.0,4.0409307
80,4223,4.0,4.343636
29,4223,4.0,3.801488
195,4223,3.0,3.6017263
334,4223,2.5,3.324873
275,4223,4.0,3.510954
599,4855,3.0,3.0906496
24,4855,4.0,3.6729543
422,4855,4.0,3.4972591
427,6055,1.0,2.1591923
74,6235,5.0,3.3942752
596,6539,3.0,3.744639
103,6539,4.5,3.9104815
22,6539,2.5,2.048275
230,6539,5.0,3.2541041
233,6539,3.0,3.1135676
212,6539,3.5,3.4456117
182,6539,2.5,3.139127
328,6539,3.5,3.1568184
169,6539,4.5,4.5198164
139,6539,3.0,2.440854
432,6539,0.5,3.4468832
339,6539,3.0,3.7703207
560,6539,3.5,3.648059
318,6539,3.5,3.921287
220,6539,5.0,4.1906934
438,6539,5.0,4.060915
129,6539,4.0,4.118113
239,6539,4.0,4.1227293
509,6539,3.5,3.5028524
45,6539,5.0,4.4932656
249,6539,4.0,4.122568
167,6539,4.5,3.921874
125,6539,4.0,3.4984148
477,6539,3.0,4.058866
226,6539,4.5,3.9505277
21,6539,4.0,3.5068517
352,6539,4.0,3.82946
221,6539,3.5,3.4951637
534,6539,4.5,4.36973
68,6539,5.0,3.7712634
106,6539,5.0,4.3883843
525,6539,4.5,3.5861075
116,6539,4.0,3.7820444
573,6539,5.0,4.267645
282,6539,4.0,4.0310335
475,6539,4.5,4.808393
393,6539,5.0,4.5940294
380,6793,3.0,1.9591081
477,6793,3.0,1.7592908
305,6818,5.0,3.6310563
140,7379,3.0,3.1926105
414,7379,3.0,3.4445927
91,7650,3.5,0.20832144
387,7650,2.0,0.18868572
474,27882,4.0,4.151762
599,54881,3.0,2.8058386
514,54881,4.5,3.729538
343,54881,5.0,3.935522
414,54881,4.0,3.4762206
334,54881,3.5,3.721752
326,85342,4.5,3.6548038
496,95167,3.0,3.0107555
210,95167,3.0,4.3425326
246,95167,4.0,4.1442375
177,95167,4.0,3.7280848
448,95167,3.0,3.1924403
382,95167,4.0,4.0942
534,95167,3.0,4.1893153
68,95167,3.0,3.7362492
414,171765,4.0,1.797366
385,196,3.0,2.138603
274,196,3.5,2.8149781
425,196,3.5,2.5991194
594,196,4.0,3.383402
453,196,3.0,3.1325693
524,196,3.0,2.6118739
181,196,2.0,2.0418463
160,196,1.0,2.2417376
480,196,1.0,1.7426343
265,196,2.0,2.5692225
414,196,3.0,2.3139234
357,196,2.5,2.65507
6,437,3.0,2.182913
202,456,5.0,3.5086296
51,829,4.0,2.8327076
305,1272,5.0,4.2085433
442,1272,0.5,1.6066829
202,1272,5.0,4.5348377
238,1272,5.0,3.1583269
408,1272,5.0,4.2286854
29,1272,5.0,4.2188993
105,1272,3.5,4.269544
375,1438,2.0,2.9744077
552,1438,3.0,1.9169862
495,1438,3.5,3.014315
448,1438,2.0,2.7767305
160,1438,1.0,1.4071248
219,1438,3.0,2.2672005
362,1945,4.5,4.3326306
346,1945,3.5,4.010914
599,1945,4.5,3.3423233
177,1945,5.0,3.062609
290,1945,5.0,4.426748
469,1945,5.0,4.106499
368,1957,4.0,3.6411438
414,1957,3.0,4.0938787
368,2135,3.0,2.6079407
20,2135,5.0,3.3251321
113,2135,5.0,2.635304
309,2202,5.0,3.9677055
590,2202,4.0,4.244127
474,2369,3.0,2.7668483
307,2369,2.0,1.8432609
278,2369,2.5,3.5647106
555,2469,3.0,3.0999062
414,5531,2.5,3.0089638
169,6156,3.5,3.9009569
560,6156,2.0,3.0048275
89,6156,4.0,2.3552237
144,6591,3.5,4.217517
232,62511,3.5,3.0954099
605,62970,3.0,1.430342
211,95510,4.5,3.2954614
292,95510,3.5,2.912375
10,95510,3.0,2.5992756
596,162350,4.0,3.150141
414,162350,2.5,3.3076704
6,217,3.0,2.8981233
28,290,3.0,2.519956
262,290,4.0,3.4791737
414,290,5.0,4.0514927
225,441,3.0,3.7788656
603,441,5.0,3.239905
1,441,4.0,4.4599395
484,441,5.0,3.3917828
503,441,3.5,2.9792876
100,441,4.0,3.984993
216,441,3.0,3.0911245
200,441,5.0,3.799107
198,441,4.0,2.9394937
357,441,5.0,3.8841827
451,733,3.0,3.3322861
588,733,4.0,3.0193288
44,733,5.0,3.0486627
91,733,3.0,3.0990205
599,733,3.5,2.6208804
297,733,3.0,2.1891634
474,733,4.0,3.3146708
96,733,4.0,3.927474
266,733,5.0,2.9518168
484,733,4.5,3.95088
456,733,5.0,4.426218
220,733,4.0,3.8459177
314,733,4.0,3.07623
527,733,5.0,4.0767646
45,733,4.0,3.9811893
226,733,4.0,3.6272216
492,733,5.0,4.0608907
334,733,3.5,3.089167
376,733,4.0,3.899395
337,733,5.0,4.467384
294,733,4.0,2.8582819
437,800,5.0,4.211554
290,800,5.0,4.3139544
33,800,4.0,3.3431144
84,948,4.0,3.2509475
6,986,4.0,4.2172456
117,986,3.0,3.5438547
605,986,4.0,3.6599092
85,1643,5.0,3.8478007
606,1735,3.5,3.2173703
474,1735,2.0,3.489494
351,1735,4.0,3.3928235
368,1833,2.0,2.6643717
380,1833,3.0,3.5547047
414,1833,2.0,3.1220999
199,2171,4.0,3.4243217
27,2174,2.0,3.4486787
91,2174,4.0,2.7979069
330,2174,4.5,3.4954195
474,2174,3.0,3.0682557
328,2174,5.0,2.8989697
96,2174,4.0,4.0933075
19,2174,4.0,3.0691907
61,2174,3.5,3.5422306
381,2174,4.0,3.4980526
220,2174,3.5,4.160416
59,2174,2.0,3.6755743
434,2174,3.0,3.8959956
129,2174,4.5,3.6411307
477,2174,3.0,3.6837876
260,2174,3.5,3.1211543
525,2174,3.5,3.5369952
201,2174,4.0,4.39197
357,2174,4.5,3.8458982
68,2338,3.0,1.9956046
462,3422,4.0,3.17484
610,3423,3.0,2.273439
166,3563,2.5,2.205545
474,3971,2.5,2.900729
111,4068,4.0,2.0509448
603,4345,4.0,2.5010715
275,4345,5.0,2.6621542
122,5630,4.5,4.145128
190,5630,4.0,2.9473898
232,5630,4.0,3.3732014
274,5630,3.0,3.782193
432,5630,4.5,3.6559632
448,5630,3.0,3.2534904
288,5630,4.0,2.822689
608,5630,4.5,3.7713556
561,5630,2.5,2.8707914
317,5630,5.0,3.4834957
606,6031,3.0,3.4124222
274,6405,3.0,2.8524175
274,27674,4.0,3.3669782
491,30825,4.0,3.5905826
309,30825,3.5,2.4443035
331,30825,2.0,2.536505
288,30825,3.5,2.5118504
482,30825,4.0,3.8668058
143,31433,4.0,2.9363337
357,31433,3.5,2.9824605
606,33880,4.5,3.3111188
105,42191,4.5,2.8731444
86,51662,1.5,3.771056
41,51662,2.0,2.9528437
380,51662,4.0,4.008186
247,51662,5.0,3.4947903
51,51662,5.0,3.8881047
608,51662,5.0,3.796614
213,51662,3.5,4.1048946
354,51662,3.5,3.7793713
561,51662,3.5,3.291589
119,51662,5.0,4.285674
573,51662,4.5,3.9607384
187,51662,2.5,2.9166403
232,59501,3.0,3.0553892
586,59501,4.0,3.854467
382,59501,4.0,3.6709042
68,59501,2.5,2.9722395
560,88744,3.5,3.7350807
610,88744,4.0,3.9829624
448,88744,2.5,3.3713698
509,88744,3.0,3.2626247
256,88744,4.0,4.0364575
573,88744,4.5,4.310451
514,111759,3.5,3.5954676
247,111759,4.0,3.5721045
63,111759,4.0,3.6660354
249,111759,4.5,4.213542
567,111759,2.5,2.3157926
525,111759,4.5,3.6933532
475,111759,4.0,4.7189684
599,229,2.5,2.4537709
603,307,4.0,3.0741305
64,307,3.5,3.977839
603,537,3.0,3.560873
368,1037,3.0,2.526216
555,1037,3.0,2.8485308
482,1037,3.5,2.8810887
587,1096,5.0,4.8248754
577,1096,3.0,4.082745
357,1096,3.5,4.846843
33,1545,5.0,3.810654
606,1727,3.5,3.6997364
177,2081,3.5,3.8680906
132,2081,2.0,3.1440501
328,2081,3.0,3.4268482
20,2081,5.0,4.373702
500,2081,3.0,2.6444497
554,2081,5.0,4.2973084
425,2081,2.5,3.1558027
489,2081,3.5,3.3079245
216,2081,4.0,3.1054313
288,2081,3.0,3.2166488
480,2081,3.0,3.255877
469,2081,4.0,3.077797
600,2081,4.0,3.2862492
144,2081,4.0,3.6559744
19,3273,2.0,2.161941
45,3273,4.0,3.1907413
414,3273,3.0,2.1836793
182,3326,2.5,2.7264209
516,4361,3.0,3.7871976
255,4361,1.0,2.6884518
384,4361,3.0,2.8636203
599,4361,3.5,3.0789013
325,4361,3.0,3.2766128
182,4361,4.0,3.9085104
307,4361,2.5,2.7709737
186,4361,4.0,4.0113516
493,4444,5.0,2.9981346
238,4916,3.0,2.6729906
479,5938,4.0,3.8063135
606,5956,4.0,3.703103
190,5956,3.0,3.6224988
182,5956,4.0,3.5567598
590,5956,3.5,3.268032
125,5956,4.5,3.8951554
95,5956,4.0,3.959581
354,5956,4.0,3.5175896
282,5956,4.5,3.719328
309,7303,4.0,3.5626533
563,7380,3.0,3.2230487
28,8641,3.0,2.9562864
111,8641,4.0,3.1991131
212,8641,3.5,3.6298394
169,8641,5.0,4.3533535
377,8641,4.5,3.658042
288,8641,4.0,3.313111
73,8641,3.5,4.109614
200,8641,3.0,3.8685527
105,8641,3.0,4.1717954
483,8641,4.0,3.7504466
380,52950,2.0,2.844907
28,54997,3.5,2.9354434
339,54997,5.0,3.8108017
380,54997,5.0,4.484187
514,54997,4.0,3.604155
331,54997,5.0,3.6591408
226,54997,4.0,3.7835467
50,62336,3.5,3.0714786
477,62336,5.0,4.359195
249,66171,3.5,2.8062577
24,69406,3.0,3.2001162
68,69406,3.0,3.7516334
517,91094,1.0,1.9818652
448,91535,2.0,2.926046
80,91535,4.0,3.8665059
567,91535,2.5,2.0229332
139,102125,1.5,1.9801002
292,102125,4.0,3.2755392
318,103384,3.5,2.9744816
596,149406,4.0,3.4550347
567,149406,2.0,2.2829394
561,149406,3.5,3.1589003
386,173,2.0,1.7291882
559,173,3.0,2.5894337
19,173,1.0,2.2726479
486,173,4.0,2.7725396
380,173,4.0,3.0958414
428,173,3.0,1.4063271
414,173,3.0,2.1607716
109,173,2.0,2.2395058
304,173,3.0,3.0100002
373,173,1.0,1.8720317
119,173,3.0,2.8749986
483,173,1.0,2.2738526
294,278,1.0,1.1148769
368,494,3.0,2.8607142
599,494,2.0,2.517366
19,494,2.0,2.7469282
269,494,3.0,4.1013246
590,494,3.0,3.2222881
486,494,5.0,3.6556072
364,494,5.0,4.3387637
150,494,3.0,3.571865
492,810,3.0,3.2584765
217,813,2.0,2.2730584
597,1036,4.0,4.1580024
183,1036,4.0,3.8505201
128,1036,3.0,4.2822185
372,1036,5.0,3.9055903
111,1036,2.0,3.2274776
402,1036,5.0,4.419634
292,1036,4.0,3.3475754
452,1036,4.0,5.2168946
425,1036,3.5,3.737367
590,1036,4.0,3.595199
231,1036,5.0,3.9010873
387,1036,3.0,3.3470492
610,1036,5.0,4.1021056
217,1036,4.0,3.2735343
220,1036,5.0,4.12454
555,1036,4.0,4.2182264
514,1036,4.0,3.6523335
84,1036,3.0,3.6431284
439,1036,4.5,3.803606
391,1036,5.0,3.3609495
543,1036,5.0,5.1373897
312,1036,3.0,3.7718143
418,1036,4.0,2.9318755
98,1036,5.0,4.0930653
200,1036,3.5,4.362877
71,1036,4.0,3.5368385
525,1036,4.5,3.5790296
66,1036,4.0,4.287689
18,1036,4.0,3.8973632
407,1036,3.0,4.0351276
474,2111,3.0,3.399404
68,2111,3.5,2.5416582
274,2402,3.5,2.9529455
555,2402,3.0,2.820339
160,2402,1.0,0.6973376
21,2402,3.0,3.4004138
469,2402,2.0,2.0280917
561,2402,4.0,2.201565
599,2872,3.5,2.9731216
462,2872,2.5,3.1727638
508,2872,1.5,2.2968967
158,2872,2.5,3.8109303
313,2872,4.0,3.3472152
474,2970,3.0,2.6450474
462,2970,3.0,2.4365857
387,2970,4.5,2.70072
603,2991,3.0,2.6586409
387,2991,3.5,2.7982254
288,2991,4.0,3.2363658
200,2991,4.0,4.161199
603,3018,4.0,2.937574
387,4210,3.5,2.6467545
532,4210,5.0,4.1695523
313,4210,4.0,2.728992
599,4881,3.0,3.1564217
182,4881,4.5,3.7412415
387,4881,3.5,3.5194607
182,5131,4.5,2.1025217
111,6564,3.5,2.8010802
182,6564,0.5,1.7827302
381,6564,3.0,2.8281488
525,6564,2.0,2.4943092
567,26171,0.5,2.4809408
68,44004,3.0,3.3709645
22,74789,0.5,1.4175881
489,74789,2.0,2.1797738
509,74789,2.5,2.776855
62,74789,5.0,3.3698022
317,74789,2.0,2.275672
122,103341,5.0,4.1741314
292,103341,3.5,2.8413033
408,103341,1.0,3.8793457
62,103341,4.0,3.7025006
125,103341,4.5,3.4385793
21,108156,3.0,2.7832313
564,118924,3.0,2.4971704
279,160438,2.0,2.3362794
586,160438,5.0,3.0806065
262,4,1.0,2.3519077
84,4,3.0,2.3540072
19,445,2.0,2.3243117
84,445,3.0,3.001674
477,1779,3.0,2.9537468
464,1779,3.5,3.2652216
199,1779,2.0,2.1333258
68,2046,3.0,3.0120194
294,2046,2.0,2.6389785
325,2204,3.0,3.684921
12,2581,5.0,3.2038698
409,2581,2.0,2.7555413
132,2581,3.5,2.662216
169,2581,4.5,3.418163
484,2581,3.5,3.1729867
575,2581,4.0,2.406053
600,2581,1.5,2.6619961
342,2581,3.0,2.969739
42,2581,3.0,3.1093054
36,2581,2.5,2.0636013
208,2581,4.0,2.390346
1,2993,5.0,4.0649633
292,2993,4.0,3.518605
292,3505,4.0,3.2620323
318,3653,4.5,2.6879973
226,3653,5.0,2.5357957
599,3830,2.5,0.3111681
603,4020,3.0,2.7388587
298,4020,1.0,2.419921
448,4333,3.0,2.8733957
68,5049,2.0,3.1162724
561,5049,3.5,3.6147718
249,5363,3.5,2.726534
480,5363,2.5,1.9467323
414,5363,3.5,2.2617817
326,5608,4.5,3.8127532
580,6003,3.5,4.119967
438,6280,2.5,1.599353
599,6348,2.5,1.3870916
427,6348,0.5,1.6476152
505,7360,5.0,3.7684345
226,7360,4.0,3.5158505
68,7360,4.5,3.1174026
606,27821,2.5,3.3487325
232,27821,3.0,3.3275445
305,51084,3.5,3.470862
560,51084,3.0,2.7161613
21,51084,3.5,3.1144931
103,73017,4.0,4.065774
233,73017,3.5,3.3130584
328,73017,3.0,3.1232877
489,73017,4.0,3.3686202
514,73017,4.0,3.8008084
509,73017,3.5,3.55851
382,73017,4.5,4.3748374
141,73017,2.5,3.7007856
105,73017,5.0,4.0806623
466,73017,4.5,3.9105299
365,73017,3.0,2.9215448
282,73017,2.5,4.1452703
551,73017,4.0,3.6067717
305,112788,3.5,2.106944
602,100,3.0,2.9860654
599,100,2.0,2.0838482
6,100,3.0,3.1799433
32,100,4.0,2.709897
372,450,3.0,2.6316357
597,930,4.0,4.891263
606,930,4.5,4.35574
474,930,4.0,3.9126992
216,930,5.0,3.7914577
580,2159,2.5,2.6746993
325,2159,5.0,4.2151227
51,2159,4.0,3.8208442
34,2424,1.0,2.8904293
274,2424,1.5,2.8797143
217,2424,3.0,2.8569562
307,2424,1.0,2.4903414
239,2424,4.5,3.672019
288,2424,3.0,3.1967921
89,2424,2.0,2.1664755
517,2424,1.5,2.778834
391,2574,2.0,1.5455083
380,3889,2.0,3.3812385
474,3959,3.0,3.4676428
51,3959,4.5,3.0653543
182,4054,4.0,2.5780191
68,4054,3.5,2.5349007
448,4066,2.0,2.3593774
474,4160,4.5,2.869337
298,4248,0.5,2.5580375
103,4254,3.5,2.2955604
599,4254,0.5,1.4851748
238,4254,4.0,2.347852
111,4299,3.5,2.9216664
590,4299,3.5,2.7519333
448,4299,4.0,2.8701067
63,4299,3.0,2.7086892
527,4299,4.0,3.9658325
24,4299,3.5,3.2664862
480,4299,3.0,2.717891
200,4299,4.5,3.9636083
105,4299,3.0,3.637598
483,4299,3.0,3.2138498
177,6212,2.5,2.0581625
424,6212,1.0,2.1759481
217,6425,2.0,0.600527
610,6567,3.0,1.8775227
414,6567,4.0,1.9250616
610,6966,4.0,4.1181884
246,44665,4.5,4.249621
139,44665,2.5,2.367582
553,44665,4.0,4.257119
318,44665,4.0,3.8535533
387,44665,3.0,3.1573393
196,44665,4.0,3.3792253
380,44665,4.0,3.965137
249,44665,3.0,4.25798
200,44665,4.5,4.257576
254,44665,3.0,3.8533258
18,44665,4.5,3.7985318
474,44864,4.0,2.7932193
111,56757,3.5,3.6431026
511,56757,3.5,3.9448059
610,56757,3.5,3.8356533
52,58998,5.0,4.570889
358,58998,1.0,4.551518
318,58998,3.0,3.618128
610,58998,4.0,3.9915147
288,58998,4.5,3.4363303
356,58998,3.5,4.283654
21,58998,4.5,3.2503343
414,58998,3.5,4.1372585
298,58998,3.0,2.95858
89,58998,3.0,2.381358
564,95441,3.5,3.2627552
380,95441,4.0,2.734797
119,95441,4.5,3.5297291
89,118572,4.0,1.870659
353,161,5.0,3.7538095
386,161,3.0,2.6893997
182,161,3.0,3.4984446
308,161,1.0,1.8742806
429,161,5.0,4.395012
470,161,3.0,3.6797898
570,161,3.0,3.273806
19,161,2.0,2.8807983
117,161,3.0,3.5350134
130,161,4.0,3.5087852
314,161,2.0,3.2713876
448,161,4.0,3.427436
38,161,4.0,3.5010836
121,161,3.0,3.2407987
480,161,3.5,3.3365066
411,161,4.0,3.6380324
376,161,5.0,3.9102952
56,161,4.0,3.7896166
58,161,4.0,4.0062428
379,161,4.0,3.3578343
28,555,3.0,2.8753333
103,555,5.0,4.1653852
91,555,3.5,3.4790683
444,555,4.0,4.088214
603,555,4.0,4.033245
244,555,4.0,3.8103025
51,555,4.5,3.9978113
391,555,5.0,3.5886273
38,555,2.0,3.1601195
298,555,3.0,2.8434286
58,555,3.0,3.9883847
42,555,5.0,3.7183933
99,555,4.0,4.4665837
387,1256,4.0,3.8024333
380,1256,4.0,3.9571884
288,1256,4.0,3.6301649
483,1256,4.0,4.5447755
4,1279,2.0,3.3761516
391,1279,4.0,4.33662
599,1385,2.5,1.9908848
607,1385,4.0,3.3730717
202,1385,3.0,2.5169356
381,1385,2.5,2.4710422
290,1385,3.0,2.4658508
256,1385,4.5,3.4458954
135,1385,3.0,2.1020246
603,1397,4.0,2.609215
368,1996,1.0,1.609922
474,1996,1.0,1.7133625
357,1996,2.5,2.000263
579,2687,5.0,4.022892
583,2687,3.0,2.818602
247,2687,3.0,3.0787597
27,3479,4.0,2.7730277
474,3479,2.0,3.2785923
202,3479,4.0,3.4248416
217,3479,2.0,2.490214
558,3479,3.0,3.197243
474,3629,4.0,3.648795
156,3629,4.0,3.9459028
91,6283,4.5,3.602277
428,6283,3.5,2.7215736
159,40819,3.5,3.312867
274,40819,3.0,3.3975852
64,40819,4.0,3.9854128
387,40819,3.5,3.6108851
219,40819,2.0,3.5869448
414,40819,4.0,4.137873
334,40819,3.5,3.59995
318,88129,3.5,3.6137462
249,88129,5.0,3.7867417
298,88129,3.0,3.0611
551,88129,4.0,2.7894104
305,90249,4.0,3.4843953
306,115664,4.5,2.809276
122,134368,3.5,3.9721978
111,134368,5.0,3.7847886
563,134368,4.5,3.732099
249,134368,4.0,3.9173448
21,134368,3.5,3.8815784
256,134368,3.0,3.9804535
298,139642,2.0,2.4090927
248,147374,5.0,3.1636353
604,23,4.0,4.0580845
314,23,3.0,2.7375095
464,23,3.0,3.391009
99,23,4.0,3.8043478
577,39,3.0,3.1645136
409,39,4.0,3.3539724
474,39,3.5,2.4971652
169,39,3.5,3.9006286
94,39,1.0,2.711063
507,39,3.0,2.8890648
564,39,3.5,3.0361736
176,39,3.0,3.6178012
446,39,3.0,2.7521465
102,39,3.0,3.3602698
121,39,4.0,2.8102934
608,39,3.0,2.3621445
284,39,3.0,3.6513405
104,39,4.0,3.3773208
468,39,5.0,2.737392
350,719,3.0,2.517164
206,719,3.0,3.683972
268,719,3.0,2.3122418
381,719,3.5,2.989026
456,719,3.0,3.3942337
389,719,4.0,3.2500699
21,719,3.5,2.9261336
529,719,2.0,2.2887585
53,922,5.0,5.6061163
597,922,5.0,4.951232
59,922,4.0,4.839021
105,922,4.0,4.384402
181,981,3.0,2.3965347
103,1015,3.0,3.112098
599,1015,1.5,1.9087653
381,1015,3.5,3.296951
36,1015,2.0,2.3753147
517,1015,3.5,2.1272206
137,1022,3.0,3.461794
375,1022,3.0,4.0745487
385,1022,3.0,3.1137776
27,1022,4.0,3.2292974
232,1022,2.5,3.2051342
117,1022,4.0,3.4085865
484,1022,4.5,3.952099
318,1022,2.5,3.3202333
448,1022,4.0,2.8716373
357,1022,4.5,3.8983774
603,1060,4.0,4.067305
64,1060,3.5,3.789347
510,1060,3.0,2.3356977
414,1060,5.0,3.6224868
608,1060,4.0,3.3979046
298,1060,3.5,2.148585
580,1254,0.5,3.1895785
599,1254,3.0,3.1532474
603,1254,5.0,3.848103
474,1254,4.5,3.6793084
387,1254,4.0,3.7241807
469,1254,3.0,4.2027836
474,2579,4.0,3.3136253
137,2959,3.0,4.0809183
384,2959,4.0,3.8145726
460,2959,4.5,4.591138
209,2959,4.5,4.942899
246,2959,4.0,4.7772202
346,2959,3.5,4.10371
305,2959,4.5,4.6281824
474,2959,4.0,3.894454
178,2959,4.5,4.8162265
432,2959,3.5,4.083809
582,2959,4.0,4.069767
560,2959,4.5,4.249433
64,2959,4.5,4.3949976
511,2959,5.0,4.6772866
462,2959,3.5,3.187702
503,2959,3.5,4.1054974
326,2959,4.0,4.13124
4,2959,2.0,3.113782
434,2959,5.0,4.704419
443,2959,4.0,4.3521466
331,2959,4.0,4.6687055
166,2959,4.5,4.52884
63,2959,5.0,3.992257
50,2959,3.0,3.506232
125,2959,5.0,4.3663144
526,2959,4.0,4.314892
352,2959,5.0,4.727809
287,2959,4.0,3.4714572
457,2959,5.0,4.515897
204,2959,5.0,4.8700767
369,2959,4.5,4.1713076
413,2959,5.0,4.809087
525,2959,3.5,4.1262918
342,2959,4.0,3.7605953
135,2959,5.0,4.6000547
42,2959,3.0,4.9383993
466,2959,4.0,4.0362825
144,2959,4.0,4.216649
180,2959,4.5,3.6584234
187,2959,3.0,4.289204
27,3157,3.0,1.7484543
274,3157,3.0,2.8660316
292,3157,3.0,2.2245276
339,3157,3.0,3.4276986
288,3157,3.0,2.8671708
517,3157,2.0,3.0321279
103,4002,4.5,4.017624
307,4002,2.5,3.8470104
410,4002,5.0,3.962472
274,4105,4.0,3.254757
307,4105,3.5,3.0977452
533,4105,5.0,4.273075
608,4105,3.5,3.2869837
232,5064,4.0,3.8242571
428,5064,3.0,3.1154175
80,5064,5.0,4.4790044
480,5064,4.0,3.2761428
28,5418,3.5,3.3062568
606,5418,4.0,3.6918054
91,5418,4.0,3.8570373
111,5418,0.5,3.3430686
305,5418,3.5,4.077202
325,5418,4.0,3.2159696
52,5418,5.0,4.512484
542,5418,4.0,3.738759
598,5418,4.0,3.250237
590,5418,3.5,3.52751
381,5418,5.0,3.9506505
503,5418,1.5,3.0455902
220,5418,4.0,4.0652537
301,5418,4.0,3.4944024
380,5418,4.0,4.2357144
434,5418,4.0,3.5751317
288,5418,3.5,3.5627596
356,5418,3.5,4.02654
427,5418,4.0,3.429399
95,5418,5.0,4.045171
141,5418,3.5,3.709132
414,5418,4.0,3.6696208
213,5418,4.5,4.223244
105,5418,3.5,4.1350493
83,5418,0.5,3.3713298
68,5418,4.5,3.808281
199,5418,4.0,3.2852023
119,5418,4.0,4.364735
18,5418,4.0,3.8825095
599,5792,3.0,3.148273
474,5792,2.5,3.665317
95,5792,4.0,4.3152094
474,25750,4.0,1.4695531
76,58803,3.0,2.6476297
232,58803,3.5,3.5912347
495,58803,4.0,4.133109
419,64197,5.0,4.1059422
380,66783,3.0,2.9385672
249,96811,4.0,4.005047
414,162578,4.5,3.56558
385,380,3.0,3.3273156
26,380,3.0,3.2873483
602,380,3.0,3.3004699
372,380,5.0,2.7555485
93,380,5.0,4.335699
182,380,3.0,3.4959621
6,380,4.0,3.715685
429,380,5.0,3.8346884
470,380,5.0,3.3047514
559,380,3.0,3.3692732
489,380,3.5,3.191572
374,380,5.0,3.3902771
586,380,4.5,3.9648807
387,380,2.0,2.6251273
217,380,2.0,2.830845
161,380,3.5,4.3351445
555,380,4.0,3.0417924
136,380,3.0,3.4599676
428,380,2.0,2.4113488
448,380,3.0,3.0175061
102,380,3.0,3.0242648
82,380,4.0,3.3273547
249,380,4.0,3.6142538
288,380,3.0,2.8846376
464,380,3.0,3.1188836
56,380,4.0,3.5962331
370,380,4.0,2.9778554
561,380,3.5,3.2592154
600,380,3.0,2.9931588
566,380,3.0,3.3007646
573,380,4.5,4.034055
186,380,4.0,4.0820117
18,380,2.5,3.3713262
468,380,4.0,3.2507176
187,380,2.0,2.6007996
243,520,5.0,3.7786384
330,520,3.0,3.0491493
570,520,1.5,2.9828496
43,520,5.0,3.3992963
590,520,3.0,2.6898823
538,520,5.0,3.1806257
387,520,3.5,2.460317
217,520,2.0,2.6929166
307,520,2.0,2.6392047
273,520,3.0,3.0783434
135,520,3.0,3.0688674
517,520,1.5,1.7028526
593,736,2.0,2.1756501
372,736,4.0,2.9426126
93,736,4.0,4.2153335
177,736,4.0,2.5114372
297,736,1.0,1.4910935
479,736,3.0,2.2983243
402,736,3.0,3.7741883
120,736,3.0,3.179737
64,736,3.5,3.001721
607,736,5.0,3.9436707
437,736,5.0,2.5762904
307,736,1.0,2.0603116
220,736,4.0,3.099038
277,736,4.0,2.973903
234,736,5.0,3.5112996
589,736,5.0,3.4593291
214,736,2.0,2.7070663
469,736,3.0,2.2462344
151,736,4.0,3.845833
11,736,4.0,3.561922
270,736,4.0,2.6748788
284,736,4.0,3.2069929
302,736,3.0,3.1130183
174,736,5.0,3.594493
584,736,5.0,4.4368744
290,1041,5.0,4.561111
221,1041,5.0,4.4340944
74,1041,5.0,4.460408
362,1287,4.5,4.1350193
367,1287,4.0,3.357459
199,1287,4.5,3.575955
357,1287,4.0,3.8367949
481,1614,2.0,2.1843302
606,1614,4.0,2.9784868
217,1614,3.0,2.720378
448,1614,4.0,3.143774
156,1614,1.0,2.9866202
34,1717,3.5,2.3917334
115,1717,4.0,2.71796
474,1717,4.0,2.5072727
607,1717,5.0,3.0967798
160,1717,1.0,1.9402617
600,1717,2.5,2.102883
597,1754,3.0,3.8506503
608,2315,3.0,2.1009483
548,3263,4.5,2.4330802
91,3263,2.0,2.5013404
19,3263,2.0,2.0910993
207,3263,3.5,2.000532
17,3263,4.0,3.1152782
448,3263,4.0,2.598939
198,3263,3.0,2.9141045
177,3964,3.5,2.8180163
91,4369,3.5,2.7441726
140,4369,3.0,2.6651866
305,4369,4.0,3.2593827
182,4369,1.5,2.5151799
20,4369,2.0,2.334688
448,4369,2.0,3.0677555
249,4369,3.5,3.4420419
167,4369,1.0,2.4357412
195,4369,3.0,3.0061069
75,4369,2.5,2.7419646
105,4369,4.0,3.2635105
119,4369,5.0,3.4207978
466,4369,3.0,3.2227104
282,4369,3.0,2.8957584
551,4369,4.0,3.2126691
182,5425,4.5,3.172847
23,6857,3.5,3.246283
320,6857,3.5,3.8381627
167,6857,4.0,4.5675697
477,6857,4.0,4.007025
483,6857,4.5,3.8818734
599,7354,3.5,2.4889636
91,8581,4.0,3.5416257
332,8984,3.0,2.904393
274,8984,2.0,2.5694776
182,8984,3.0,2.9693902
318,8984,3.5,3.1316774
537,8984,5.0,3.4949276
239,8984,4.0,3.8167212
249,8984,4.0,3.6515026
480,8984,3.0,3.5597377
68,8984,3.0,3.5081804
600,8984,1.0,2.3125324
199,8984,3.0,2.6316752
462,27850,3.5,2.993592
78,44974,0.5,4.345109
610,44974,3.5,3.6872587
563,45221,3.0,1.8146305
122,63113,4.5,4.079788
599,63113,2.5,2.688706
380,63113,4.0,3.65093
520,63113,2.5,3.669884
24,63113,3.0,3.4142406
62,63113,4.5,3.8381548
21,63113,3.5,3.5064871
68,63113,3.0,3.4917874
522,63113,4.5,3.607646
517,63113,0.5,2.0531116
419,97866,5.0,3.5636263
596,111362,3.0,3.6701608
73,111362,5.0,3.972185
62,111362,4.0,4.0859113
567,111362,3.0,2.3842125
551,111362,3.5,3.775908
483,111362,4.0,3.8838856
212,152077,3.0,3.3886554
306,152077,2.5,2.9774473
98,152077,4.5,3.5399895
567,152077,3.0,1.9581006
62,174053,5.0,4.2019587
350,7,3.0,2.3993278
280,7,4.5,3.225205
84,7,3.0,3.3628042
541,7,4.0,3.6013074
270,7,3.0,3.566677
474,162,3.5,3.9106147
462,162,4.0,3.5876672
387,162,4.0,3.7466092
221,162,4.5,4.098673
167,514,3.5,3.322484
608,514,2.5,3.1121352
135,514,3.0,3.4099512
207,637,1.0,3.047983
136,637,4.0,2.5650425
448,637,2.0,2.495244
284,637,4.0,2.9430497
294,637,3.0,2.31862
66,637,3.0,2.8625288
521,637,3.0,2.8986723
368,1431,2.0,2.194107
182,1431,2.0,2.0637457
448,1432,2.0,2.879993
182,2034,3.5,2.9997513
479,2034,1.0,3.0697038
383,2436,5.0,4.2699714
188,2436,5.0,3.9518056
575,2436,3.0,3.3481174
474,2935,4.0,3.692237
290,2935,4.0,4.5236564
89,2935,1.0,2.5169973
91,4909,2.0,1.6379335
606,6385,4.0,3.6539032
253,6385,4.0,4.0132813
460,6385,4.5,3.824608
182,6385,3.0,3.3236818
381,6385,4.0,3.2965431
488,6385,5.0,3.370486
448,6760,3.0,2.5513625
221,7728,4.0,3.5626955
132,7773,4.0,2.2569919
105,30803,4.0,4.447712
534,72308,4.0,4.045587
596,134130,4.0,3.7355423
305,134130,3.0,4.094657
586,134130,2.5,4.6014853
514,134130,4.0,3.6510606
550,134130,4.0,4.1773553
98,134130,4.5,4.047392
534,134130,3.0,4.050902
68,134130,5.0,3.6944845
18,134130,4.5,3.915213
606,446,3.5,3.8913662
474,446,3.0,3.1335936
540,648,3.5,3.8240483
602,648,4.0,3.3422081
232,648,3.0,3.436442
233,648,3.0,2.9838352
599,648,3.0,2.5558288
386,648,3.0,2.560468
182,648,4.0,3.1499376
57,648,4.0,2.995179
570,648,3.5,3.343216
452,648,5.0,4.5779905
425,648,3.5,3.394111
590,648,3.5,3.178689
486,648,5.0,3.9149542
381,648,3.0,3.5611672
594,648,5.0,4.4822063
437,648,3.0,3.2999744
456,648,4.0,4.0950084
326,648,3.0,3.5688298
220,648,3.0,3.8427055
301,648,2.5,3.002419
100,648,4.0,4.12851
244,648,4.0,3.6001294
428,648,2.5,2.379618
391,648,3.0,2.8256016
389,648,3.0,4.6098013
216,648,2.0,2.819414
38,648,4.0,3.0495932
160,648,1.0,2.3809283
156,648,3.5,3.0096252
600,648,3.0,2.8321671
135,648,4.0,3.2267618
566,648,4.0,3.4085014
529,648,3.0,3.6435552
313,648,1.0,2.8233576
551,648,4.0,3.82632
560,1365,4.0,3.0947375
600,2136,3.5,2.4188056
315,2136,3.0,1.5472963
474,2357,4.5,3.8888423
391,2357,4.0,3.6653693
177,2717,3.0,3.1464975
274,2717,3.0,2.902393
381,2717,2.5,3.3670647
555,2717,2.0,3.1192226
288,2717,2.0,2.6691773
561,2717,3.5,2.93219
608,2912,4.0,3.231658
367,2918,5.0,4.3482823
111,2918,3.5,3.5443523
182,2918,4.5,3.684235
268,2918,3.0,3.2799397
563,2918,3.5,3.8042417
263,2918,3.0,3.873526
533,2918,3.5,4.333323
527,2918,4.0,4.152562
45,2918,5.0,4.3348927
418,2918,4.5,3.619391
356,2918,5.0,3.9900196
70,2918,3.5,4.217526
480,2918,4.0,3.7748466
226,2918,4.5,3.9881845
608,2918,4.0,3.0689888
188,2918,5.0,3.97099
600,2918,4.0,3.5941777
201,2918,5.0,4.8802204
357,2918,4.0,4.049616
18,2918,3.5,3.9048622
600,4109,3.5,1.9145291
610,4437,5.0,3.7452111
312,4437,5.0,3.8974571
391,5075,2.0,3.8339925
599,8861,2.0,2.1650255
523,8861,5.0,3.0074873
509,8861,2.0,2.2544906
249,8861,3.0,2.9645886
80,8861,4.0,3.4368114
213,8861,4.0,3.0930712
599,8874,3.0,3.1811817
132,8874,3.5,3.4069667
274,8874,4.0,4.019088
474,8874,4.0,3.6457782
41,8874,2.0,2.9234104
505,8874,5.0,3.8059871
441,8874,5.0,4.986701
331,8874,5.0,4.1067777
129,8874,4.0,4.34339
448,8874,4.0,3.6258256
63,8874,5.0,3.8242068
477,8874,5.0,4.261629
334,8874,3.0,3.5295715
200,8874,4.0,4.389851
260,8874,2.5,3.678762
199,8874,4.5,3.1788476
562,8874,2.5,4.379345
483,8874,4.5,4.266326
187,8874,5.0,3.696536
305,26776,3.5,4.050314
387,26776,3.5,3.62513
477,26776,4.5,4.1413136
438,34338,5.0,3.1192331
605,34338,3.0,2.508051
105,57504,4.5,4.1748495
483,57504,4.0,4.0589256
232,58047,4.0,3.4100573
534,66798,2.0,2.2776916
89,92643,5.0,2.3043797
596,110553,2.5,2.2503533
177,110553,4.0,2.589694
21,110553,3.0,2.5646803
417,115713,5.0,3.7467158
279,115713,5.0,3.71746
15,115713,2.0,2.8152902
424,115713,4.5,3.099791
2,115713,3.5,3.6708426
279,158238,3.0,3.52324
610,158238,5.0,4.0450096
249,158238,4.5,4.2203746
62,158238,4.0,4.150923
18,158238,4.0,3.8332946
599,173291,3.0,1.7674539
380,173291,2.0,2.7459757
541,453,2.0,3.0103023
500,720,4.0,2.6785128
19,720,4.0,3.9853623
171,720,5.0,5.0558186
448,720,4.0,3.976052
576,720,3.0,3.3321533
260,720,5.0,4.633233
368,1358,4.0,3.0370088
28,1358,4.0,2.8592167
103,1358,4.0,4.2641172
297,1358,4.0,2.8802612
292,1358,2.0,2.8100405
64,1358,4.0,3.9763193
590,1358,4.0,3.6055155
88,1358,4.0,4.0459824
202,1358,4.0,3.8733873
17,1358,3.0,3.9391375
520,1358,4.5,3.9054961
391,1358,5.0,3.2025566
129,1358,0.5,3.8407116
195,1358,4.0,3.955419
469,1358,4.0,3.6377325
66,1358,5.0,4.130175
288,3169,3.0,2.7355847
414,3169,4.0,2.8105536
438,3852,3.5,3.335315
356,3852,5.0,3.6659596
600,3852,3.0,2.7151606
590,3864,1.5,1.874748
332,5481,3.0,2.6774654
111,5481,3.5,3.3952448
177,5481,1.0,3.0715928
132,5481,3.0,2.4163282
169,5481,4.5,3.1078815
139,5481,1.0,2.0124989
377,5481,3.5,2.847918
542,5481,0.5,2.9190116
560,5481,3.5,2.7217083
64,5481,3.5,2.7594519
590,5481,1.5,2.5671897
9,5481,5.0,3.1332254
448,5481,4.0,2.352386
477,5481,3.5,3.2643008
68,5481,2.5,2.842575
525,5481,2.5,2.6589134
89,5481,2.0,2.1196866
274,7150,1.0,2.7544858
305,8014,4.0,4.3926926
64,8014,5.0,4.2103176
83,8014,3.5,4.209766
232,31221,2.0,2.8732903
380,31221,2.0,2.5692246
438,31221,1.5,2.368901
414,31221,2.5,1.8108054
232,31420,2.5,2.930634
140,31420,3.5,2.8348641
438,31420,3.5,2.8138237
361,31420,3.5,2.6922767
232,33499,2.5,2.3419385
563,33499,2.5,2.442416
480,34271,4.0,3.0927954
76,56782,3.5,3.674373
122,56782,5.0,5.159103
88,56782,4.5,4.590141
143,59421,4.0,2.1332798
232,62081,3.5,2.7260983
305,62081,2.5,2.8027883
292,62081,4.0,2.538534
232,79224,3.5,2.04101
50,79224,2.0,0.84850645
249,79224,3.5,2.0772848
204,79224,0.5,2.4256961
483,79224,4.0,1.8857278
209,140956,3.5,3.1634214
380,140956,3.0,3.7172012
514,140956,3.0,3.0699139
21,164909,3.5,2.713782
346,247,4.0,3.8087678
416,247,4.0,3.9954689
132,247,3.0,3.0816293
5,247,5.0,3.0082893
51,247,5.0,4.1800475
603,314,3.0,3.3017924
6,314,5.0,3.2992573
606,627,3.5,3.8947895
19,627,2.0,2.7796078
314,728,4.0,3.5539923
90,728,3.0,3.7817838
469,728,3.0,3.5509121
276,728,4.0,4.9835567
599,1810,3.5,2.922727
263,1810,4.0,3.3911097
414,1810,3.0,3.3139071
412,1914,4.0,3.6989827
603,1914,2.0,2.4889398
260,1914,4.0,3.244939
603,2053,2.0,1.2672349
607,2053,3.0,2.2286158
380,2053,3.0,2.2190948
226,2053,2.0,2.2057111
57,2083,3.0,3.7454913
505,2083,5.0,3.7941658
288,2083,3.0,3.4816375
474,2097,3.5,2.9563084
51,2097,2.5,2.591838
368,2399,2.0,1.675018
414,2399,2.0,2.21429
182,3158,4.0,3.42003
384,3543,5.0,2.737009
168,3543,4.5,3.9887562
216,3543,5.0,3.4959662
432,3916,4.0,3.6733284
381,3916,4.0,3.881137
610,3916,3.5,3.6527514
438,3916,4.0,3.936002
480,3916,2.5,3.2869046
422,3916,4.0,3.830328
480,4149,3.0,2.5363736
414,4149,3.0,3.0378711
182,5065,2.5,2.72681
312,5065,3.0,3.3044589
288,5065,3.0,3.1033757
332,5218,4.0,3.4217975
103,5218,3.5,3.8484092
169,5218,4.0,4.561611
292,5218,4.0,3.7642589
542,5218,4.0,3.7270317
489,5218,3.5,3.0936058
318,5218,3.5,3.653683
220,5218,5.0,4.042838
49,5218,4.0,3.9516344
453,5218,5.0,3.9231787
50,5218,2.0,2.3106203
249,5218,4.0,3.909827
226,5218,4.0,3.6350164
141,5218,3.0,3.4270456
608,5218,4.0,3.61378
534,5218,2.5,3.9350858
204,5218,4.0,3.669236
525,5218,3.0,3.4680715
282,5218,4.5,3.9951208
132,5679,3.0,2.634419
590,5679,3.0,2.9876213
316,5679,4.0,2.904528
239,5679,2.5,3.6015341
288,5679,2.0,2.9697747
219,5679,2.5,3.106287
608,5679,4.5,3.238307
474,6162,2.5,3.4181361
414,6162,3.5,3.882572
438,8970,4.0,3.560679
414,8970,4.0,3.4662108
610,59103,3.0,2.904273
483,76173,4.5,2.6992836
298,86911,3.0,0.89867365
210,90647,4.5,3.6288095
249,90647,4.0,3.3880372
382,90647,3.5,3.7196856
339,106782,5.0,4.3419824
441,106782,4.0,4.2251472
537,106782,5.0,4.2860446
414,106782,4.0,3.8359673
298,106782,3.0,3.0946586
68,106782,3.0,3.7416878
153,106782,1.0,2.1248486
19,87,2.0,2.0944939
217,87,3.0,2.3745222
597,1233,4.0,4.66769
182,1233,4.5,4.0830965
590,1233,4.5,3.8851542
391,1233,5.0,4.001185
532,1233,5.0,4.134344
467,1233,5.0,4.280161
524,1233,5.0,3.4483662
312,1233,4.0,4.5827312
195,1233,3.0,3.9631865
414,1233,5.0,4.4138584
215,1233,4.0,3.9430475
513,1374,4.5,3.933355
368,1374,3.0,2.9919913
577,1374,3.0,3.8516927
590,1374,4.5,3.7774785
586,1374,5.0,4.229614
234,1374,3.0,4.2071323
160,1374,1.0,4.121419
304,1374,5.0,4.042281
135,1374,4.0,3.9531312
79,1374,4.0,4.1570864
18,1374,4.5,3.8816266
475,1374,4.5,4.8788133
597,1845,4.0,4.2139845
91,1845,4.0,3.9087398
391,1845,4.0,3.7077124
135,1845,5.0,4.425234
368,4009,3.0,2.3593879
599,4010,2.0,2.526582
606,4359,4.0,3.4780695
307,4359,3.0,3.15415
137,4427,4.5,3.9664016
474,4427,3.5,3.2705653
606,5014,4.0,3.7866724
47,5014,3.0,3.6816862
169,5014,4.5,4.835227
489,5014,3.5,2.8590975
427,5014,3.5,3.267015
105,5014,4.5,3.5595174
525,5014,3.5,3.1415734
599,6093,2.0,2.9200044
18,7753,3.5,3.1237135
599,8169,3.0,2.5911462
306,75805,3.0,2.717899
300,92259,4.0,3.9266088
41,92259,4.0,3.556858
563,92259,3.5,3.5996346
326,92259,5.0,4.5254765
119,92259,4.5,4.6647463
483,92259,4.5,3.7258074
89,92259,2.5,3.372357
448,97860,2.5,2.7187166
18,98585,3.5,3.319682
103,109374,4.0,4.064124
318,109374,4.0,4.0046563
610,109374,4.5,4.4121404
241,109374,3.0,4.0047283
509,109374,3.5,3.4624422
249,109374,4.5,4.1603465
62,109374,5.0,4.391456
414,109374,4.0,3.9542732
567,109374,5.0,2.9547684
525,109374,4.0,3.645197
153,109374,4.0,2.6525855
407,109374,3.5,3.7146962
89,109374,3.5,2.418855
6,171,3.0,2.6324158
57,171,4.0,3.500316
173,171,5.0,2.9917078
425,273,3.5,3.1033742
136,273,3.0,3.0388875
414,273,2.0,2.900787
109,273,3.0,3.0923674
6,343,3.0,2.6200285
368,434,3.0,2.4201272
126,434,3.0,3.1985092
476,434,3.0,2.8493495
6,434,4.0,3.5861442
96,434,4.0,3.3165576
498,434,3.0,3.3964844
176,434,4.0,3.4975762
380,434,3.0,2.912117
453,434,4.0,3.2909608
569,434,4.0,3.545382
249,434,3.5,2.7949276
121,434,3.0,2.7462242
411,434,3.0,3.0364134
195,434,3.0,2.767715
561,434,2.5,2.3814013
379,434,3.0,2.7720282
42,434,4.0,2.9480293
377,585,4.0,2.6821306
590,585,2.0,2.7896605
555,585,3.0,2.3748527
84,585,3.0,2.4677691
136,585,1.0,2.4582627
411,585,3.0,2.259862
414,585,2.5,2.4254239
68,585,3.5,2.1568549
584,585,3.0,3.3930707
606,1305,4.0,3.4471834
1,1620,4.0,3.6670456
297,1620,2.0,2.4275112
160,1620,0.5,1.3173194
597,1673,5.0,4.6863914
368,1673,3.0,3.5201244
239,1673,3.0,4.218039
335,1673,3.5,4.1923523
414,1673,4.0,4.2295804
33,1673,5.0,4.5001855
608,2188,2.0,1.6296866
342,2188,3.0,1.5630653
57,2429,1.0,2.4981923
527,2429,4.0,3.1904404
288,2429,3.0,2.4868042
167,3397,4.0,2.9476168
294,3397,4.0,2.2344902
186,3516,4.0,3.8211586
211,4011,4.5,4.2711945
209,4011,5.0,4.3677545
212,4011,4.0,3.6277275
274,4011,2.5,4.0171585
13,4011,5.0,4.637942
560,4011,4.0,3.9381318
318,4011,4.0,4.2489576
307,4011,3.5,3.3044608
445,4011,3.5,3.8399715
166,4011,4.5,4.449973
249,4011,4.0,4.351027
160,4011,4.5,3.5239105
480,4011,3.5,3.6652045
105,4011,5.0,4.2889433
561,4011,4.5,4.005999
67,4011,4.5,3.946446
563,4154,4.0,2.8032959
560,5903,3.5,3.8673675
64,5903,3.5,3.8182151
318,5903,4.0,4.0156264
63,5903,3.5,3.5991907
24,5903,3.0,3.8047342
477,5903,4.0,4.1681857
226,5903,4.5,3.7881093
390,5903,4.0,4.024337
105,5903,4.0,4.09766
357,5903,4.0,3.9002955
66,7004,3.5,2.991911
140,7076,5.0,3.59983
590,7076,3.5,3.1492376
448,7076,4.0,3.3359535
221,7076,4.0,3.916421
18,27878,4.5,3.8340857
222,95449,1.5,2.654417
318,109187,3.5,2.8210127
41,115569,4.0,2.9620733
318,115569,4.0,3.8417993
610,115569,4.5,4.065166
249,115569,5.0,4.3488503
323,115569,4.0,2.6920373
148,122886,3.5,3.9634423
319,122886,3.5,4.4220824
212,122886,3.5,3.5364606
328,122886,2.5,3.2481794
610,122886,4.5,3.931412
448,122886,3.5,3.1685421
21,122886,4.0,3.527483
561,122886,4.0,3.2277176
21,132157,2.5,1.9088717
119,132157,3.5,2.6811798
182,194,4.5,3.711924
191,194,5.0,4.6031985
280,277,3.0,3.7386003
43,277,5.0,4.5569806
136,277,3.0,3.255871
357,277,4.0,3.404923
588,428,4.0,2.9660385
28,428,2.5,2.5145977
372,428,3.0,3.409306
599,428,3.0,2.7232292
262,428,3.0,3.2682319
57,994,4.0,3.6682177
33,994,5.0,4.107125
169,1381,3.0,2.6273184
19,1963,3.0,3.500756
217,1963,1.0,3.1071682
156,1963,3.0,3.6582272
469,1963,3.0,4.1847835
600,1963,3.5,3.4907544
201,2262,3.0,3.669902
290,2333,4.0,4.395672
597,2921,5.0,4.591468
57,2921,5.0,3.9312615
274,3821,2.0,2.2762074
380,3821,2.0,3.2228827
428,3821,1.5,1.6575254
448,3821,3.0,2.05694
528,3821,2.0,2.4465861
514,4124,1.0,0.82157767
113,4124,1.0,0.9253174
68,4124,2.0,0.70763785
603,4787,3.0,2.4485564
474,4787,4.0,3.1044428
610,4821,4.0,3.327106
9,5451,4.0,3.0742528
232,5501,3.5,0.9579598
414,5788,2.5,4.168702
28,7884,2.5,2.6509376
274,44840,3.5,2.345034
18,58299,4.0,3.203534
560,80831,2.5,3.6514838
533,80831,5.0,4.3348794
448,95067,2.5,1.769206
599,97306,3.0,2.9975889
537,97306,2.5,3.8956456
352,97306,3.5,3.4738398
561,97306,2.0,3.356099
159,112556,2.0,2.7312078
305,112556,3.5,3.7624936
495,112556,5.0,4.375597
73,112556,4.0,4.2608957
323,112556,3.0,2.8310277
414,112556,4.0,3.9976044
424,112556,1.0,3.1069539
407,112556,5.0,3.856826
119,131714,4.0,2.9880748
414,438,2.0,3.1381946
436,532,3.0,2.3059351
440,532,3.0,2.9588137
6,532,3.0,2.7077324
559,532,3.0,3.0905416
43,532,4.0,2.7155273
273,532,4.0,3.0714657
104,532,3.0,2.2004633
555,1297,3.0,4.3558183
288,1297,4.0,3.4607248
68,1297,3.0,3.123581
368,1388,2.0,2.4325538
217,1388,3.0,2.4535005
382,1388,3.5,2.5532987
469,1388,3.0,2.6051097
217,1598,3.0,1.6984793
610,1840,4.0,3.486569
182,2863,4.0,3.496509
590,2863,4.0,3.5602016
275,3038,5.0,3.915921
580,3052,3.5,3.8393862
596,3052,4.0,3.7894824
330,3052,5.0,3.483947
225,3052,4.0,3.5215983
1,3052,5.0,4.1030664
182,3052,2.5,3.3333466
474,3052,4.0,3.5151963
570,3052,3.5,3.1649148
318,3052,4.0,4.019376
45,3052,4.0,4.370587
125,3052,5.0,3.664167
480,3052,1.0,3.316353
477,3052,3.5,3.8077295
141,3052,3.5,3.7058196
105,3052,4.0,3.8728185
600,3052,3.5,2.8070037
135,3052,5.0,3.6058578
483,3052,4.0,3.8016126
387,3608,3.0,2.8423982
469,3608,3.0,3.432752
469,3763,3.0,3.4614224
140,5400,3.0,3.0355554
438,5400,2.5,3.1749904
219,5400,2.0,2.3265455
474,5899,3.0,3.3563585
310,5899,5.0,2.7156994
232,6264,3.0,2.7290142
303,6264,3.5,3.859483
474,7493,4.0,3.2881308
380,27311,5.0,3.1251261
62,33660,4.0,4.388687
480,33660,4.5,3.6795955
254,33660,4.0,4.0052032
159,72641,5.0,3.1521096
232,72641,4.0,3.604351
47,72641,4.0,2.6970255
177,72641,4.0,3.4700983
280,72641,5.0,3.8102572
339,72641,4.5,3.580317
258,72641,3.0,3.8046696
279,72641,2.0,3.2193046
590,72641,3.5,2.873625
514,72641,4.0,3.1969962
213,72641,4.0,4.1333666
426,72641,5.0,3.3386748
298,72641,1.5,2.264565
68,72641,4.5,3.733727
153,72641,1.0,1.6740751
509,80549,4.0,3.468724
10,80549,3.5,3.4523113
125,80549,3.5,3.3693807
534,80549,4.0,4.3278427
298,80549,2.0,2.5476928
89,80549,2.0,2.5954528
596,87304,3.5,3.5425029
298,88746,2.0,1.9966747
305,106002,4.0,3.1298356
610,106002,3.5,2.8781724
352,106002,4.5,2.9677641
248,106002,3.5,3.166049
62,112804,4.5,4.1442704
560,120478,3.5,4.2380466
353,69,3.0,3.8264604
182,69,3.0,3.313918
484,69,4.5,3.6494644
428,69,3.5,2.5113943
603,166,4.0,1.1565696
414,166,3.0,1.1692708
411,448,4.0,3.3445308
33,448,4.0,3.019998
474,928,5.0,4.0835195
387,928,4.0,3.7079732
290,928,5.0,4.4396496
219,928,3.0,4.1588836
580,1200,4.5,4.0017405
78,1200,3.0,3.2637312
597,1200,5.0,4.3360476
577,1200,3.0,3.605645
599,1200,5.0,3.3615923
212,1200,3.5,3.4853024
328,1200,4.0,3.4466314
202,1200,5.0,4.07666
49,1200,4.5,4.0715885
520,1200,5.0,4.0977836
514,1200,5.0,3.680296
361,1200,3.0,2.6698492
82,1200,3.5,3.5804439
249,1200,3.5,4.1131706
160,1200,1.0,3.7309732
480,1200,4.0,3.6965356
352,1200,4.0,4.302072
469,1200,4.0,4.1423817
317,1200,4.0,4.0456715
91,1234,4.0,3.4294267
152,1234,4.0,3.8527887
603,1234,4.0,4.0862107
268,1234,4.0,3.9868758
161,1234,4.0,4.1658325
380,1234,5.0,3.8655152
448,1234,4.0,4.1560183
105,1234,4.0,3.9620352
68,1234,3.5,3.026029
147,1234,4.5,3.3910763
36,1234,4.0,2.6165051
500,1910,2.0,1.9338019
603,2068,5.0,0.19770691
186,2077,3.0,4.064653
239,2881,4.0,3.461203
219,2881,2.5,2.8520894
600,2881,2.5,2.727486
342,2881,4.0,2.9076502
562,2881,4.5,3.798833
183,2951,3.0,3.9747324
355,2951,4.0,4.4111557
274,2951,3.0,4.0821176
217,2951,2.0,3.283634
465,2951,4.0,4.3553424
29,2951,4.5,4.3857837
520,3469,4.0,3.8033438
190,5816,5.0,3.8793535
599,5816,3.0,2.5809968
132,5816,3.0,3.2858138
291,5816,5.0,4.6807637
581,5816,5.0,3.7643209
274,5816,3.0,2.8771086
280,5816,4.0,4.058911
205,5816,3.5,3.6990767
328,5816,4.0,3.3022137
139,5816,3.0,2.378996
339,5816,2.5,2.8160393
560,5816,3.0,3.2011516
590,5816,3.5,3.2867765
220,5816,4.5,4.3190246
301,5816,4.5,3.4485097
380,5816,3.0,3.783791
7,5816,4.5,3.6009436
428,5816,2.0,2.2687783
459,5816,4.0,4.133831
509,5816,3.5,3.5018747
427,5816,2.0,2.7543852
480,5816,3.5,3.4417481
219,5816,2.5,3.082333
226,5816,2.5,3.5536919
21,5816,4.0,3.6913013
287,5816,1.5,2.1343462
341,5816,4.0,3.7704952
608,5816,3.0,2.9770854
105,5816,3.5,3.774358
525,5816,3.5,3.661451
522,5816,3.0,3.1658995
466,5816,5.0,3.990876
287,6331,4.0,2.8980663
28,6548,1.5,2.0567696
606,7151,4.5,3.42506
517,7151,2.0,2.2775726
187,25788,4.0,2.803514
249,58295,3.0,3.597223
68,58295,3.5,3.250957
522,58295,4.5,2.9603028
153,64034,1.0,1.312234
125,93840,4.5,3.7297091
352,93840,4.5,3.8038118
105,96606,5.0,3.2160547
448,108928,2.5,2.3681855
448,120635,1.0,1.9044297
305,180031,3.0,3.8984458
567,180031,4.0,2.451197
182,97,4.5,3.6839452
91,543,3.5,2.7848144
274,543,2.5,3.0410454
356,543,5.0,3.223886
414,543,4.0,3.3573575
424,543,3.5,3.2232442
201,543,5.0,4.396926
124,543,3.0,3.4631603
111,1020,4.0,2.6926103
425,1020,4.0,3.0098279
263,1020,4.0,3.2858849
217,1020,3.0,3.0587974
380,1020,3.0,3.6797616
45,1020,3.0,3.4925387
421,1020,3.0,3.3123612
68,1020,2.5,2.8614287
600,1020,2.0,2.8605766
597,1230,5.0,5.0314517
412,1230,4.0,4.8675547
409,1230,5.0,4.8144226
599,1230,4.0,3.1727016
603,1230,4.0,4.4251575
339,1230,4.0,4.394938
489,1230,2.5,3.6443768
318,1230,4.0,3.4399805
561,1230,4.0,3.982306
135,1230,4.0,4.216199
483,1230,4.5,3.8368313
89,1230,1.5,2.1574872
517,1230,1.5,2.315051
91,1261,4.5,4.485109
603,1261,4.0,3.8062496
266,1261,5.0,4.161441
268,1261,4.0,3.8625236
307,1261,4.0,3.141358
380,1261,5.0,4.7098236
469,1261,4.0,3.8981645
79,1261,5.0,3.8139954
187,1261,5.0,3.8226657
368,1876,3.0,2.4962924
545,1876,4.5,3.2885134
555,1876,3.0,3.3569396
312,1876,3.0,2.426857
414,1876,3.0,2.7162538
534,1876,4.0,3.6125722
474,2143,2.0,2.9092436
19,2143,3.0,2.8291812
580,2194,2.5,3.4095492
368,2194,3.0,3.5447192
28,2194,3.5,3.0670204
599,2194,3.0,3.1442225
177,2194,2.5,3.6372201
603,2194,4.0,3.5197935
274,2194,3.0,3.711397
17,2194,4.0,4.224913
217,2194,4.0,3.2596052
261,2194,5.0,3.9073896
480,2194,3.5,4.0737195
469,2194,5.0,4.005843
414,2194,4.0,3.988682
18,2194,3.5,4.01453
496,2394,3.5,3.0427442
474,2394,5.0,3.0132384
572,2394,3.0,2.9413881
20,2394,5.0,3.640188
438,2394,3.0,3.3824143
202,3430,3.0,3.4007182
514,4086,3.5,2.968579
432,6214,3.5,3.5608459
177,6624,2.0,2.3455617
182,6624,0.5,2.2600796
414,6624,2.0,2.0159166
346,7937,3.0,3.67271
222,8528,4.0,3.338169
111,8528,4.5,3.4452732
274,8528,3.5,3.7599447
64,8528,3.5,3.7870975
564,8528,4.0,4.005019
380,8528,3.0,4.140743
249,8528,4.0,4.1155543
482,8528,4.0,3.8163426
414,8528,4.0,3.899109
483,8607,5.0,3.0670185
212,8965,3.0,2.0239682
590,8965,3.0,2.7346668
380,8965,3.0,2.5890784
140,39292,3.5,3.1070633
288,39292,4.0,3.3949842
477,39292,4.5,3.8872585
382,39292,4.5,4.0851564
199,39292,3.5,3.4612062
74,39292,4.5,3.9917755
599,44761,3.0,3.2585988
414,44761,3.5,4.3647656
298,55241,0.5,1.8061326
232,55768,3.5,2.700892
381,55768,3.5,2.7033498
73,55768,4.0,2.606105
388,95105,5.0,3.2493951
561,95105,2.0,2.932353
318,96020,4.0,3.509005
495,97923,5.0,3.2382476
567,166534,2.5,2.5451322
249,182823,3.5,3.622525
599,524,2.5,2.6698728
117,524,3.0,3.3168254
590,524,4.5,3.4406757
357,524,4.5,3.514626
414,533,2.0,2.9505064
608,533,3.5,2.6048374
501,661,1.0,2.7591805
103,661,4.0,3.7253063
274,661,3.0,3.0298448
169,661,4.0,3.9923625
559,661,5.0,3.359421
316,661,2.5,2.868524
477,661,4.0,3.4724069
226,661,4.0,3.3081822
608,661,3.0,2.5455446
270,661,5.0,3.5602305
6,1006,4.0,3.6573381
492,1006,4.0,3.6239147
271,1690,1.0,2.7221417
555,1690,5.0,3.3192685
312,1690,2.0,2.9242735
304,1690,2.0,3.1721084
298,1690,2.0,2.1153848
198,1690,2.0,3.2448182
135,1690,3.0,2.9167476
268,1791,2.0,2.76177
580,1965,3.5,3.253198
268,1965,4.0,3.6953259
555,1965,2.0,3.5522892
156,1965,4.0,3.7085152
414,1965,4.0,3.681032
546,1965,5.0,2.3707998
380,2328,3.0,3.0170298
290,2827,2.0,2.0817242
42,2827,3.0,2.7525568
603,2966,4.0,3.2759457
474,2966,4.0,3.5518105
202,2966,4.0,3.7937398
368,3985,3.0,2.656921
292,3985,3.0,3.0115914
202,3985,4.0,3.1385026
546,3985,3.0,2.2810447
367,4142,5.0,3.2932115
474,4433,3.5,3.1491919
222,5523,2.5,1.8616121
307,6724,4.0,2.9683976
599,7193,2.0,2.897304
280,8228,3.0,3.1294541
23,8228,4.0,2.9832158
156,8228,5.0,3.8623674
610,38061,5.0,4.5365243
307,38061,3.0,3.5120678
448,38061,4.5,3.8260262
62,38061,4.0,4.563759
480,38061,4.0,3.9243891
352,38061,3.5,4.2513895
105,38061,3.0,4.2750273
561,38061,4.0,4.0566998
483,38061,5.0,4.4673624
474,39869,4.0,3.2201033
241,39869,4.0,3.3321586
187,39869,4.5,3.4790268
74,55814,3.5,3.6721303
380,88235,4.0,3.6434371
105,88235,4.0,3.6329427
599,234,1.0,2.015809
58,234,4.0,2.6130574
294,234,3.0,2.3002288
436,239,3.0,2.4623678
274,239,3.0,2.8422503
268,869,3.0,3.7927947
19,1081,2.0,2.977259
28,1209,3.0,3.5411713
474,1209,3.5,3.986067
448,1209,5.0,3.6444967
29,1209,4.5,4.4309344
372,1347,2.0,3.1205041
274,1347,3.5,3.4466658
387,1347,3.5,2.595361
307,1347,3.0,1.9937911
576,1347,1.5,1.9310112
414,1347,3.0,3.3249393
608,1347,3.5,2.5533102
600,1347,3.5,2.7125905
313,1347,3.0,2.9677854
215,1347,0.5,2.9140518
451,1356,3.0,3.9327505
596,1356,4.5,3.652251
587,1356,4.0,4.2293997
164,1356,4.0,4.155908
57,1356,4.0,3.6268778
217,1356,4.0,3.380309
555,1356,3.0,3.8474488
244,1356,5.0,3.631318
524,1356,4.0,3.952343
234,1356,3.0,4.3315096
312,1356,3.0,3.7650747
240,1356,5.0,4.7806163
160,1356,2.0,3.1859236
477,1356,4.0,3.8624067
32,1356,4.0,3.6256952
376,1356,4.0,4.2315083
304,1356,5.0,4.4625344
135,1356,2.0,3.6906624
153,1356,0.5,1.4419966
597,1581,2.0,2.4298735
599,1581,1.5,1.7371231
577,2020,4.0,3.4906228
606,2020,4.0,3.8973036
547,2020,5.0,3.8938677
263,2020,4.0,3.740578
59,2020,5.0,4.5314035
288,2020,4.0,3.684366
66,2020,4.0,4.496302
275,2020,5.0,4.10456
603,2919,3.0,2.9635787
290,2919,4.0,4.014342
606,3361,2.0,3.9872816
140,3361,5.0,3.6605392
479,3361,4.0,3.9840317
244,3361,5.0,3.8384387
469,3361,3.0,3.7092447
294,3361,2.0,2.5580945
177,6856,4.0,3.2453024
606,50842,4.5,3.3571348
610,54999,3.0,3.6086345
307,54999,3.0,2.8569605
380,54999,5.0,4.080422
219,54999,1.5,3.1792293
382,63540,3.5,1.6703892
414,66509,3.5,3.4566565
326,86504,5.0,4.2510357
283,63,3.0,1.8028828
492,63,3.0,2.886014
414,635,3.0,2.552522
603,1960,4.0,3.2169826
182,1960,4.0,3.6198628
440,1960,4.0,4.146617
23,1960,3.0,3.0111191
156,1960,4.0,3.6777053
138,1960,4.0,3.0071764
51,2587,3.0,2.7810214
448,2587,4.0,3.3157158
185,3598,3.0,2.955068
182,4008,4.0,3.2872202
312,4008,4.0,3.6262693
599,5136,1.5,2.5215926
274,5449,2.5,2.9892747
590,5449,2.0,2.6711404
610,5449,2.5,2.7424488
448,5449,3.5,3.0164096
477,5449,4.0,3.0823612
414,5449,1.5,3.0690036
599,5693,2.5,2.6479418
462,7044,3.0,3.235866
16,7099,3.5,3.9421227
398,7099,4.5,4.396555
256,7099,0.5,4.433519
105,7099,4.0,4.4818134
187,7099,5.0,3.731605
169,7375,4.0,3.6318886
438,7375,3.0,2.7558112
362,7438,4.5,4.3812184
103,7438,5.0,4.1760087
22,7438,5.0,3.1343505
330,7438,5.0,3.8559284
346,7438,4.0,3.7183232
132,7438,4.5,3.308145
305,7438,5.0,3.9907846
542,7438,1.5,3.7569907
366,7438,4.0,3.9082408
61,7438,4.0,4.167626
441,7438,5.0,4.12597
220,7438,4.0,4.287303
380,7438,3.0,4.0799394
434,7438,4.5,4.2439656
428,7438,4.0,3.135627
63,7438,2.5,3.7391112
50,7438,3.5,3.2874556
249,7438,4.5,3.9179285
80,7438,4.5,4.0916395
73,7438,4.0,3.7803767
254,7438,4.0,4.069557
534,7438,4.5,4.0312266
354,7438,4.0,3.9073644
68,7438,3.0,3.160976
420,7438,3.5,3.9987228
18,7438,3.5,3.9851656
483,7438,4.0,3.8814754
474,43376,5.0,3.7620306
52,47200,5.0,3.523883
68,47200,2.0,2.8719246
232,70183,3.0,3.5875652
484,70183,4.0,3.7143826
249,91485,4.0,3.3086004
596,129397,3.5,2.0733159
345,779,5.0,1.6874394
599,1104,3.0,3.311397
177,1104,5.0,3.5527186
603,1104,5.0,4.0186725
84,1104,4.0,4.6869383
83,2728,2.5,3.0455878
144,2728,3.5,3.5524144
483,2728,4.0,3.5436761
452,3101,5.0,4.0789266
127,3101,1.0,3.105225
217,3101,1.0,2.4306855
448,3101,3.0,2.9233897
267,3101,5.0,3.4896994
182,3639,4.0,3.6246126
202,3639,3.0,3.7468545
448,3639,4.5,3.520615
288,3639,3.5,3.2233367
469,3639,2.0,2.9308107
313,3639,4.0,3.3022208
479,3707,3.0,2.618566
432,3707,4.0,2.5896738
448,3707,2.0,2.6710057
322,4022,3.5,3.3323567
460,4022,4.5,3.992246
599,4022,2.5,2.7294014
47,4022,3.0,3.0987494
177,4022,3.0,3.5690815
182,4022,2.5,3.3899522
169,4022,4.5,4.6880426
432,4022,3.5,3.8599203
504,4022,4.0,4.0447946
489,4022,3.5,2.9906127
590,4022,3.5,3.395114
301,4022,2.5,3.4400344
495,4022,4.5,3.638598
520,4022,3.5,3.9986618
82,4022,2.5,3.5631266
167,4022,3.0,3.3634548
477,4022,3.5,3.8154504
226,4022,2.5,3.742484
195,4022,3.0,3.9277256
203,4022,4.0,3.7646677
414,4022,5.0,3.5128603
200,4022,3.5,4.1462393
426,4022,3.5,3.4899526
298,4022,2.5,2.174797
344,4022,3.0,3.6959739
365,4022,5.0,2.8614764
573,4022,3.5,4.198878
288,4344,3.0,2.636753
608,4344,4.5,3.1553168
119,4344,4.0,3.6948955
232,5504,2.0,1.6084533
292,5504,4.0,2.0655167
28,6947,3.5,2.8722532
606,6947,4.5,3.6770678
274,6947,3.0,3.4868424
474,6947,3.5,3.7518811
560,6947,3.0,3.760767
590,6947,3.0,3.5759027
448,6947,3.0,3.642269
414,6947,4.0,3.922439
332,30810,3.0,3.2497685
560,30810,3.5,3.3836813
64,30810,5.0,3.7210078
608,30810,3.0,3.1231709
334,30810,2.5,2.8306465
600,30810,5.0,3.1673393
580,34048,4.0,3.2730742
332,34048,2.5,2.8124812
230,34048,4.5,2.8035839
140,34048,3.0,3.2563927
177,34048,3.0,2.9364736
274,34048,2.5,2.9060857
474,34048,3.5,2.548034
7,34048,3.0,2.6522653
288,34048,3.0,2.7216535
382,34048,4.5,3.5548913
414,34048,3.5,3.0579906
608,34048,4.5,3.258449
567,34048,1.0,1.7077162
610,45672,3.0,2.689351
480,45672,2.5,2.2412164
21,45672,3.0,2.728253
298,45672,2.5,1.8337314
305,46322,4.0,3.0506847
387,46970,2.5,2.8676887
219,46970,1.5,2.6767573
226,46970,2.5,3.4345903
148,60069,4.5,3.5748801
232,60069,3.5,3.8711393
132,60069,0.5,3.461132
440,60069,4.0,4.275096
306,60069,5.0,3.5573363
358,60069,4.0,4.073061
398,60069,5.0,4.1478934
610,60069,4.5,4.384764
114,60069,3.5,3.3973107
247,60069,3.0,3.7519329
356,60069,3.5,4.2442417
25,60069,5.0,4.745141
351,60069,4.0,3.9391377
487,60069,3.5,3.0665147
369,60069,3.5,3.8896847
567,60069,3.0,2.4110348
561,60069,5.0,3.8503163
380,68194,4.0,3.0519643
292,69526,3.5,2.5951462
28,70336,1.5,1.9506122
562,70336,3.5,2.8837569
211,89864,3.5,4.0016246
159,89864,3.5,3.1426995
539,89864,3.0,4.0722156
89,117109,4.5,1.1863548
567,118702,2.0,1.9454167
601,166024,5.0,4.218534
368,459,3.0,1.9396434
602,509,1.0,3.1834946
353,509,3.0,3.6451745
425,509,3.5,3.3080926
229,509,3.0,3.8143394
446,509,3.0,3.4082756
84,509,5.0,3.7216678
265,509,3.0,3.3373647
354,509,4.0,3.4505234
517,509,3.5,1.9238546
577,1094,2.0,3.2495434
96,1094,4.0,3.836114
202,1094,4.0,3.6648111
290,1094,4.0,3.836535
312,1094,4.0,3.5121746
66,1094,4.0,3.5913894
28,1625,2.0,2.9664116
599,1625,2.5,2.9686291
325,1625,4.0,3.5161176
1,1625,5.0,4.1141977
182,1625,4.5,3.8383298
218,1625,2.0,3.2390513
339,1625,4.0,4.0913095
96,1625,4.0,4.03602
19,1625,4.0,2.769039
502,1625,0.5,4.249296
249,1625,4.5,3.9197123
237,1625,4.5,3.5607452
219,1625,3.5,3.3773246
298,1625,1.5,2.7693899
405,1625,4.0,3.729607
483,1625,4.0,3.687582
391,3266,5.0,4.021795
274,3386,3.0,3.359087
440,3386,3.0,3.7858045
387,3386,3.5,3.4903247
226,3386,4.0,3.533904
414,3386,3.0,3.7040014
313,3386,3.0,3.608592
409,3526,5.0,3.4274082
143,3526,3.0,1.8869576
96,3633,2.0,3.155774
288,3633,3.0,3.415936
534,3633,2.5,3.4757166
288,3771,3.0,2.3933673
313,3771,5.0,3.3653286
606,4062,3.5,3.0184548
113,4062,5.0,2.1844015
410,4062,4.0,2.7565491
474,4164,4.0,1.3032064
288,4709,3.0,2.349229
232,5574,3.5,3.4474177
169,5574,3.5,4.3419094
560,5574,3.5,3.4416535
387,5574,3.0,2.6375136
480,5574,2.0,3.085701
382,5574,3.5,3.8253431
387,5853,3.0,2.390194
474,8645,4.0,3.5812178
414,8645,4.0,3.7391748
599,27478,2.0,2.5644305
28,27611,4.5,3.27074
596,27611,4.0,3.6832404
254,48883,3.5,2.9042232
292,63859,4.0,3.5006921
15,63859,3.0,2.8792813
21,63859,3.5,3.4090593
68,63859,3.5,3.4445372
318,68159,4.0,3.745614
318,72378,3.5,3.0234559
448,72378,1.5,2.4680293
73,72378,2.0,2.9012501
159,88810,3.5,3.2600951
601,88810,4.5,4.1631284
47,88810,3.5,3.109633
292,88810,4.0,3.7318711
68,88810,4.5,3.763807
517,88810,2.5,2.0007522
21,94503,3.0,4.236937
233,159817,4.0,3.5326896
47,159817,3.0,2.7611654
105,159817,5.0,4.4272494
322,10,4.0,2.9176967
34,10,5.0,2.8170278
81,10,1.0,2.3294044
26,10,3.0,3.168939
353,10,3.0,3.9809458
182,10,3.5,3.0758073
340,10,4.0,3.9372442
57,10,3.0,2.8894932
292,10,3.5,3.3950615
217,10,4.0,2.726874
229,10,4.0,3.6348126
166,10,4.5,3.750441
524,10,4.0,3.2473435
181,10,2.0,2.901676
219,10,4.5,2.9934554
56,10,4.0,3.7124496
42,10,5.0,3.7261548
313,10,4.0,2.9067416
144,10,3.0,3.3613548
104,10,3.0,3.2607942
584,10,5.0,3.9853463
43,102,5.0,2.899743
436,361,3.0,2.9071724
185,361,2.0,3.079754
474,361,3.5,3.1839855
590,361,2.5,2.9610445
84,361,3.0,3.0878491
243,589,4.0,4.7299447
368,589,3.0,3.2783916
436,589,4.0,3.493402
76,589,3.5,2.681745
332,589,3.5,3.9076526
330,589,3.5,3.8088284
232,589,4.0,3.5979068
246,589,5.0,4.2521086
599,589,4.5,3.345604
512,589,3.0,4.1875443
212,589,4.0,3.3599894
402,589,5.0,4.571065
432,589,3.5,3.3675
559,589,4.0,3.8130481
179,589,5.0,4.1338735
72,589,4.5,4.237938
549,589,3.0,3.5226367
247,589,3.5,3.7302978
314,589,5.0,3.5827155
532,589,4.0,4.5864844
312,589,4.0,4.054912
477,589,5.0,4.1009083
464,589,5.0,3.8027987
75,589,4.5,3.3253868
272,589,3.5,3.907652
213,589,5.0,4.0668015
354,589,4.5,3.9251218
546,589,5.0,3.4154062
199,589,3.5,3.7560687
79,589,5.0,4.422743
573,589,5.0,4.5712824
311,589,3.0,1.9775978
562,589,4.5,4.533206
584,589,5.0,3.8206596
603,848,1.0,3.375085
385,1007,2.0,2.653392
217,1007,2.0,2.1330953
555,1007,3.0,3.0523498
462,1346,1.5,2.7246845
555,1346,3.0,3.8030155
368,1459,3.0,2.0893013
28,1459,2.5,1.9944785
202,1459,3.0,2.6585886
32,1459,4.0,2.7791998
599,1647,2.5,2.0242221
28,1921,4.0,3.1165185
606,1921,3.5,3.9852014
103,1921,4.5,4.109347
182,1921,4.5,4.193607
19,1921,3.0,3.2875009
39,1921,5.0,4.2461224
80,1921,4.0,4.271074
469,1921,4.0,4.219632
274,1970,4.0,3.1043801
552,1970,2.5,2.6371093
160,1970,1.0,2.1551127
414,1970,2.0,2.7686636
288,2120,2.0,1.6650381
93,2167,4.0,4.23929
20,2167,2.0,3.1155646
292,2167,3.0,2.8952253
266,2167,4.0,2.8394024
197,2167,2.0,3.598852
202,2167,3.0,3.382831
217,2167,2.0,2.6652942
438,2167,4.0,3.4722724
312,2167,3.0,3.295464
480,2167,3.0,2.6808455
483,2167,1.5,3.5630686
91,3745,3.0,3.1644335
367,3745,3.0,3.4615293
387,3745,3.0,2.7509055
520,3745,5.0,3.6307583
428,3745,2.0,2.5683582
160,3745,2.5,2.2473857
219,3745,3.0,3.088753
414,3745,4.0,3.3969362
479,4676,1.0,1.4143767
104,4676,3.0,1.7915344
552,4734,3.5,2.839151
387,4734,2.5,2.4816058
438,4734,3.5,3.2484436
414,4734,2.0,3.3287485
105,4734,4.0,3.3776574
525,4734,4.0,2.805938
522,4734,3.5,4.0426683
380,5506,4.0,2.6726928
599,5696,2.0,1.2446724
427,5696,3.0,1.4710891
542,8958,5.0,3.6964083
318,8958,3.5,3.8194168
105,8958,4.0,4.1760826
18,8958,4.0,3.8327777
336,34162,4.0,3.970432
230,34162,4.5,2.8955154
599,34162,2.5,2.5837948
432,34162,3.5,3.1660948
542,34162,3.0,3.2267153
41,34162,4.0,2.5689518
380,34162,3.0,3.7130408
219,34162,3.0,2.9261193
226,34162,3.5,3.6984906
382,34162,3.5,4.0110006
414,34162,3.0,3.6196792
573,34162,5.0,3.9919965
474,34542,4.0,3.6657264
380,40732,5.0,3.738847
352,40732,4.0,3.4106152
68,40732,3.5,2.9282863
274,43904,1.0,1.5906732
539,54259,5.0,3.6768029
305,54259,4.0,3.650313
408,54259,4.5,4.2606854
506,54259,3.0,2.7248929
483,54259,5.0,3.6512802
111,55276,4.0,3.1509407
305,55276,5.0,3.4793677
387,55276,4.0,3.8234
332,59784,4.0,3.17134
103,59784,3.0,3.7990427
246,59784,5.0,4.2925963
305,59784,3.5,4.0946903
328,59784,2.5,2.216497
226,59784,4.0,3.408843
21,59784,3.5,3.684708
334,59784,3.5,3.1385078
567,59784,2.5,2.0971606
534,63131,4.0,3.6952882
573,63131,4.0,3.8868184
305,87520,2.5,2.7086277
610,87520,2.5,2.1472008
534,87520,2.0,2.95679
567,87520,1.5,0.6984322
306,110771,4.0,2.7165515
210,112852,5.0,4.2734766
177,112852,5.0,3.9889388
328,112852,1.0,2.8821135
495,112852,5.0,4.2994456
247,112852,4.5,3.5784516
509,112852,4.0,3.685789
73,112852,5.0,3.82468
298,112852,4.0,2.9249506
567,112852,3.5,2.5380235
525,112852,4.5,3.7357368
123,112852,4.0,3.9032571
346,1354,4.0,4.1792974
275,1354,2.0,4.648782
596,2641,3.0,3.0980842
577,2641,3.0,2.7607002
599,2641,4.0,2.4109735
202,2641,4.0,3.145079
217,2641,4.0,2.5349202
448,2641,3.0,2.727089
160,2641,2.0,2.7344894
448,3031,3.0,2.2463763
294,3031,1.0,2.6645944
474,4292,4.0,2.929831
307,4673,2.0,0.75558573
325,5008,4.0,3.7293224
474,7440,4.0,1.9946272
495,8783,5.0,2.646352
249,8783,3.5,2.8879106
288,8783,3.0,3.0590193
480,8783,4.5,2.4273531
477,8783,4.5,3.2290385
414,8783,3.5,2.708937
561,8783,3.0,2.5105171
424,8783,4.0,2.4417708
414,8860,3.0,2.8955245
414,27879,4.0,4.1272173
610,104243,3.5,3.011137
534,104243,3.5,2.9246593
212,113573,3.0,2.6261873
380,113573,3.0,3.3799248
296,50,5.0,4.5732303
140,50,3.0,3.8664038
177,50,4.0,3.9128406
305,50,5.0,4.322179
1,50,5.0,4.9664583
266,50,4.0,4.3793263
191,50,5.0,4.604853
553,50,4.0,4.655737
64,50,3.0,4.364105
41,50,3.0,3.5793333
262,50,3.0,3.3935602
112,50,5.0,4.197084
590,50,4.5,4.1157146
202,50,4.0,4.5683002
17,50,4.5,4.434311
387,50,4.5,4.020725
381,50,4.5,4.102678
307,50,4.5,3.5932465
39,50,5.0,4.3754597
7,50,4.5,4.184021
162,50,4.0,4.33851
343,50,4.5,4.25102
166,50,5.0,4.42848
480,50,3.5,4.2853246
433,50,5.0,3.8883584
145,50,5.0,3.7805414
228,50,4.5,4.022598
562,50,4.0,4.4690113
137,750,5.0,4.326868
322,750,4.0,3.6678274
513,750,5.0,4.146734
385,750,5.0,4.108618
329,750,3.0,2.9102767
330,750,4.5,4.136478
177,750,4.0,3.6202104
274,750,4.0,3.869704
182,750,5.0,4.2207017
474,750,4.5,4.1343136
572,750,5.0,4.3866205
397,750,4.0,4.330363
202,750,5.0,4.449397
290,750,5.0,4.6004796
23,750,3.0,3.7521687
434,750,4.0,4.7811623
50,750,4.0,3.4885373
249,750,4.0,4.385691
469,750,5.0,4.835842
298,750,3.0,3.646704
567,750,3.0,3.411911
199,750,5.0,4.0084276
313,750,5.0,4.0881643
186,750,4.0,4.4840097
412,951,5.0,4.403406
57,951,4.0,4.503751
84,951,4.0,3.804033
580,1214,4.0,3.9074557
368,1214,4.0,3.4900434
412,1214,4.0,3.983599
577,1214,4.0,3.468497
474,1214,4.0,3.6442006
377,1214,5.0,4.1035075
279,1214,5.0,4.020547
41,1214,0.5,3.6272826
425,1214,4.0,3.8447962
484,1214,1.5,3.479559
15,1214,5.0,3.835822
590,1214,4.5,3.6694965
502,1214,4.5,4.5496516
462,1214,3.0,3.3636093
231,1214,4.0,3.5933356
503,1214,2.5,3.992468
610,1214,4.5,4.3498297
290,1214,4.0,4.1549854
49,1214,4.0,4.022325
520,1214,5.0,3.8869781
532,1214,5.0,4.2031975
448,1214,3.0,3.8928776
480,1214,5.0,3.857086
477,1214,4.5,4.1987123
334,1214,3.5,3.2592096
228,1214,4.5,3.838314
303,1214,5.0,3.7458365
600,1214,2.5,3.4010375
522,1214,5.0,3.7851574
573,1214,4.5,4.195435
186,1214,4.0,4.2770348
187,1214,4.0,4.0974236
360,1414,2.0,1.9700292
84,1414,4.0,2.7621353
156,1414,3.0,2.945916
91,2395,1.0,3.5564477
553,2395,3.0,3.868789
434,2395,3.5,4.193229
391,2395,4.0,4.0403733
216,2395,5.0,3.383555
288,2395,3.5,3.4643445
156,2395,3.5,3.780588
219,2395,2.5,3.7118661
287,2395,2.0,3.7091594
469,2395,4.0,3.9218936
414,2395,5.0,3.8408265
562,2395,3.0,3.7818437
153,2395,1.0,2.5932226
140,2431,4.0,3.7764144
217,2431,2.0,2.6196206
294,2431,4.0,2.026276
517,2431,2.5,1.6655545
514,2787,2.5,2.1486404
217,3061,2.0,2.9643686
517,3061,5.0,3.7249515
27,3168,2.0,2.7364604
140,3168,4.0,2.63803
288,3168,4.0,3.2946434
462,3467,3.5,2.9521968
221,3998,3.0,2.749866
414,3998,4.0,2.799471
462,4605,2.0,3.4910402
380,4814,3.0,3.3931997
600,4814,1.0,1.9052181
606,4890,3.0,3.0330238
381,4890,3.5,3.2168226
428,4890,2.0,2.5620553
448,4890,2.5,2.664982
219,4890,1.0,2.3401496
105,4890,3.5,3.540059
298,4890,2.5,1.6627555
600,4890,3.0,1.9008944
606,5669,4.0,3.9237854
132,5669,3.0,3.3085775
419,5669,4.5,2.753885
64,5669,3.5,4.1715646
263,5669,3.5,3.9070108
428,5669,4.5,2.8081503
438,5669,3.5,3.9453053
82,5669,3.0,2.9549181
477,5669,4.0,3.9221542
608,5669,3.5,3.309918
354,5669,4.0,3.6996484
68,5669,3.5,3.0841014
18,5669,3.5,3.8734694
414,6517,3.0,1.6639595
606,6669,4.0,3.1008892
567,6669,3.5,3.4599671
606,53125,2.0,3.2132936
232,53125,3.5,3.4161947
111,53125,3.5,3.367417
139,53125,2.0,2.3571215
537,53125,5.0,3.892021
239,53125,4.0,3.7126858
509,53125,3.5,3.2221735
361,53125,4.0,3.162464
288,53125,2.5,2.9263003
219,53125,4.0,2.6997912
105,53125,4.5,3.707792
248,53125,4.0,3.275467
420,53125,3.5,3.4283583
401,53125,3.5,3.4794614
517,53125,2.5,1.9743297
590,55267,2.5,3.1175578
381,55267,4.0,3.5209262
98,55267,5.0,3.6734018
414,55267,3.0,3.4694326
599,64839,4.0,3.425076
177,64839,3.5,3.929202
132,64839,2.5,3.3119183
152,64839,4.5,3.7244096
590,64839,3.5,3.7449024
220,64839,3.0,4.218807
477,64839,4.5,4.1950564
298,64839,3.0,3.2695346
600,64839,3.0,3.0201943
339,82378,5.0,2.4602354
448,86332,2.5,2.8239024
62,86332,4.0,3.986947
550,86332,4.0,3.8316972
414,86332,3.0,3.3731794
525,86332,3.0,3.47262
475,86332,5.0,4.257694
212,156387,4.0,2.9682765
47,163645,3.0,2.6100936
212,163645,4.5,3.6759582
414,163645,4.0,4.013562
184,163645,4.5,4.24172
604,267,3.0,3.2468958
217,267,1.0,2.4972572
543,267,5.0,3.8058896
249,267,3.5,2.3161163
256,267,3.5,2.9302976
414,267,4.0,1.8414369
332,293,3.0,3.745847
336,293,5.0,4.470036
473,293,4.0,4.3364363
603,293,2.0,3.475195
297,293,4.0,3.952865
182,293,4.5,3.919403
61,293,4.5,4.2123938
197,293,5.0,4.0494585
445,293,4.0,4.310759
555,293,5.0,4.124753
23,293,4.0,3.3790617
380,293,5.0,4.434653
434,293,4.5,4.2913876
331,293,4.0,4.440602
396,293,5.0,4.042707
414,293,5.0,4.2470675
204,293,4.5,4.2428813
561,293,4.0,3.858846
135,293,4.0,3.7791038
119,293,5.0,4.318764
99,293,5.0,5.180196
313,293,4.0,3.8460722
405,293,4.0,4.234785
18,293,4.5,4.1343813
463,527,4.0,3.8449965
471,527,4.5,3.9055696
580,527,3.0,3.2543278
593,527,3.5,4.291688
193,527,4.0,4.056452
596,527,4.0,3.6554513
300,527,5.0,4.2621956
332,527,4.0,4.031347
93,527,5.0,4.592258
157,527,5.0,3.6705146
367,527,3.0,4.4558806
224,527,5.0,4.174321
140,527,5.0,4.1761436
177,527,4.5,3.6258495
444,527,5.0,4.5891676
603,527,3.0,3.9619703
274,527,4.0,3.669089
16,527,4.0,3.5522525
3,527,0.5,0.5912761
5,527,5.0,4.258633
258,527,4.0,5.236763
64,527,5.0,4.3205667
117,527,5.0,4.0441284
554,527,5.0,4.7402997
189,527,4.5,3.8509111
88,527,4.0,4.584859
286,527,4.0,4.3989367
610,527,3.5,4.2981057
437,527,5.0,4.485657
301,527,4.5,4.041876
445,527,3.0,4.303583
162,527,5.0,4.6205354
312,527,5.0,4.3445115
404,527,4.0,3.7878296
249,527,4.5,4.037653
510,527,3.5,3.3056233
160,527,5.0,3.6106908
411,527,5.0,4.0080414
390,527,4.5,4.0276403
323,527,4.5,4.053483
287,527,4.0,3.5547242
221,527,3.0,4.407032
414,527,4.0,4.046254
33,527,5.0,3.9447627
421,527,5.0,4.590466
14,527,3.0,4.0845013
373,527,5.0,4.5784883
379,527,3.0,4.096544
215,527,4.5,4.2977147
399,527,4.0,4.353533
483,527,5.0,4.03231
517,527,3.5,2.5554965
368,1343,3.0,3.265332
606,1343,3.5,3.498382
297,1343,4.0,3.0557773
452,1343,5.0,4.899959
330,1639,4.5,3.6297743
274,1639,3.5,3.9077039
13,1639,4.0,3.8423803
391,1639,5.0,3.3266404
356,1639,4.0,3.3596275
477,1639,3.5,3.6008477
600,1639,2.5,3.459316
580,2012,3.0,2.866003
513,2012,3.0,3.5341043
587,2012,4.0,3.7844183
606,2012,2.5,3.1956325
182,2012,3.0,3.051986
489,2012,4.0,2.9846923
564,2012,4.0,3.2043455
387,2012,1.5,2.5542626
555,2012,3.0,3.3934717
438,2012,3.0,3.4799533
312,2012,4.0,3.3856363
45,2012,3.0,3.5324216
249,2012,3.5,3.4968472
62,2012,4.5,3.4849982
226,2012,2.5,3.3814783
376,2012,5.0,3.6841974
508,2012,4.0,2.7783656
198,2012,5.0,2.8851414
600,2012,4.5,3.0007029
201,2012,3.0,4.114326
357,2012,4.0,3.7174404
36,2012,2.0,2.6007566
387,2290,4.5,2.0376272
580,2671,4.0,3.2114
606,2671,4.0,3.3555233
246,2671,4.5,3.8015013
367,2671,5.0,4.007534
599,2671,2.5,2.6119156
474,2671,3.5,3.3467615
491,2671,4.0,3.9660985
318,2671,4.0,3.1339378
7,2671,4.5,2.9429412
113,2671,2.0,3.1165028
226,2671,4.0,3.3947654
298,2671,0.5,2.162673
42,2671,4.0,3.2277477
275,2671,5.0,3.9669278
153,2671,1.0,1.7219261
16,3429,3.5,3.6241956
57,3429,4.0,3.8329227
517,3429,3.5,2.0435457
274,4052,3.0,3.6856303
438,4052,3.5,3.3445077
274,4340,2.0,1.9247113
307,4340,2.5,1.7740313
448,4340,2.0,2.0572999
480,4340,2.5,2.3166764
68,4969,3.0,2.8621416
186,4969,5.0,3.753364
91,5988,3.0,2.518306
108,5989,5.0,3.4219418
596,5989,3.0,3.5313916
91,5989,2.5,3.3083766
330,5989,4.0,3.6673274
122,5989,4.5,4.6297483
190,5989,4.0,3.8356373
232,5989,4.0,3.8134158
233,5989,3.5,3.2515318
519,5989,4.0,4.542159
581,5989,3.5,4.2370377
328,5989,3.5,2.646072
542,5989,4.5,3.6862202
523,5989,5.0,4.7572637
318,5989,4.0,3.825295
381,5989,4.0,3.9657602
307,5989,3.5,3.172542
7,5989,4.0,3.8887541
247,5989,3.5,3.6726437
428,5989,3.0,3.1104524
63,5989,4.0,3.3574939
45,5989,5.0,4.5852137
261,5989,5.0,3.6931746
219,5989,3.5,3.2185762
464,5989,5.0,4.266903
256,5989,4.5,4.1926985
141,5989,3.0,3.6685152
317,5989,5.0,3.38931
199,5989,4.0,3.2288027
466,5989,3.5,4.018962
357,5989,4.5,3.9311845
282,5989,5.0,4.1177015
182,6001,4.0,3.9994624
610,6001,4.5,3.896105
148,8368,4.0,3.549457
103,8368,2.0,3.9706523
581,8368,4.5,4.0982027
308,8368,5.0,3.4232013
489,8368,4.0,3.92919
514,8368,4.0,3.981836
249,8368,4.0,4.0635858
62,8368,4.5,4.348077
357,8368,4.5,4.2321687
281,8368,4.0,3.6706347
605,8368,4.0,3.7652485
560,8604,3.5,2.7386165
474,8914,4.0,3.346553
318,8914,3.5,3.4719257
610,8914,4.0,3.9708188
351,8914,3.0,3.6953886
474,27846,3.5,3.551187
381,64575,3.0,3.2651138
28,65982,3.0,2.78582
177,76251,3.0,3.6733403
305,76251,4.5,4.105654
582,76251,2.5,3.7985137
560,76251,3.5,3.5718224
425,76251,3.5,3.6021943
610,76251,3.5,3.8350906
80,76251,4.0,4.3135476
534,76251,4.5,4.1277437
525,76251,3.5,3.4253864
405,76251,4.0,3.7651489
393,76251,0.5,3.8553743
610,92420,5.0,4.144741
125,92420,4.5,3.7542357
68,92420,2.0,2.8520565
210,98124,4.0,4.4245963
448,105351,1.5,2.344018
177,106100,5.0,3.3385713
305,106100,4.5,4.261585
495,106100,5.0,4.073963
249,106100,5.0,4.0290217
526,106100,4.5,4.3980575
424,106100,4.0,4.2682943
153,106100,4.0,3.2737317
599,122920,2.5,3.0685818
62,122920,4.0,3.7869868
382,122920,4.0,3.7274232
567,122920,2.5,2.8805022
212,161922,3.5,2.379775
64,45,3.5,3.3561094
446,45,3.0,3.1158001
396,45,3.0,3.117865
45,569,2.0,2.9662914
104,938,3.0,3.2098916
346,1333,3.5,3.7400694
305,1333,5.0,3.4671843
374,1333,4.0,3.3725016
217,1333,3.0,2.1973202
571,1333,4.0,3.2048688
275,1333,4.0,3.6527061
606,1611,4.5,3.6454997
603,1611,4.0,4.4571695
182,1611,4.0,3.138176
414,1611,3.0,3.6184373
300,1704,3.0,4.232687
460,1704,4.0,4.577257
601,1704,4.5,4.573104
209,1704,4.5,4.246285
190,1704,4.0,4.1708894
599,1704,4.5,3.145526
140,1704,4.0,4.1038404
52,1704,5.0,4.7547574
212,1704,2.5,3.906441
359,1704,4.5,3.889971
163,1704,4.0,3.548162
419,1704,3.0,4.366213
64,1704,4.5,4.0599823
247,1704,4.5,3.8791485
356,1704,4.5,4.3940496
24,1704,4.0,3.9705908
70,1704,4.5,4.2455235
156,1704,4.0,3.7465637
226,1704,4.0,4.1082697
608,1704,4.5,4.0451283
488,1704,4.0,4.212111
11,1704,4.0,4.6627197
68,1704,4.5,3.950477
198,1704,4.0,3.7323122
199,1704,2.0,3.436699
215,1704,4.5,4.271592
18,1704,4.0,4.1122904
483,1704,4.5,4.211955
288,2091,2.0,2.3445387
409,2788,3.0,4.0627594
448,3618,4.0,3.4420714
414,4168,4.0,2.5874429
177,6535,3.0,2.4527185
474,6535,2.0,1.7593482
10,6535,4.0,2.503936
104,6535,3.5,2.3763242
474,7840,3.0,2.4415257
590,7840,4.0,2.4374588
232,33672,2.5,2.3318474
274,33672,3.5,2.6833284
280,33672,4.5,2.418478
580,34319,4.0,3.8417861
28,34319,3.0,2.5135827
381,34319,4.0,3.5077486
380,34319,3.0,3.6610007
7,34319,4.5,3.052938
249,34319,3.5,3.5953357
414,34319,3.5,2.8977344
561,34319,2.0,2.7137232
274,59306,1.0,0.2990886
599,71304,3.0,3.461347
448,160080,1.5,2.9521441
382,160080,3.0,3.5283065
21,160565,1.0,3.2941587
498,216,5.0,3.8364298
428,216,3.0,2.5733783
240,216,5.0,4.0696917
68,216,3.5,3.0839722
284,216,4.0,3.4323337
4,759,3.0,2.3588676
474,952,3.0,3.6623235
517,952,3.0,1.9567945
271,1320,3.5,3.0810056
606,1320,3.0,2.7811253
603,1320,4.0,2.7958937
182,1320,4.0,3.0609374
57,1320,3.0,2.597218
48,1320,4.0,3.150154
489,1320,3.5,2.2833395
590,1320,2.0,2.6463935
555,1320,5.0,3.0649276
160,1320,5.0,2.8066533
75,1320,3.0,1.7972412
474,1667,2.0,2.3941731
414,1667,2.0,2.7107718
42,1667,2.0,2.4945657
580,2986,3.0,2.8332012
414,2986,2.0,2.497833
91,3182,4.0,3.9519916
474,3182,4.0,3.830322
298,3646,1.5,0.44669086
432,6187,3.5,4.3142323
608,6187,4.0,3.8459868
222,6763,2.0,2.0723162
66,7069,4.0,3.771689
91,8910,2.0,2.787407
599,8910,2.5,2.9033375
553,8910,4.5,3.3955815
307,8910,3.5,3.258482
387,50800,2.0,2.0487378
586,72737,3.5,4.324878
605,72737,3.5,3.5416498
401,72737,3.5,3.610453
417,81845,4.0,4.3063383
205,81845,4.5,3.8159664
318,81845,4.0,3.8605254
398,81845,5.0,4.2955465
63,81845,4.5,3.702982
418,81845,4.5,3.4606097
98,81845,5.0,3.5111198
83,81845,4.0,3.5017078
68,81845,3.0,3.7426422
525,81845,4.0,3.7941475
466,81845,4.0,3.9462373
596,122918,4.0,3.7086594
111,122918,4.0,3.542252
50,122918,1.0,2.3360617
62,122918,4.0,4.2073126
125,122918,3.5,3.8673213
98,122918,4.0,4.4672723
515,122918,5.0,4.5939417
68,122918,3.5,3.7789557
89,184791,4.0,1.6426642
436,261,3.0,3.706324
606,261,3.5,3.9939873
476,261,5.0,3.7051873
191,261,4.0,3.957705
484,261,4.0,3.7286568
398,261,3.5,4.0826573
584,261,5.0,4.1514883
571,1325,2.0,0.35376817
12,1405,3.0,4.0003233
387,1405,2.5,2.56087
217,1405,2.0,2.7071984
492,1405,5.0,3.8258414
600,1405,2.0,2.391666
387,1447,3.0,3.0859876
603,1809,5.0,3.6954463
23,1809,3.5,3.660809
597,1918,4.0,2.6838286
182,1918,2.0,2.557156
438,1918,4.0,3.581461
219,1918,3.0,2.941708
68,1918,3.5,2.980556
561,1918,3.0,2.812585
66,1918,3.5,3.025636
412,2719,2.0,1.3532519
599,2719,1.5,1.7286911
101,2722,3.0,1.8398185
64,2722,3.0,2.3102214
489,2722,2.5,1.2421577
249,2722,2.5,3.186267
219,2722,2.5,2.142067
414,2722,2.0,2.4394662
312,2793,1.0,2.5523267
571,2793,2.0,1.8594518
325,2952,4.0,3.8055162
268,2952,4.0,3.8319712
312,2952,4.0,3.6627252
95,2952,4.0,3.6978266
19,3393,1.0,1.2175026
137,3462,4.0,3.8117247
122,3462,5.0,4.450671
182,3462,4.5,3.8676987
59,3462,5.0,4.420245
21,3462,3.0,2.8838606
105,3462,4.5,3.7018664
298,3462,4.0,2.8263745
381,4643,2.0,2.7247586
610,4643,2.0,2.8303015
307,4643,3.0,2.3937507
380,4643,3.0,3.4594874
7,4643,1.0,2.6101527
428,4643,0.5,2.1852927
69,4643,4.0,3.3623636
249,4643,3.0,3.3381553
125,4643,4.0,2.8651552
256,4643,3.5,3.6437125
608,4643,3.0,3.2958436
298,4643,2.0,2.037981
600,4643,2.0,2.1083648
365,4643,2.5,2.4191012
313,4643,3.0,2.701036
483,4643,1.5,2.831389
104,5013,3.5,4.053639
220,5796,2.0,2.8509662
484,5942,4.0,2.9986622
298,5942,2.0,1.8691515
298,34523,2.0,1.3070035
380,34532,3.0,3.4251685
563,47122,2.5,2.8212075
167,47122,1.0,2.990231
122,48043,4.5,4.1817093
380,48043,3.0,3.806732
68,48696,4.0,2.981404
590,56788,3.5,3.453241
448,93563,1.5,2.5014317
534,106072,4.0,3.2755783
448,114818,2.5,2.344018
21,114818,1.0,2.4713995
241,118700,3.0,1.5114119
108,82,5.0,4.507946
136,181,1.0,2.9071736
608,181,0.5,2.7193887
170,181,3.0,2.3917522
600,181,2.5,2.5138092
373,181,1.0,2.6810777
66,181,2.0,2.8475082
53,249,5.0,4.6296806
474,249,4.0,3.345196
458,364,5.0,4.3484054
588,364,3.0,3.3186243
602,364,4.0,3.8229823
330,364,3.0,3.6298687
232,364,3.5,3.6377485
132,364,4.5,3.3589032
212,364,3.0,3.469917
280,364,4.5,4.21899
20,364,5.0,4.2663336
402,364,4.0,4.407963
542,364,5.0,4.222416
64,364,4.0,3.9010997
425,364,3.0,3.6979976
301,364,3.5,3.5684023
314,364,4.0,3.4062262
438,364,4.5,3.990375
264,364,3.5,3.5970204
21,364,4.0,3.6582892
426,364,5.0,4.1018934
170,364,3.0,3.5694923
68,364,4.5,3.619344
42,364,4.0,4.164283
483,364,4.0,3.9088702
584,364,5.0,4.7030983
380,1760,2.5,0.88003886
525,1760,3.0,1.2356514
294,1760,1.0,0.6473792
45,2311,4.0,3.585428
477,2311,4.0,3.7582417
599,2378,2.5,2.502205
474,2378,2.0,3.0102293
288,2378,1.0,2.8303692
294,2378,4.0,2.6322322
282,2378,4.0,3.3940988
292,2568,2.0,3.1902373
234,2568,3.0,2.7002556
608,2568,4.5,2.5524993
9,2901,2.0,2.4134438
610,2901,4.0,2.818774
51,2901,5.0,3.0160894
469,2901,5.0,2.4336772
603,3070,3.0,3.9039452
555,3070,3.0,3.3538427
312,3070,4.0,3.8335872
95,3070,3.0,4.114913
414,3070,4.0,3.623994
580,4148,4.0,3.312138
606,4148,2.5,2.7590566
274,4148,3.0,2.9016166
13,4148,4.0,2.6996305
139,4148,1.5,1.6987995
425,4148,4.0,3.1037076
286,4148,4.5,2.8577323
393,4148,3.5,2.7397175
453,4225,4.0,3.86138
448,4225,4.0,3.6322055
410,4225,4.0,3.4318807
606,4370,3.5,3.3427577
232,4370,3.5,3.3104453
274,4370,3.0,3.2928448
452,4370,3.0,4.311386
381,4370,3.0,3.3083699
610,4370,3.5,3.512175
380,4370,3.0,3.3319912
477,4370,3.5,3.671236
83,4370,3.5,2.7753575
119,4370,3.5,3.5758493
514,4439,3.5,3.1938186
482,6320,1.0,1.9848809
28,7706,4.0,2.726194
387,7706,4.0,3.24502
380,64249,3.0,0.6776943
610,73211,4.0,2.8374455
321,288,3.0,2.7508554
192,288,3.0,2.4324946
604,288,5.0,3.5101027
140,288,2.0,2.963256
444,288,3.0,3.9702353
182,288,4.5,3.023053
6,288,2.0,2.8024206
340,288,4.0,3.5039415
560,288,3.5,3.2780285
307,288,4.0,3.0110934
446,288,4.0,2.7671957
465,288,3.0,3.509972
411,288,3.0,3.051492
469,288,2.0,3.0723052
317,288,2.0,2.9580708
424,288,4.0,2.9427793
135,288,3.0,4.0769672
405,288,5.0,3.6561627
46,288,3.0,3.0710773
1,1049,5.0,3.2449324
66,1049,3.5,3.3726401
224,3044,5.0,3.5688114
182,3044,4.5,2.9964964
448,3044,4.0,3.2832522
288,3044,3.0,3.7465804
414,3044,3.0,3.4565616
438,3317,4.0,3.5356565
288,3354,2.0,2.4723208
599,3478,2.5,2.534672
514,3478,3.0,3.1818128
414,3478,2.0,3.0979178
469,3760,3.0,2.5454638
474,4103,3.5,3.871582
517,4103,2.0,2.8884106
111,4228,2.5,1.9717655
185,4228,2.0,1.7749875
298,4228,3.0,1.9228253
82,5106,2.5,1.6650195
169,5378,4.5,4.053434
432,5378,4.0,3.2268918
292,5378,3.0,3.5253563
318,5378,3.0,3.2829597
453,5378,4.0,3.5130858
428,5378,3.5,2.2902694
438,5378,3.5,3.4184556
480,5378,3.0,2.4276795
68,5378,3.0,3.5092397
599,5628,3.0,2.7972283
182,5628,3.5,2.7621725
414,8937,4.0,3.6576746
586,42738,4.5,3.6590364
167,42738,2.5,2.3292227
605,42738,3.0,2.5061054
540,48516,5.0,4.760385
606,48516,3.5,4.0271797
223,48516,4.0,3.495012
232,48516,4.5,4.118362
599,48516,3.0,3.4759874
177,48516,4.0,4.032674
435,48516,5.0,4.6538973
52,48516,4.0,4.982877
280,48516,5.0,4.2633386
570,48516,3.5,3.88811
41,48516,3.5,3.319025
381,48516,5.0,3.99471
343,48516,4.5,4.1782103
63,48516,4.5,3.9660428
80,48516,4.0,4.7956133
464,48516,4.0,4.2693114
141,48516,3.0,3.9552507
414,48516,4.5,4.3890963
515,48516,5.0,5.112321
378,48516,4.5,4.1226172
105,48516,5.0,4.509914
282,48516,4.5,4.411486
246,49932,4.5,3.4036806
582,89745,5.0,4.11297
227,89745,3.5,3.893774
15,89745,2.0,2.906535
247,89745,3.0,3.5665503
418,89745,0.5,3.5857399
249,89745,5.0,4.1484447
73,89745,4.0,4.139971
408,89745,3.5,4.5624833
534,89745,4.0,3.6231282
68,89745,4.5,3.4839864
525,89745,4.5,3.742804
365,89745,2.5,2.5197392
153,89745,0.5,2.031724
18,89745,4.0,3.9001865
475,89745,4.0,4.4477634
393,89745,5.0,4.6816516
212,91529,3.5,3.6552541
523,91529,5.0,4.6360893
380,91529,4.0,4.254533
448,91529,3.5,3.486893
119,91529,4.5,4.3789854
573,91529,5.0,4.5225434
30,91529,5.0,4.839592
184,91529,4.0,3.982735
606,80,4.0,3.471839
148,356,4.0,3.229138
458,356,5.0,4.860024
588,356,3.0,3.7019262
133,356,4.0,3.3157938
593,356,4.0,3.3131728
126,356,4.0,4.0948906
300,356,4.0,4.134904
587,356,4.0,4.8319583
22,356,5.0,3.085826
122,356,5.0,4.9425254
233,356,5.0,3.7603507
519,356,5.0,4.9205866
325,356,2.0,3.584364
16,356,3.5,3.5472002
205,356,4.0,3.7159567
169,356,4.5,5.0990543
340,356,3.0,4.8089356
432,356,4.5,4.2535143
54,356,4.0,3.339321
452,356,5.0,4.995768
268,356,2.0,3.0586805
419,356,4.5,4.1005645
64,356,4.0,4.1390743
117,356,4.0,3.991958
227,356,5.0,4.2121067
425,356,5.0,3.9974527
112,356,3.5,3.8081148
327,356,5.0,4.5516806
523,356,4.5,5.087721
197,356,3.0,3.998568
486,356,5.0,4.5196543
72,356,4.0,4.5751395
286,356,4.5,4.2865906
387,356,4.0,3.4274282
445,356,3.0,3.8316216
8,356,3.0,4.109655
453,356,5.0,4.3768663
247,356,5.0,3.7269228
434,356,4.5,3.966088
543,356,3.0,5.115772
63,356,3.5,3.7386856
50,356,3.0,3.0617747
404,356,4.0,3.946679
569,356,3.0,4.5128884
38,356,3.0,4.015015
249,356,4.5,4.3421826
356,356,4.0,4.462972
113,356,4.0,3.822752
62,356,5.0,4.614918
125,356,5.0,3.9749267
143,356,5.0,3.0786724
226,356,4.0,4.100227
335,356,4.0,4.3384805
341,356,3.5,3.9818172
414,356,5.0,3.901732
170,356,4.0,3.9158278
304,356,5.0,4.462892
188,356,5.0,4.664486
33,356,5.0,3.9687524
198,356,5.0,3.945629
284,356,5.0,4.4168305
522,356,3.5,3.6148915
18,356,4.5,4.1036305
104,356,4.0,4.161527
391,1916,5.0,2.9141583
156,1916,1.0,3.5646358
607,3016,4.0,3.4970415
288,3016,3.0,2.7229555
342,3016,2.0,2.627315
19,3551,3.0,2.3513482
465,3551,5.0,3.7259874
288,3551,3.0,3.033961
453,4233,3.0,2.4446445
479,5460,4.0,3.2888632
122,6807,5.0,4.759954
274,6807,4.0,3.3936157
23,6807,3.5,3.5662808
526,6807,5.0,4.001738
608,6807,2.0,3.095462
298,6807,2.5,2.919486
600,6807,5.0,3.4680932
405,6807,4.0,3.8819337
414,6867,4.5,3.4592974
199,6867,4.0,3.245171
610,26413,3.5,3.5603526
477,60037,3.5,2.685785
318,63072,4.0,3.761873
352,63072,4.5,3.8302467
68,74508,2.0,3.4102716
596,79091,3.5,3.4421716
332,79091,4.0,3.3701081
52,79091,4.0,4.3976855
49,79091,4.0,4.0299597
509,79091,3.5,3.3158638
119,79091,5.0,4.2876067
401,79091,3.5,3.55907
517,79091,2.0,2.63634
564,113453,3.0,3.2290993
448,113453,2.5,2.238494
365,113453,3.5,2.501131
596,143355,4.5,3.2500215
599,143355,2.0,2.6763043
318,143355,3.5,3.4353094
462,143355,2.0,2.6908345
380,143355,3.0,3.7323666
567,143355,1.5,2.22265
252,143355,4.0,3.6801662
580,25,4.0,2.510429
385,25,3.0,3.1457584
603,25,4.0,3.731608
308,25,1.0,1.8023516
432,25,4.5,3.2423248
235,25,5.0,3.6971874
64,25,3.5,3.675463
552,25,3.0,3.4130254
290,25,4.0,4.1426535
84,25,5.0,3.8558793
171,25,5.0,3.8047745
214,25,2.0,3.3600695
265,25,1.0,3.3294952
68,25,3.5,2.5007613
373,25,5.0,4.232339
566,25,2.0,3.7693253
118,25,2.0,3.681868
275,25,3.0,3.9617026
144,25,3.0,3.5970678
36,25,2.5,1.8436077
599,73,3.0,2.7030525
606,427,3.5,1.9330403
234,427,3.0,1.836195
240,427,2.0,2.8877861
199,427,1.0,1.9435364
412,1147,5.0,4.328887
122,1923,4.5,4.520054
225,1923,4.0,3.8547025
232,1923,3.0,3.638347
599,1923,3.0,3.0142813
177,1923,1.0,3.6156552
182,1923,3.0,3.3220625
500,1923,3.0,3.7738943
268,1923,3.0,3.2180867
590,1923,2.5,3.4417748
263,1923,4.0,3.6602025
564,1923,4.0,3.5913649
594,1923,4.0,4.188545
610,1923,5.0,3.9424753
307,1923,3.0,3.1199358
4,1923,3.0,3.096346
7,1923,1.5,3.5167458
45,1923,5.0,4.210465
156,1923,4.0,3.578624
480,1923,4.0,3.3269675
219,1923,2.5,3.449634
201,1923,5.0,4.323195
294,1923,1.0,3.0066915
474,2112,2.0,3.1223595
346,2114,3.5,3.5257702
1,2596,5.0,4.2337933
356,2596,4.0,3.792625
298,2672,0.5,3.0808825
600,2672,3.5,2.1109986
367,3616,4.0,3.6138139
246,4270,4.5,3.633303
274,4270,3.5,2.912227
20,4270,0.5,3.3580396
139,4270,2.0,1.8928655
523,4270,4.5,3.85323
594,4270,4.5,4.3836217
51,4270,0.5,3.3284419
97,4270,5.0,3.9185593
82,4270,3.0,3.452396
477,4270,0.5,3.3264837
298,4270,1.5,1.914016
232,5108,4.0,2.8577216
47,5108,4.0,2.3480566
182,5108,1.5,2.79886
432,5108,2.5,2.67575
610,5108,2.5,3.1029346
438,5108,2.5,2.7720351
169,6565,5.0,4.4772596
199,6565,4.0,3.4204173
232,6593,3.0,2.9810627
425,6593,3.0,2.712811
82,6593,3.0,2.631397
143,6593,4.0,2.574754
357,6593,4.0,3.3097408
104,6593,4.0,3.3160706
599,7027,2.5,2.5985198
140,26172,3.0,2.6334612
610,32011,2.5,2.3078184
232,51412,3.0,3.2698028
387,51412,2.5,2.0228672
298,51412,0.5,1.068712
319,122904,3.5,4.6286373
305,122904,5.0,3.602109
306,122904,3.0,3.6075954
279,122904,4.0,3.4496243
523,122904,5.0,4.5257435
495,122904,5.0,4.2654147
50,122904,1.5,2.3904948
408,122904,3.5,4.46467
550,122904,5.0,4.289079
352,122904,2.5,3.54822
561,122904,2.0,3.825294
248,122904,4.5,3.5984936
365,122904,3.5,2.7778327
491,129354,4.0,3.5430827
318,134170,3.0,3.630302
50,134170,2.5,2.8975797
21,142536,2.5,1.3560524
229,237,4.0,3.4682355
217,1126,2.0,2.2780886
307,1126,4.5,2.6738107
211,1556,2.0,1.5559245
368,1556,1.0,1.3269081
222,1556,1.5,1.3013692
219,1556,1.0,1.077119
68,1556,3.0,1.5030264
182,1941,4.0,2.5500848
1,2033,5.0,4.185921
20,2033,4.0,3.6586006
19,2033,3.0,2.8608274
606,2321,4.0,3.6195252
230,2321,4.0,2.388345
367,2321,2.0,3.5137424
599,2321,3.5,2.958619
572,2321,3.0,3.652373
169,2321,4.5,3.9540887
504,2321,4.0,3.3301249
489,2321,1.0,3.026967
387,2321,3.5,3.0616615
380,2321,4.0,3.717947
239,2321,4.5,3.6252155
156,2321,4.0,3.3456323
477,2321,4.5,3.710775
608,2321,3.5,2.9427083
200,2321,3.0,3.7321248
354,2321,4.0,3.5620594
600,2321,4.0,3.1466167
252,2321,5.0,3.6833026
597,2539,3.0,3.7294059
28,2539,1.5,2.4798765
182,2539,2.5,2.8746939
268,2539,3.0,3.2033858
100,2539,4.0,3.087496
483,2539,3.5,3.2573729
305,2648,4.5,3.8871515
607,2648,3.0,3.5404959
562,2648,3.5,3.9878683
593,2858,4.5,3.8768277
101,2858,4.0,4.5729475
115,2858,1.0,4.2022967
300,2858,5.0,4.5920506
332,2858,4.5,3.9757674
159,2858,4.0,2.5055726
236,2858,5.0,4.9820895
336,2858,5.0,4.454741
209,2858,4.5,4.928629
330,2858,4.5,4.157377
225,2858,3.0,3.6816747
132,2858,4.5,3.3767798
603,2858,5.0,4.049204
212,2858,3.5,3.7671368
348,2858,5.0,4.8125234
500,2858,5.0,4.3375626
432,2858,3.5,3.7981665
452,2858,4.0,4.665545
41,2858,4.0,3.5336905
425,2858,3.0,3.7887688
462,2858,3.5,3.555298
202,2858,4.0,4.416215
17,2858,4.0,4.28882
387,2858,4.5,3.8601696
290,2858,4.0,4.5391226
326,2858,3.5,3.735203
453,2858,5.0,4.4110174
249,2858,4.5,4.3603034
160,2858,5.0,3.7602391
156,2858,4.5,4.193388
480,2858,4.0,4.0531607
477,2858,4.5,4.438655
464,2858,4.0,4.11337
526,2858,4.0,4.242795
21,2858,2.0,3.369067
195,2858,4.0,3.836614
221,2858,5.0,4.442601
457,2858,3.0,4.1249557
354,2858,4.0,4.005531
298,2858,4.0,3.169129
204,2858,4.0,4.3480744
83,2858,3.5,4.2279983
198,2858,5.0,3.801128
573,2858,2.0,4.783868
67,2858,4.0,3.9489875
483,2858,4.0,4.478376
182,3438,3.0,2.5334044
20,3438,4.0,2.4425259
166,3438,3.5,3.2867591
477,3438,4.0,2.8123975
177,3461,2.0,2.3872232
414,3461,3.0,3.099061
115,3508,5.0,4.9931474
28,3508,4.5,3.389462
474,3508,3.0,4.1511683
590,3508,4.0,4.340782
238,3508,4.0,2.9900753
469,3508,4.0,4.4159675
232,3510,3.5,3.6666796
20,3510,3.0,3.407299
450,3510,5.0,3.8893292
453,3510,3.0,3.8313198
195,3510,4.0,3.6808105
414,3510,4.0,3.3889322
228,3510,3.0,3.6102593
249,5323,1.0,1.5433884
606,5613,4.0,3.63409
509,5613,3.5,3.4469833
438,8633,2.0,3.1223838
599,26662,2.0,3.3821833
525,26662,4.0,4.0522943
590,51077,2.0,1.9328312
305,61350,3.0,1.1004553
414,77364,3.5,2.412609
279,107069,2.5,2.8449533
448,131013,2.0,2.62151
417,1213,3.5,4.6906815
409,1213,5.0,4.160866
122,1213,5.0,5.0610065
182,1213,5.0,3.9794536
280,1213,5.0,4.1137333
554,1213,5.0,4.3484626
461,1213,4.0,2.1536477
307,1213,4.0,3.3594341
100,1213,3.5,4.101147
555,1213,5.0,4.3591084
380,1213,5.0,4.281973
84,1213,3.0,4.0004025
391,1213,4.0,4.1320024
239,1213,5.0,4.4269524
403,1213,4.5,4.1925683
298,1213,4.0,2.8741343
561,1213,4.0,4.026693
198,1213,4.0,4.08934
201,1213,4.0,4.4923673
357,1213,5.0,4.251585
275,1213,5.0,4.1864433
318,1419,4.5,2.4474835
294,2899,1.0,2.9286945
91,3994,2.0,4.064023
474,3994,4.5,3.3433743
570,3994,3.5,3.377422
489,3994,1.0,3.193336
220,3994,3.5,3.6933877
216,3994,5.0,3.321467
356,3994,4.0,3.7021224
298,3994,1.0,2.4307969
599,4862,2.5,0.8370839
182,5267,3.0,2.9731162
438,5267,4.0,2.9813716
288,5267,3.5,3.2315383
599,8369,2.0,2.025677
477,30820,3.5,3.7742906
28,41863,4.5,2.954832
318,41863,4.0,3.4550967
356,53956,3.5,3.4277985
306,56152,3.5,3.1959264
380,56152,4.0,3.6032274
52,62374,4.0,4.131104
408,62374,4.0,3.8225985
414,80586,3.5,3.317482
561,95875,2.5,2.8097694
448,102720,2.5,1.8342606
6,24,4.0,3.3747644
234,24,5.0,3.0057843
32,24,3.0,3.2541447
342,24,3.0,3.1264873
368,160,2.0,2.3458939
599,160,2.5,1.953043
353,160,2.0,2.4570653
57,160,1.0,2.0345075
447,160,2.0,3.7124352
489,160,1.0,2.0524588
495,160,3.0,3.0663905
129,160,3.5,3.1339822
395,160,4.0,3.052275
411,160,3.0,3.261301
116,160,4.0,3.4366107
600,160,2.5,2.6300538
201,160,4.0,3.4816213
99,160,2.0,3.216113
468,160,2.0,2.766965
599,818,2.0,2.336306
6,818,3.0,2.7614667
479,818,4.0,3.8694515
409,1078,5.0,2.9886672
217,1078,2.0,2.9616213
477,1103,3.5,4.018128
414,1103,5.0,4.260079
599,3882,2.0,2.192889
111,3882,4.0,2.477023
132,3882,2.5,2.2163997
274,3882,2.5,2.742641
358,3882,3.0,2.728825
316,3882,2.5,2.1198187
480,3882,0.5,2.0833917
160,4055,5.0,2.441699
387,4915,2.0,2.799071
307,4915,2.0,2.8867583
95,5027,4.0,2.7215383
380,6263,4.0,3.0845869
346,7013,4.0,3.5045981
474,7013,4.5,3.8066149
387,7013,4.0,3.6237261
182,7698,3.5,3.5067527
474,41527,4.0,3.0846484
210,71745,2.0,2.7232983
305,71745,2.5,3.409736
318,71745,4.5,2.921306
382,91671,1.0,0.95013833
534,97836,4.0,3.2147887
103,70,3.5,3.877428
336,70,4.0,4.1578054
295,70,5.0,3.3543062
387,70,3.5,3.0697718
307,70,3.5,2.762585
380,70,5.0,4.064196
608,70,3.0,3.4794536
68,70,4.0,2.9710424
571,70,2.0,3.3144398
405,70,4.0,3.4999232
474,921,3.0,3.1580994
217,921,2.0,2.603093
216,921,4.0,3.2169247
469,921,3.0,3.8573813
275,921,5.0,3.5569901
555,1454,4.0,2.9715195
171,1454,5.0,3.6963744
580,1479,3.5,3.8645005
599,1479,2.0,2.414988
376,1479,4.5,3.299214
68,1479,4.0,3.2170048
199,1897,3.0,2.3907282
474,3035,3.0,3.7817247
384,3219,4.0,3.643419
474,3219,2.5,3.2951174
19,3219,2.0,2.4908135
414,3259,4.0,2.8275533
599,3693,1.5,2.049598
274,3693,3.5,2.28737
555,3693,3.0,2.60822
42,3693,1.0,2.4622462
313,3693,1.0,2.525618
140,3755,4.0,3.1068711
280,3755,4.5,3.349476
20,3755,4.5,3.496732
381,3755,3.5,3.2344272
380,3755,3.0,3.357852
216,3755,4.0,2.4396734
113,3755,1.0,3.1138325
610,3973,2.5,0.55609107
422,3973,1.0,0.41555887
599,5128,2.5,1.9522433
139,5957,1.5,1.9191778
381,5957,4.0,3.3776376
438,5957,3.5,2.9378562
288,5957,3.0,2.5212567
288,6012,3.0,2.1124127
580,6287,2.5,3.426596
484,6287,3.5,3.6757264
509,6287,2.5,2.6485186
226,6287,2.5,3.1922328
414,6287,2.0,3.15141
298,6287,2.5,1.9167901
282,6287,3.5,3.5007083
89,6287,1.0,2.1928
103,6957,4.0,3.838674
274,6957,4.5,3.6106608
590,6957,2.5,2.9466748
610,6957,4.5,3.516905
156,6957,4.0,3.4055948
414,6957,3.5,3.164676
474,40278,3.5,3.3538184
318,40278,4.0,3.753707
495,40278,4.0,4.125737
177,46948,3.0,2.3377333
381,46948,4.0,2.9914942
226,46948,3.5,2.9597642
483,46948,4.0,2.6827571
200,50802,3.0,3.2793336
28,63082,4.0,3.505835
22,63082,0.5,2.9444776
132,63082,3.5,3.2968762
52,63082,5.0,4.494226
560,63082,3.5,3.8626266
231,63082,5.0,3.5252783
326,63082,4.5,3.8230176
418,63082,4.0,3.4298885
351,63082,3.5,3.8960798
21,63082,3.5,3.7130172
334,63082,3.5,3.5480204
466,63082,2.0,3.8122563
560,102407,3.0,3.3073707
41,102407,3.0,3.4273932
73,102407,3.5,3.660748
68,102407,2.5,3.0043163
517,102407,3.0,1.9659884
318,105250,4.0,2.8561497
339,127108,4.0,4.41431
418,127108,4.5,3.7874818
243,62,5.0,4.021064
580,62,2.0,3.6641083
159,62,3.0,2.7017157
604,62,4.0,3.7906902
6,62,4.0,4.735372
169,62,5.0,4.5368166
455,62,4.0,3.7418003
112,62,4.0,2.8267515
480,62,3.5,3.4611983
214,62,3.0,3.027572
414,62,4.0,2.6739166
68,62,3.5,3.3837962
600,62,2.5,2.7376475
174,62,1.0,4.413235
597,125,4.0,4.68296
602,125,3.0,3.482437
314,125,1.0,3.259655
216,125,5.0,3.8509448
288,125,3.5,3.700602
307,1453,0.5,1.6429337
597,1799,4.0,3.6887038
599,1799,3.0,2.774084
307,1799,2.5,3.2412505
185,1907,3.0,3.6399624
57,1907,4.0,3.169168
19,1907,3.0,2.9314432
381,1907,4.0,3.7186153
4,1907,3.0,2.8507872
129,1907,4.5,3.8554022
509,1907,4.0,3.336799
414,1907,4.0,3.3154736
525,1907,3.5,3.4905322
153,1907,3.0,1.7112894
474,1912,4.0,3.3804479
64,1912,5.0,3.825918
113,1912,5.0,3.5933914
595,1912,5.0,4.3007364
414,1912,3.0,3.9416492
79,1912,5.0,3.9302254
275,1912,5.0,3.940013
182,2505,3.5,2.4505556
432,2505,3.0,3.3436627
555,2505,3.0,3.6528504
424,2505,3.5,3.317309
103,2529,3.5,4.2094626
182,2529,4.5,4.185096
452,2529,4.0,4.6175222
7,2529,5.0,3.5176585
160,2529,3.0,4.0117116
597,2551,4.0,4.0693164
603,3204,4.0,3.7116163
202,3204,4.0,3.7311826
4,3204,4.0,3.0348082
288,3204,3.0,3.4618046
91,3267,4.0,3.2649124
182,3267,3.5,3.597064
27,3751,3.0,3.3767796
232,3751,3.0,3.1743076
305,3751,4.0,4.087749
328,3751,3.0,2.8701777
292,3751,3.0,3.3933134
489,3751,3.5,2.9247687
552,3751,4.5,3.2159097
331,3751,4.0,3.2507477
448,3751,3.0,3.2213316
156,3751,3.5,3.2153482
477,3751,4.0,3.545178
414,3751,5.0,3.3766258
488,3751,4.5,3.7549305
487,3751,2.5,2.6724095
534,3751,4.0,3.68522
313,3751,2.0,3.0448768
475,3751,3.5,4.4234295
309,4432,4.0,3.5116818
448,4654,1.5,2.982702
42,4654,3.0,2.8349633
414,4880,4.0,3.231637
606,5434,3.5,3.324335
74,5434,4.5,3.4170885
462,6380,5.0,2.6416843
260,6380,3.5,3.8129003
221,32770,4.5,4.312375
474,33781,3.5,2.2266364
28,37731,2.5,3.186242
288,40959,4.5,2.9275792
232,44788,3.5,3.6034403
318,44788,3.0,3.8847919
462,60333,4.0,3.2342148
298,103539,2.5,2.4414606
586,106489,5.0,3.4959211
298,106489,3.5,1.3224429
108,156,4.0,1.2358531
606,156,4.0,1.3691968
325,351,3.0,3.1337743
429,351,4.0,4.060883
479,351,2.0,3.3730907
588,480,3.0,3.3230422
577,480,5.0,3.5267456
159,480,3.0,3.1801846
606,480,2.5,3.6459968
103,480,4.0,4.0072775
602,480,4.0,3.690922
122,480,4.0,4.4527507
599,480,4.0,2.7920384
305,480,2.0,3.936279
355,480,3.0,4.0610304
1,480,4.0,4.5005517
274,480,3.5,3.5742185
474,480,4.5,3.4661295
500,480,4.0,3.1451502
339,480,4.0,3.7583594
279,480,4.0,3.5035005
117,480,4.0,3.6388922
447,480,4.0,4.2119884
179,480,4.0,4.2180367
590,480,4.0,3.5276394
461,480,0.5,3.488264
486,480,5.0,4.275891
423,480,5.0,3.8220081
503,480,3.5,3.0209832
610,480,5.0,3.7497513
229,480,3.0,4.058435
301,480,3.0,3.2615561
494,480,3.0,3.8683727
59,480,3.0,3.8035545
84,480,3.0,3.7716641
247,480,4.5,3.3692272
428,480,2.0,2.6076565
391,480,2.0,3.464141
264,480,2.0,3.6683278
156,480,3.0,3.2842886
219,480,4.0,3.3239179
226,480,4.0,3.776936
464,480,4.0,3.9501598
21,480,4.0,3.3989074
221,480,3.0,3.6709323
265,480,4.0,3.6127381
457,480,2.0,3.911275
109,480,3.0,3.4891772
303,480,3.5,3.569982
298,480,4.0,2.731104
58,480,4.0,4.439031
546,480,4.0,2.7120683
349,480,3.0,4.031044
373,480,4.0,3.4559476
135,480,5.0,3.5483534
149,480,3.0,3.032648
573,480,5.0,4.1360707
275,480,4.0,3.8559577
584,480,5.0,4.5496974
517,480,1.0,2.5200202
474,2050,1.5,2.9791102
177,3591,3.0,2.7767239
42,4067,2.0,3.8162582
480,4255,3.0,1.9443452
448,4471,0.5,1.3575805
232,5313,3.0,2.842846
20,5313,0.5,2.480981
509,5313,3.0,2.2177725
45,5313,3.0,3.174938
477,5313,0.5,2.7934725
490,5313,2.0,1.6433614
534,5313,4.0,3.0116456
190,6870,4.0,3.7136712
553,6870,3.5,4.1375003
221,6870,4.0,4.047992
105,6870,4.0,3.894825
187,6870,3.0,3.6113362
220,7569,3.5,4.108938
51,7569,5.0,4.086054
132,8808,2.5,1.8622384
563,8808,3.5,2.3387387
274,8810,2.0,2.8293793
80,8810,4.0,3.7446914
480,8810,1.5,2.2605577
226,8810,1.5,2.5026622
345,8810,4.5,3.014697
593,41566,2.0,2.353758
76,41566,1.5,1.9133519
274,41566,2.5,2.9121537
474,41566,4.5,3.077991
339,41566,3.0,3.255792
542,41566,4.0,3.442936
448,41566,3.5,2.8763335
50,41566,2.0,1.9019423
21,41566,3.0,3.6737077
605,41566,4.5,3.4041803
475,41566,5.0,4.259372
517,41566,5.0,2.3580675
387,53129,3.5,2.9706275
80,53129,4.5,4.4865756
233,55872,3.0,2.5456188
414,55872,3.5,2.9192734
483,55872,4.5,3.2145693
332,60074,3.5,2.9797766
122,60074,3.5,3.5530965
599,60074,2.0,2.3804066
177,60074,4.0,3.4258225
489,60074,3.0,2.4275317
590,60074,3.0,2.7194192
610,60074,3.0,3.0366654
380,60074,2.0,3.3381433
68,60074,3.0,3.022723
599,88140,3.0,2.8398283
139,88140,2.5,2.2643957
318,88140,3.5,3.5675673
63,88140,4.0,3.509877
73,88140,4.5,3.7695131
125,88140,3.0,3.2543488
298,88140,3.0,2.6118772
475,88140,4.5,4.2956066
483,88140,3.0,3.611821
567,93363,1.0,1.9374259
567,156726,0.5,2.712297
448,1083,4.0,2.6566586
474,1099,3.5,2.899818
103,1610,3.5,4.171676
91,1610,4.5,3.254764
325,1610,4.0,3.6775236
182,1610,4.0,3.9141495
57,1610,4.0,3.8106165
263,1610,4.0,3.8159826
387,1610,3.0,3.340142
520,1610,4.0,4.1148095
448,1610,4.0,3.8226895
45,1610,4.0,4.0092173
482,1610,4.0,3.5953708
464,1610,5.0,3.9587297
68,1610,3.0,3.2169952
199,1610,5.0,3.656053
555,2408,3.0,2.8260803
160,2408,1.0,2.4017549
482,2408,3.0,3.1201098
294,2408,1.0,2.0172584
382,3564,3.0,1.8283614
517,3564,0.5,0.44081873
159,4069,2.0,3.1843214
169,4069,4.0,3.683584
607,4069,3.0,2.652379
594,4069,5.0,3.954749
351,4069,2.5,2.6409228
357,4069,2.0,2.981954
603,4708,4.0,3.3644004
307,4951,2.5,2.8624454
414,4951,4.0,3.3361673
312,5479,3.0,3.67795
594,6549,5.0,3.1290336
600,6643,2.5,3.1415887
562,7294,3.5,3.2208068
580,37741,4.0,3.8403172
28,37741,2.0,3.26476
22,37741,3.5,2.9515085
199,37741,3.5,3.540626
506,37741,4.0,2.950695
606,47099,3.5,3.6240091
570,47099,4.0,3.7043834
590,47099,3.5,3.2295656
400,47099,4.0,4.2109656
239,47099,2.5,4.3415446
10,47099,3.0,3.038173
361,47099,4.0,3.4410198
249,47099,4.0,4.165542
73,47099,4.0,4.1287327
111,65216,3.5,3.1859193
62,74228,3.5,4.2060165
111,102903,5.0,3.61605
560,102903,1.5,3.2073898
610,102903,3.0,3.2522573
248,102903,4.5,3.3596125
448,110297,3.0,2.7432742
365,140711,3.5,2.8920195
495,142488,5.0,4.9516563
514,142488,4.0,3.8560677
564,160271,3.5,3.671675
451,95,4.0,2.7414658
501,95,4.0,3.17232
602,95,3.0,2.912648
604,95,4.0,3.275881
6,95,4.0,3.4035583
402,95,4.0,3.5548015
179,95,3.0,3.531314
437,95,1.0,2.5966108
217,95,3.0,2.7508204
380,95,3.0,2.8616397
84,95,2.0,2.961949
428,95,2.0,1.7749882
151,95,4.0,3.5266337
541,95,3.0,3.0776398
284,95,5.0,3.2808297
529,95,4.0,3.2478046
402,477,3.0,3.6068175
182,482,4.0,3.6658409
199,482,3.0,3.3490212
409,968,5.0,4.2954025
590,968,3.0,3.3319736
477,968,2.0,3.772429
313,968,5.0,4.491689
562,968,4.5,3.8592298
594,1687,4.0,3.8978863
11,1687,3.0,3.8923218
322,1784,3.0,3.3941786
367,1784,4.0,4.0354724
266,1784,3.0,3.584431
197,1784,5.0,3.6770184
594,1784,3.0,4.3856907
301,1784,4.5,3.3465059
555,1784,5.0,4.101221
7,1784,0.5,3.5846338
51,1784,5.0,3.6887743
234,1784,4.0,3.857392
24,1784,4.0,3.6927528
390,1784,4.5,3.802079
195,1784,4.0,3.7460084
199,1784,1.0,3.2401938
282,1784,4.0,4.1284094
517,1784,3.0,1.8311394
368,2009,3.0,2.9409392
57,2009,4.0,3.3403115
477,2009,4.0,3.4705627
274,2123,3.0,3.1243439
477,2123,2.5,3.2945352
200,2123,0.5,3.6519387
600,2123,3.0,2.7566226
202,2133,3.0,3.2425747
414,2133,4.0,3.226
587,2145,3.0,3.4805622
577,2145,3.0,3.2940676
606,2145,3.5,3.367136
599,2145,3.0,2.4448102
111,2145,3.0,3.6771183
177,2145,3.0,3.5011907
462,2145,3.0,1.953084
307,2145,3.0,3.0045552
4,2145,3.0,3.282243
410,2145,4.0,3.526145
440,2359,3.5,3.6410303
397,2359,3.0,2.6433134
568,2359,4.0,3.6895175
4,2359,4.0,2.8229856
288,2359,4.0,3.3163736
36,2359,4.5,2.9985394
305,3868,5.0,3.7823737
380,3868,5.0,3.9995086
288,3868,3.5,2.9522493
219,3868,3.5,3.6027768
198,3868,4.0,3.0941553
546,3868,3.0,3.5043795
600,3868,2.5,3.2510235
294,3868,3.0,3.642247
89,3868,2.0,2.6268804
599,4063,2.0,1.5729474
113,4063,4.0,1.8110707
422,4187,4.0,3.4960148
514,4533,3.0,3.517234
427,4887,2.0,2.2606988
21,5872,5.0,2.980647
466,5872,3.5,3.5206668
222,6290,2.0,2.2547526
599,6290,2.5,1.6669245
274,6290,3.5,3.1436467
580,7318,2.5,3.2742095
414,7318,3.5,2.4489665
249,49822,3.5,3.4844882
305,50442,4.0,3.0823536
249,50442,3.5,2.8589172
477,57243,4.0,3.0848057
199,57243,3.5,2.259701
28,57528,2.0,2.187401
599,74668,3.5,2.4268322
249,79185,3.5,3.1523588
21,79185,4.0,2.9308543
249,93326,3.5,2.9774773
73,93326,3.5,3.4641144
80,103075,4.0,2.794123
365,103075,3.5,1.4353566
246,29,5.0,3.975741
274,29,4.0,3.5448751
295,29,5.0,4.0506325
43,29,5.0,3.4951165
469,29,4.0,4.3010592
521,29,3.0,3.7802043
405,390,4.0,3.5074806
599,741,5.0,3.3406134
434,741,5.0,4.370852
50,741,3.5,3.3161657
408,741,5.0,4.337617
608,741,3.5,3.702521
298,741,3.5,3.1415467
387,2139,4.0,3.2226808
380,2139,4.0,4.10003
87,2139,3.0,3.7818663
129,2139,3.5,3.8380227
226,2139,4.0,3.647543
68,2139,2.5,3.0731566
525,2139,3.5,3.5801103
603,2165,4.0,2.745151
414,2453,2.0,2.3940654
177,2541,3.0,3.0280795
590,2541,2.0,2.8748324
383,2541,3.0,3.9469137
438,2541,3.0,3.0242589
509,2541,3.5,3.0033693
591,2541,2.0,2.6136775
608,2541,3.0,3.521733
182,2860,2.0,2.2776687
597,2948,5.0,4.1932583
368,2948,3.0,3.2217107
288,2948,3.0,3.539784
414,2948,3.0,3.8960123
68,2948,4.0,3.470724
68,4499,3.5,3.1349459
599,4563,2.0,1.1161869
448,4563,2.0,1.2833397
51,5672,0.5,0.47137496
74,7419,3.5,4.138213
474,26151,3.5,3.1798813
307,32019,2.0,1.6361248
448,32019,2.0,1.5691739
322,34405,3.5,3.370167
435,34405,4.0,4.489526
139,34405,4.0,3.0119352
381,34405,3.5,4.2003202
249,34405,5.0,4.229246
477,34405,4.0,4.3244486
414,34405,3.5,3.7683985
376,34405,4.0,4.1815395
298,34405,4.0,2.5252595
393,34405,5.0,5.392518
480,39234,3.5,3.2948647
590,46965,2.5,2.3435657
249,46965,3.0,2.5230556
560,53460,3.0,3.2925818
89,53460,3.5,2.0990536
298,59258,0.5,2.4239318
89,59258,3.5,2.652685
548,74532,3.0,2.3813956
414,81782,3.5,3.4661734
177,87430,2.5,2.7128978
448,87430,1.5,2.1089647
62,87430,3.5,2.4154007
483,91128,4.0,3.7731206
222,97304,4.5,3.5788963
177,97304,5.0,3.8198738
419,97304,1.5,4.1071033
318,97304,4.0,3.8414226
537,97304,4.5,4.761547
495,97304,5.0,4.4399266
352,97304,4.0,4.0091376
448,109042,2.0,1.9533485
603,464,3.0,1.746657
610,464,4.0,2.8975716
217,464,3.0,1.9055278
448,528,2.0,2.5398464
580,1221,4.0,3.7184339
322,1221,1.0,3.7761548
362,1221,5.0,4.703575
28,1221,4.0,3.3717468
596,1221,3.0,4.0717597
76,1221,4.5,3.5298169
577,1221,4.0,4.0546284
372,1221,5.0,3.8964508
367,1221,4.0,4.133772
308,1221,1.0,1.7562978
295,1221,4.5,4.410585
432,1221,4.0,3.5496554
268,1221,4.0,4.381547
553,1221,5.0,4.629131
425,1221,3.5,3.8543584
610,1221,5.0,4.663104
39,1221,5.0,4.606524
239,1221,5.0,4.373105
82,1221,3.0,3.4548614
125,1221,4.5,4.186337
376,1221,4.5,4.1722136
68,1221,3.0,3.2839293
522,1221,4.0,4.293777
42,1221,5.0,4.3281364
131,1221,4.0,3.8569884
294,1221,4.0,3.4516828
182,1289,3.0,3.748044
161,1289,4.5,2.698845
50,1289,3.0,3.1073706
156,1289,4.0,4.1408696
474,2125,3.0,3.2599716
47,2291,2.5,2.9604607
603,2291,4.0,2.9404044
212,2291,3.5,3.5368319
474,2291,4.5,3.3039875
428,2291,3.5,3.2310557
509,2291,3.5,3.2978158
226,2291,3.0,3.6280801
561,2291,4.0,3.4559283
113,2749,4.0,3.1341374
111,3177,4.0,1.8891921
484,3177,4.0,3.468654
307,3177,2.0,1.5730023
367,3189,4.0,4.152927
177,3189,3.0,3.308424
414,3189,4.0,3.4296196
232,3911,3.0,3.3359597
182,3911,4.0,4.1429367
474,3911,4.5,3.4272766
484,3911,4.0,3.4726632
495,3911,5.0,4.508536
514,3911,4.0,3.5255702
426,3911,2.0,2.954466
525,3911,4.5,3.6945577
281,3911,3.5,3.415517
274,4084,3.5,2.8745372
489,4084,2.5,2.0463965
82,4084,4.0,2.948924
596,4878,5.0,3.7866929
76,4878,2.5,3.4956565
330,4878,4.5,4.011337
190,4878,3.5,4.202088
47,4878,0.5,3.0906065
305,4878,5.0,3.9988146
16,4878,3.5,3.5779362
328,4878,1.0,3.5476818
560,4878,3.5,3.923701
64,4878,4.0,4.0297303
503,4878,2.5,3.6270392
307,4878,5.0,3.6457858
343,4878,4.5,4.1801124
428,4878,4.5,3.6774406
448,4878,4.0,3.6320171
400,4878,4.5,4.5865655
249,4878,4.0,4.2545586
167,4878,3.0,3.7168126
356,4878,5.0,4.3604517
62,4878,4.0,4.6954165
287,4878,4.5,3.6067607
200,4878,5.0,4.0588236
254,4878,4.5,4.3763175
487,4878,4.0,3.184199
204,4878,5.0,4.3964696
369,4878,4.0,3.8424172
215,4878,4.0,3.9387898
103,6377,3.5,4.1749597
460,6377,5.0,4.324493
388,6377,4.0,3.5458484
122,6377,4.5,4.761477
230,6377,4.5,3.1121864
233,6377,4.0,3.5408978
177,6377,4.0,3.881862
581,6377,4.5,4.267749
308,6377,4.0,2.712949
169,6377,5.0,4.8247895
359,6377,4.5,3.6112938
227,6377,4.5,3.9803271
41,6377,4.0,3.1271367
425,6377,4.0,3.7451837
15,6377,3.0,3.4534802
286,6377,5.0,4.0547795
100,6377,4.0,4.4335656
434,6377,4.0,3.8304892
543,6377,5.0,4.846791
567,6377,3.0,2.2337663
525,6377,4.5,3.9340646
282,6377,5.0,4.422252
562,6377,4.5,4.4591823
252,6377,5.0,4.5896764
475,6377,3.5,4.9385014
483,6377,4.5,3.9733303
517,6377,4.0,2.9284294
474,8695,2.5,2.818805
282,103335,3.5,3.6588008
111,128520,5.0,3.4870734
525,137337,2.5,3.5309243
321,21,3.0,2.9912262
501,21,3.0,2.9066179
91,21,4.0,3.3876896
140,21,4.0,3.2982435
182,21,2.5,3.6563668
94,21,3.0,2.8650951
57,21,3.0,3.6016612
117,21,4.0,3.2876496
112,21,2.0,3.2288806
4,21,3.0,3.4644983
555,21,4.0,3.6233294
84,21,4.0,3.6329079
438,21,3.5,3.4082794
156,21,5.0,3.7462199
414,21,4.0,3.6362565
608,21,3.5,2.8875587
373,21,1.0,3.6938136
302,21,4.0,4.170426
66,21,4.0,3.8684402
603,214,4.0,3.1162877
350,653,3.0,3.1870623
363,653,2.5,1.9892417
182,653,2.5,2.5355346
570,653,3.0,2.876302
120,653,3.0,2.9252279
381,653,3.0,2.8756902
314,653,3.0,2.4476352
51,653,4.0,3.1673846
524,653,3.0,2.9664073
480,653,2.5,2.1863074
32,653,3.0,2.745723
534,653,4.0,3.495903
337,653,4.0,3.7827168
573,653,3.0,3.2860987
483,653,4.0,2.535698
372,710,2.0,2.322178
274,710,2.5,2.635263
492,710,3.0,2.6405694
474,1177,5.0,3.6298935
548,1393,5.0,4.2096853
91,1393,3.0,3.0323
372,1393,3.0,3.7147577
280,1393,4.5,3.8719003
425,1393,3.0,3.3996832
387,1393,3.5,3.0502267
555,1393,3.0,4.064428
514,1393,4.0,3.6416276
391,1393,2.0,3.5630877
510,1393,3.5,2.8611531
288,1393,3.0,3.4221888
113,1393,1.0,3.2974067
32,1393,4.0,3.543871
561,1393,2.5,3.4618514
116,1393,2.5,3.2357635
198,1393,5.0,3.6305473
562,1393,3.5,4.1757727
540,1409,3.5,2.8251224
606,1409,2.5,2.5511718
599,1409,1.5,1.6507468
19,1409,3.0,1.976313
600,1409,1.0,2.0328565
599,1587,3.5,3.0121648
1,1587,5.0,3.8308728
3,1587,4.5,2.1633632
164,1587,3.0,2.81226
96,1587,2.0,2.5530531
160,1587,1.0,4.2421303
414,1587,5.0,3.5235958
294,1587,4.0,3.379506
452,1801,5.0,3.7231429
534,1801,4.5,3.401713
33,1801,4.0,3.0630593
600,1801,2.5,2.5700395
387,2074,4.0,3.215194
606,2201,4.0,2.5593164
603,2708,4.0,3.0959587
57,3064,3.0,2.2521489
230,3253,1.5,2.4864793
1,3253,5.0,4.5283427
57,3253,3.0,3.4643037
590,3253,3.5,3.3149035
307,3253,3.0,2.8933105
239,3253,2.5,3.7011476
226,3253,5.0,3.7231658
195,3253,4.0,3.2618666
298,3253,3.0,2.8080173
561,3253,3.0,3.4632874
42,3253,4.0,3.5012255
599,4502,1.0,0.6874069
226,4502,3.5,0.92324007
91,4678,5.0,2.986381
182,4678,3.5,3.1831207
580,6461,3.0,3.3485498
140,6461,4.5,3.1895623
311,6461,4.0,2.4275064
357,6483,1.5,0.5342811
594,7017,5.0,1.9979289
438,7017,3.5,2.0045705
307,45726,2.0,2.214424
298,45726,0.5,1.7706715
232,52458,3.5,3.497163
414,52458,3.0,2.8076472
298,52458,2.5,2.205537
573,52458,3.5,3.5827324
89,64116,3.5,1.0891502
306,87869,4.0,3.3538525
560,87869,3.5,3.3050928
73,87869,3.5,3.3445044
125,87869,4.0,3.7675638
119,87869,4.5,4.0521703
599,110501,3.0,3.4340127
279,110501,3.0,3.694507
599,168248,3.0,3.4415092
380,168248,5.0,4.6056304
62,168248,4.5,4.625445
414,550,3.0,3.4444106
580,1079,4.0,3.6242368
425,1079,4.0,3.7039328
590,1079,4.5,3.9171345
318,1079,3.5,3.8259025
387,1079,4.0,3.8464546
4,1079,2.0,3.4404142
244,1079,5.0,4.011276
216,1079,5.0,3.9677186
198,1079,2.0,3.6846216
42,1079,3.0,3.8906417
144,1079,4.0,3.8139837
448,1283,4.0,4.261144
477,1283,3.0,4.326431
422,1283,4.0,3.9021719
274,1327,3.0,3.672122
555,1327,3.0,3.3874743
306,1345,2.0,2.0931149
387,1345,4.0,3.3649406
576,1345,4.0,3.4657779
68,1345,3.0,2.5329697
79,1345,3.0,3.2793717
357,1345,4.5,3.416915
140,1465,4.0,2.1882563
425,1552,4.0,3.0450754
590,1552,3.0,2.6588879
318,1552,4.0,3.1878483
217,1552,3.0,2.819215
428,1552,1.5,2.2566228
288,1552,4.0,2.7261844
597,1648,4.0,3.6229582
155,1911,4.0,3.1294084
596,1911,3.0,2.3292732
409,1911,2.0,2.2759216
111,1911,3.5,2.0553553
432,1911,2.0,2.9321032
64,1911,3.0,2.6195948
249,1911,3.0,2.896338
517,1911,1.5,1.9466504
20,2116,2.5,3.1099002
125,2843,4.0,3.7660441
334,2843,4.0,2.963594
105,2843,5.0,3.1347427
483,2843,4.5,3.168039
57,2922,4.0,3.5514529
202,2922,3.0,3.6188474
318,3246,5.0,3.7656415
202,3246,4.0,4.3410826
290,3246,4.0,4.518647
585,3246,4.0,4.5077295
74,3246,4.0,4.2846212
232,4366,2.5,3.1795948
380,4366,5.0,3.8763335
608,4366,3.0,3.216925
534,4366,4.5,3.1925545
525,4366,2.5,2.9887621
309,4406,3.5,4.2608485
140,5093,3.0,1.931655
380,5093,4.0,2.7460392
567,7024,4.0,2.3935764
307,30822,2.5,2.608041
608,30822,4.0,3.1255655
68,30822,3.5,2.7783804
509,33779,4.0,4.060582
305,56801,3.5,2.09037
610,56801,1.0,2.2601085
460,66934,4.5,4.2351575
177,66934,4.0,3.5624921
220,66934,3.0,4.187804
380,66934,4.0,4.108327
204,90746,3.5,3.7367015
561,90746,3.0,3.2502153
517,90746,2.5,1.3075225
210,166528,4.5,4.62121
292,166528,4.0,3.7015164
279,166528,3.5,3.4459443
586,166528,4.5,4.6890273
414,166528,4.0,3.7659876
248,166528,3.0,4.1106606
414,173197,4.5,3.403362
380,184471,3.0,3.1275349
153,184471,0.5,1.814781
599,338,3.0,1.6760758
474,338,3.0,2.5724175
19,338,2.0,2.4115124
136,338,2.0,3.7036967
181,338,2.0,2.6244397
254,338,4.0,2.6889606
346,492,4.0,3.6277866
4,492,5.0,2.8983278
199,492,2.0,3.27422
44,798,2.0,2.8445323
140,798,4.0,2.8258898
160,798,1.0,1.2577186
297,866,4.0,3.3372002
555,866,4.0,3.8939292
156,866,5.0,4.0642786
414,866,5.0,3.9293358
275,866,5.0,4.43976
187,866,4.0,3.9561048
103,1179,4.5,4.1386857
140,1179,3.0,3.3776665
572,1179,1.0,4.4913073
19,1179,2.0,2.5711575
202,1179,4.0,3.981421
84,1179,3.0,3.8124943
275,1179,5.0,4.0794177
268,2178,4.0,2.4389338
22,2300,4.0,1.4860895
20,2300,5.0,3.2471566
545,2300,2.5,3.8402314
175,2300,4.0,2.2535641
469,2300,4.0,4.3884535
508,2300,1.5,1.7536072
600,2300,4.5,3.0684876
135,2300,5.0,4.6306934
74,2300,5.0,3.9304335
104,2300,3.0,2.9994178
19,3063,2.0,1.5570959
307,3063,1.0,1.536153
414,3063,2.0,2.0853033
66,3063,4.0,2.2610054
479,3477,5.0,2.6089978
599,3869,3.5,2.845304
7,3869,5.0,2.7777019
21,3869,4.0,3.3218572
135,3869,3.0,3.5837443
28,5292,3.5,2.8951616
452,5292,5.0,4.01973
606,6944,3.0,3.2786148
474,6944,2.0,3.1280317
64,6944,3.5,3.4140997
287,6944,1.0,1.697108
474,27815,3.5,3.3273568
560,27815,2.5,3.84634
381,27815,4.5,4.21046
221,27815,3.5,4.294563
232,65802,2.5,2.5888944
567,65802,0.5,1.2320706
381,78893,2.5,2.15425
599,114627,3.0,2.3762922
596,122922,3.5,3.460083
610,122922,3.5,3.6156392
459,122922,5.0,4.0069456
252,122922,4.0,4.0452485
599,195,1.5,1.5578301
474,195,1.5,2.4468043
42,195,3.0,2.8704133
177,256,2.0,2.5352125
19,256,1.0,2.0488076
117,256,3.0,2.9072747
240,256,4.0,4.028567
411,256,3.0,3.0534737
68,256,1.5,2.731681
600,256,2.0,2.2534845
488,678,4.5,3.8312695
357,678,3.5,3.906232
28,714,3.5,3.4010553
253,714,4.5,4.03427
27,911,5.0,3.3855407
128,911,4.0,4.007935
387,911,4.0,3.4364173
572,933,5.0,4.6810856
517,933,1.5,2.4860551
1,1042,4.0,3.7536907
6,1042,3.0,3.6915863
453,1042,3.0,3.9694407
288,1042,3.0,2.9914095
156,1042,3.0,2.9497375
95,1042,4.0,3.6114466
482,1042,4.0,3.8077974
226,1042,3.0,3.2575138
200,1042,5.0,3.3212342
68,1042,2.5,2.8291001
483,1042,3.0,2.8156803
346,1131,4.0,3.851345
84,1131,5.0,3.9686005
474,1185,4.0,3.0072844
488,1185,2.5,3.349611
74,1185,4.0,4.5299892
597,1257,5.0,4.1740565
51,1257,4.5,3.7207963
66,1257,4.0,3.9514852
215,1257,4.0,4.041549
103,1348,4.0,3.418636
1,1348,4.0,3.6700993
64,1348,4.0,3.4171915
312,1348,5.0,3.4562645
469,1348,4.0,3.743474
74,1348,4.0,4.01068
372,1602,2.0,1.1105533
600,1602,2.0,0.85330975
177,1936,4.0,2.4339767
479,1936,5.0,2.8578734
555,2016,3.0,3.1307154
224,2100,5.0,2.98742
55,2100,0.5,2.122119
514,2100,2.5,3.2347007
288,2100,4.0,2.8053453
203,2100,3.0,2.6996772
288,2615,2.0,2.591957
606,3094,4.0,3.340281
28,3275,3.5,3.4362276
596,3275,4.0,3.9951894
91,3275,4.5,4.1807055
111,3275,5.0,3.7482214
132,3275,3.5,3.4184678
387,3275,4.0,3.5182521
380,3275,4.0,4.7740273
480,3275,4.5,3.6459465
219,3275,4.5,3.8203778
68,3275,3.5,4.0410304
561,3275,4.0,3.878731
119,3275,4.5,4.788745
562,3275,3.5,4.6691885
483,3275,4.0,4.2751
275,3302,5.0,4.1338825
367,3507,4.0,3.7253551
57,3507,4.0,4.19915
182,4275,2.0,2.980491
474,4723,2.0,1.549537
271,5810,3.0,2.7084424
146,5810,3.5,3.4067779
274,5810,3.5,3.3685086
474,5810,3.5,3.1347651
560,5810,4.0,3.2685266
307,5810,1.0,2.7991073
509,5810,3.5,3.1419702
249,5810,4.5,3.8296325
184,5810,3.0,3.865345
483,5810,1.0,3.6205976
232,6281,3.5,3.3309042
590,6281,2.5,2.7918696
610,6281,3.5,3.3501575
80,6281,3.5,3.8713841
68,6281,2.0,3.1630914
393,6281,3.0,3.139243
318,8361,3.5,3.1890519
380,8361,3.0,3.2049406
448,8361,2.0,2.5790792
482,8361,4.5,3.6560204
382,8361,3.5,3.5645983
534,8361,2.0,3.5457146
18,8361,3.0,2.9753628
460,44199,4.5,4.170164
599,44199,2.5,2.9190555
139,44199,2.0,2.733636
318,44199,4.0,3.85223
381,44199,4.0,3.690703
239,44199,4.5,4.17491
80,44199,5.0,4.218398
414,44199,4.0,3.7242098
254,44199,4.5,3.843617
599,47382,2.0,2.3079586
517,52694,1.5,1.4302955
232,58293,2.0,2.8104925
432,58293,2.5,2.6034126
292,58293,3.0,2.9125767
545,58293,3.0,1.9598242
387,58293,2.0,1.3312947
414,58293,2.0,2.1946394
158,58293,3.5,3.3766758
73,103141,4.5,3.888565
143,103141,4.0,2.0633595
603,345,3.0,3.6042514
425,345,3.5,3.1952877
489,345,4.0,3.7405758
462,345,1.0,2.716301
4,345,4.0,3.3650901
32,345,5.0,4.113462
541,345,3.0,3.5253825
181,490,4.0,2.3512444
592,490,4.0,2.9170675
243,595,3.0,4.3015995
375,595,3.0,3.7371597
115,595,4.0,4.311171
596,595,4.0,3.3901184
512,595,4.0,3.875149
169,595,5.0,4.6522403
500,595,4.0,3.0447118
340,595,4.0,4.571492
54,595,3.0,2.9091644
235,595,5.0,3.7571826
507,595,3.0,3.602926
347,595,4.0,3.8483975
447,595,4.0,3.980894
489,595,4.0,3.133395
374,595,3.0,3.41823
514,595,4.0,3.81527
543,595,5.0,4.9695783
239,595,3.0,3.8335137
395,595,3.0,3.39158
38,595,4.0,3.5840926
82,595,3.0,3.52503
160,595,3.0,3.0708835
414,595,3.0,3.4906974
608,595,2.5,2.8291645
334,595,3.5,3.4843554
605,595,4.0,3.764456
401,595,3.0,3.3910286
474,1188,5.0,3.3364253
275,1188,3.0,4.441227
368,1792,1.0,2.5891123
425,1792,4.0,3.0763893
590,1792,3.5,2.3844228
237,1792,3.0,2.9813116
29,1792,3.0,3.3530679
414,1792,3.0,2.8925836
608,1792,3.0,3.7977526
332,2130,4.0,3.1330109
603,2130,4.0,3.001134
156,2130,5.0,3.2849083
367,3466,5.0,2.8140144
57,3466,4.0,2.6982007
19,3466,2.0,2.6970468
380,4735,3.0,2.4395776
226,8266,3.5,2.5916593
414,8266,2.5,2.9879408
610,51709,5.0,4.1241403
222,68554,3.0,3.0565073
292,68554,3.5,2.9491587
382,68554,3.5,3.79268
441,87529,5.0,3.6269033
534,87529,3.0,2.7081904
246,94777,4.0,3.7015078
318,94777,3.5,3.3331344
249,94777,4.0,3.4467726
62,94777,3.5,3.4491327
249,95873,3.5,3.6484132
279,115149,4.5,3.6216147
495,115149,4.5,4.1577506
62,115149,5.0,4.116804
341,115149,3.5,4.1858606
534,115149,4.5,3.9188266
317,115149,4.0,3.3438427
119,115149,4.5,4.079745
365,115149,4.0,2.4702508
551,115149,4.0,3.8087785
448,118985,3.5,3.1474564
610,137857,4.0,3.3585985
448,137857,3.0,3.128714
62,137857,3.0,3.8326197
596,165639,3.5,3.0047376
184,165639,4.0,3.4526997
609,828,3.0,2.986464
151,828,2.0,3.6528041
414,1173,3.0,3.4883475
410,1173,4.0,3.3801634
185,1767,4.0,1.6608856
1,1920,4.0,3.4117908
261,1920,1.5,2.6894035
213,1920,4.0,3.1766572
160,2314,5.0,2.7685504
225,2327,5.0,1.7798635
274,2327,4.0,1.5354205
599,2472,2.0,2.897304
448,2472,3.0,3.2506366
448,2533,2.0,3.2524757
600,3004,2.5,2.3215308
599,3255,2.5,2.8044858
19,3255,2.0,3.017096
288,3255,4.0,3.3678262
480,3255,4.0,3.477315
290,3307,5.0,4.2287097
74,3307,5.0,4.349119
414,4553,4.0,3.624479
288,4815,4.0,2.7757177
414,6554,2.0,0.41789168
599,6731,1.5,2.974529
274,6731,3.5,3.300367
387,6731,3.5,3.528348
474,6979,4.0,3.1751575
387,6979,2.5,2.7625031
310,6979,3.0,3.1320107
510,6979,3.5,2.3164377
483,6979,3.0,3.3141801
28,8636,3.0,2.710837
599,8636,3.5,2.833242
274,8636,4.0,3.7699792
570,8636,3.5,3.6731136
610,8636,5.0,3.92391
23,8636,3.0,2.9008522
62,8636,4.0,3.8953357
480,8636,5.0,3.223258
414,8636,4.5,3.743665
200,8636,2.5,4.128897
475,8636,4.5,4.9766445
483,8636,3.5,3.4684234
187,8636,1.0,2.8801992
219,33646,3.0,2.5062914
89,33646,3.0,2.0201578
28,44204,3.0,2.5601506
232,51937,3.0,1.6232591
111,93270,1.5,2.4749348
305,93270,4.5,2.0689104
448,93270,1.5,1.4613442
608,809,3.5,1.8978153
304,809,2.0,2.5887902
217,990,3.0,2.8268442
603,1150,4.0,3.6221385
580,1203,0.5,3.695849
152,1203,5.0,4.50473
305,1203,5.0,4.5234156
274,1203,3.5,4.0489197
474,1203,4.0,4.0669327
415,1203,4.5,4.502264
309,1203,5.0,4.0880265
552,1203,3.5,4.454941
23,1203,3.0,3.8689413
343,1203,4.5,4.1269245
63,1203,4.0,4.010835
237,1203,4.0,3.7274587
338,1203,5.0,4.1019816
421,1203,4.5,4.508758
215,1203,4.0,4.042519
18,1203,5.0,4.407234
597,1284,4.0,4.7301173
597,1562,1.0,1.916836
155,1562,3.0,2.553412
596,1562,2.0,2.0942345
166,1562,2.5,2.4811893
82,1562,2.0,2.5640998
60,1562,3.0,1.9375527
414,1562,2.0,2.120196
135,1562,2.0,1.9956719
606,1844,4.0,3.8276033
309,2132,4.5,3.8422432
409,2352,4.0,4.0529356
474,2352,2.0,3.3690083
278,2352,4.5,4.0249205
59,2352,5.0,4.0466137
555,2352,4.0,3.580102
221,2352,4.0,3.8090057
294,2352,4.0,2.9644876
177,2389,0.5,2.1922724
1,2389,2.0,2.9457233
489,2389,1.0,1.5663235
590,2389,2.0,2.2900827
68,3077,4.0,2.2922409
246,3079,4.0,3.3096213
414,3079,3.0,2.6640368
603,3521,4.0,2.9567432
318,3521,4.5,2.7439544
462,3521,2.0,2.0852578
610,3521,4.5,3.3322911
182,3979,3.5,2.5682216
261,3979,3.5,2.2096038
249,3979,3.0,2.8642404
525,3979,0.5,2.414743
599,4005,2.5,2.7093444
448,4005,3.5,2.641625
288,4005,3.0,3.0041504
42,4005,4.0,3.3859544
599,4392,2.5,2.1249638
387,4392,3.5,2.4993792
232,4649,2.5,2.8935647
111,4649,4.5,2.5509648
221,6796,5.0,3.5675128
414,6796,3.5,3.78393
580,8873,4.0,4.0701966
64,8873,4.5,3.9171553
318,8873,4.0,3.6742213
307,8873,4.5,3.6719506
63,8873,3.0,3.2819052
480,8873,3.5,3.7489316
254,8873,4.5,4.108813
298,8873,3.0,2.7254086
68,62293,3.0,4.211795
506,62293,4.0,2.4188077
448,67408,3.5,1.9957976
68,67408,3.0,3.1829276
564,94323,3.0,1.6647804
78,32,3.5,3.2759893
513,32,4.0,3.611569
81,32,5.0,2.7227337
28,32,3.5,2.9015098
606,32,4.0,3.8968573
91,32,4.0,3.9844558
222,32,3.0,3.3752012
132,32,3.0,3.2631145
305,32,5.0,3.979999
603,32,3.0,3.5825331
94,32,5.0,3.3610384
266,32,4.0,4.326877
269,32,4.0,4.3007917
179,32,4.0,4.1584334
489,32,3.5,3.7355208
61,32,4.5,4.11113
456,32,3.0,4.376939
449,32,4.0,3.7356555
555,32,4.0,4.201066
453,32,5.0,4.0836797
247,32,3.0,3.8695989
314,32,3.0,3.410554
277,32,5.0,3.5860348
438,32,4.0,3.878085
45,32,4.5,4.2608767
24,32,3.5,3.7387846
480,32,4.0,3.7663243
492,32,3.0,3.4431844
32,32,4.0,4.002578
469,32,5.0,4.247104
376,32,5.0,3.896802
33,32,3.0,4.301415
14,32,4.0,3.3495877
198,32,5.0,3.0722594
135,32,5.0,4.093933
468,32,4.0,3.6028726
483,32,5.0,4.1336203
355,60,3.0,2.5696244
117,60,3.0,3.047652
43,60,5.0,4.3124385
234,60,4.0,3.8558745
160,60,2.0,3.1275234
226,60,2.5,2.8102255
217,371,4.0,2.3090205
373,371,3.0,3.2236989
414,1014,3.0,2.3129115
474,1937,3.5,2.2480154
217,2152,2.0,1.6579804
19,2450,2.0,1.6709079
555,2450,2.0,2.8898354
288,2450,1.0,1.8878483
160,2450,3.0,1.639394
477,2450,0.5,2.1689978
177,3081,3.0,3.4873986
556,3081,4.0,3.5889692
274,3081,4.0,3.5643873
479,3081,2.0,3.443404
452,3081,4.0,4.2290263
19,3081,3.0,2.6046002
560,3081,4.0,3.491588
381,3081,2.5,3.54451
520,3081,4.0,3.7470944
312,3081,4.0,3.5758154
600,3081,3.0,3.128106
119,3081,4.0,3.8589075
288,3525,1.0,2.0141358
414,3525,3.0,2.4032853
294,3525,5.0,0.6549657
140,3684,3.0,3.0086024
202,3684,3.0,3.4287782
198,3746,5.0,2.1821768
275,4205,3.0,3.4960852
51,4241,0.5,2.1995525
232,6586,3.0,3.2326775
111,6586,1.5,2.7884314
249,6586,3.0,3.3122692
256,6586,4.0,3.6238601
573,6586,4.0,3.4442205
539,6753,4.5,3.6373847
140,6753,3.5,3.3198922
292,6808,4.5,3.5702987
296,33493,1.0,2.9146576
593,33493,3.0,3.080214
28,33493,4.0,3.354928
606,33493,4.0,3.2835028
103,33493,2.0,4.026064
140,33493,4.0,4.0415044
305,33493,3.5,4.108136
274,33493,4.0,3.3214393
182,33493,2.0,3.321187
263,33493,3.5,3.4799204
610,33493,4.0,3.3444858
520,33493,2.0,3.7762403
129,33493,3.5,4.1515284
509,33493,3.0,3.0100994
288,33493,4.5,3.2520251
219,33493,3.5,2.856493
352,33493,4.0,4.0169044
382,33493,4.5,3.9396832
334,33493,3.0,3.2359169
254,33493,3.5,3.802631
561,33493,3.5,2.6964598
199,33493,2.5,3.0297103
605,33493,2.0,3.4318523
232,33639,3.0,2.8434515
28,63433,2.0,2.924743
103,90866,4.0,4.335507
305,90866,3.0,4.6357646
249,90866,4.0,4.1702633
62,90866,3.5,4.070184
252,90866,4.5,4.4649806
483,90866,3.5,3.8778193
318,113348,3.5,2.3831553
599,382,1.5,2.3735564
312,382,3.0,2.6353283
181,382,3.0,2.603182
368,786,3.0,2.5511148
44,786,2.0,2.6386118
602,786,4.0,3.0488448
559,786,4.0,2.6837306
268,786,4.0,1.7553033
179,786,4.0,3.6452684
609,786,3.0,2.9645412
594,786,5.0,4.0741167
244,786,4.0,2.8737245
277,786,4.0,3.4483685
428,786,3.0,1.8663347
364,786,4.0,3.8751688
304,786,3.0,3.7348678
599,1027,3.0,2.407483
177,1027,3.0,3.1344
274,1027,2.0,3.2966337
117,1027,3.0,2.6274433
590,1027,3.0,2.5929067
387,1027,2.0,2.7336636
33,1027,3.0,3.2137442
31,1282,5.0,3.5364203
271,1282,3.0,2.839509
367,1282,2.0,4.2102933
599,1282,4.0,2.9476907
64,1282,3.5,3.8418713
4,1282,5.0,4.557787
39,1282,1.0,3.4399645
288,1282,3.5,3.6727808
83,1282,4.5,3.2430303
19,1919,2.0,1.6702365
288,1919,3.0,2.6557379
597,2088,2.0,2.610921
217,2195,3.0,2.0175872
45,2195,4.0,3.4741387
157,3268,2.0,0.41393197
483,3268,3.0,2.1345286
599,3896,3.0,2.5016844
18,3896,4.0,3.07121
387,6270,3.5,3.9027753
387,6783,4.0,3.0499802
89,6783,3.0,1.917933
414,7010,3.0,3.61602
103,8376,5.0,3.4679263
560,8376,4.0,3.2010708
590,8376,3.0,3.678772
448,8376,3.0,3.6178901
239,8376,1.5,3.8230515
63,8376,2.5,3.3010478
73,8376,2.0,3.6050286
525,8376,4.0,3.3826652
590,8814,0.5,1.9681466
140,32029,3.0,2.8518188
274,34150,2.0,2.4744937
495,34150,3.0,3.1506166
448,34150,2.0,2.297032
477,34150,3.5,3.1447597
382,34150,3.0,3.1513288
414,34150,2.5,2.6259568
534,34150,3.0,2.9312646
298,34150,0.5,1.7784622
68,34150,3.5,3.0749924
499,38304,4.5,3.9228415
489,45666,0.5,2.7004433
578,45720,4.5,4.1465554
177,45720,3.5,3.597112
491,45720,4.5,4.1663575
495,45720,5.0,4.167145
414,45720,4.0,3.4388378
200,45720,4.5,4.17345
525,45720,4.0,3.276468
590,52287,3.0,3.069074
161,52287,4.0,3.7370963
68,52287,2.0,3.531869
177,79695,2.0,2.8286858
305,79695,4.0,2.9165635
274,79695,3.0,2.671832
318,79695,3.0,2.6846251
249,79695,4.0,3.0767853
562,79695,4.5,3.3597574
58,203,3.0,3.7904866
68,203,3.0,3.003273
566,203,4.0,3.5002127
444,265,4.0,4.206136
603,265,2.0,3.7740364
168,265,4.5,4.095222
64,265,3.5,3.7067673
262,265,2.0,4.3050995
202,265,3.0,3.6594486
229,265,4.0,3.7573428
4,265,5.0,2.997209
113,265,5.0,3.6856132
198,265,5.0,3.127195
588,457,5.0,3.5900726
530,457,5.0,4.045464
81,457,4.0,2.93435
385,457,4.0,3.8545473
436,457,5.0,3.9111884
596,457,3.5,3.567367
26,457,4.0,3.5002596
384,457,4.0,3.4858952
223,457,3.0,3.585922
372,457,5.0,3.8270009
476,457,5.0,4.257897
1,457,5.0,4.666999
297,457,4.0,2.9231324
274,457,3.5,3.5839038
182,457,3.5,3.9449973
328,457,2.5,3.1499178
57,457,5.0,3.8430524
292,457,4.0,3.7465324
339,457,4.0,3.9031534
54,457,3.0,3.103685
266,457,4.0,3.543328
262,457,2.0,3.211377
179,457,4.0,4.1911097
461,457,0.5,3.382761
381,457,4.0,3.8369188
594,457,4.5,4.7803283
610,457,4.5,3.9317617
290,457,4.0,4.2288437
380,457,4.0,3.9579902
136,457,5.0,3.6269064
453,457,5.0,4.425367
273,457,4.0,4.604625
465,457,4.0,4.2990885
404,457,4.0,3.7119837
477,457,5.0,3.8466558
56,457,4.0,4.1485248
354,457,3.5,3.9254825
11,457,5.0,4.418943
317,457,3.0,3.5286148
135,457,4.0,3.7534118
566,457,4.0,4.107244
521,640,3.0,2.8424697
501,662,3.0,2.7536528
558,662,5.0,2.2975929
368,782,2.0,2.5177472
492,782,5.0,3.917163
603,835,4.0,1.6692116
414,835,3.0,2.1144314
137,1237,4.5,3.5352082
599,1237,4.0,3.3757825
387,1237,5.0,3.708519
410,1237,5.0,4.1894574
474,1515,1.5,2.2474222
204,1515,1.0,2.4583583
225,1895,5.0,2.8826041
473,1895,2.0,3.0159276
600,1895,2.5,2.4819837
357,1895,4.5,3.3800595
307,2421,3.0,2.0844314
448,2421,2.0,2.824881
469,2421,2.0,2.4484503
357,2421,3.5,2.8035464
359,2530,3.0,2.4412918
387,2530,3.5,2.9653234
217,2530,1.0,2.7805853
474,2634,3.0,2.9634829
414,2806,2.0,2.5889354
587,3082,5.0,3.8918524
274,3082,3.0,3.376411
387,3082,3.0,2.3216548
217,3082,3.0,3.0452275
391,3082,3.0,2.360521
249,3082,3.5,3.9691272
219,3082,3.5,2.814552
469,3082,2.0,2.6010244
20,3396,5.0,3.1319199
387,3396,4.0,3.008903
278,3396,3.0,2.8812153
45,3396,4.0,3.6861796
345,3396,3.0,3.2005818
608,3396,3.0,2.734256
488,3396,4.0,3.044134
4,3788,3.0,3.081443
309,4339,3.5,3.4281013
448,4339,4.0,3.2790682
246,5279,5.0,3.6899536
108,5502,2.0,3.1626062
332,5502,2.0,3.092112
182,5502,2.0,3.283536
542,5502,1.0,3.7730067
560,5502,3.5,3.4075894
380,5502,3.0,3.8342938
7,5502,1.5,3.0281045
312,5502,3.0,3.092426
80,5502,4.0,4.134456
62,5502,4.0,3.9118624
303,5502,4.0,3.667294
357,5502,3.5,3.4931962
82,6383,3.0,3.0529542
140,34072,4.5,3.4040189
542,34072,2.5,3.6393049
380,34072,4.0,3.837635
200,34072,4.0,3.7286987
525,34072,3.5,3.8081515
161,45732,0.5,2.1549125
249,48783,3.5,3.605876
448,87298,3.0,1.2174555
249,87298,3.5,1.277277
560,97913,3.5,3.5688076
561,97913,4.0,3.6550772
252,97913,3.5,4.0708675
365,109569,1.5,0.17298494
350,141,3.0,3.1003551
47,141,2.0,2.938575
363,141,4.0,2.716631
283,141,1.0,3.270485
179,141,4.0,3.9438143
217,141,3.0,2.5591352
404,141,4.0,3.357202
181,141,3.0,2.845215
356,141,4.0,3.6030781
121,141,4.0,3.304194
214,141,2.0,2.9984598
221,141,4.5,3.4563413
151,141,3.0,3.88653
42,141,1.0,4.029713
602,151,4.0,3.3972926
512,151,5.0,3.9564734
6,151,4.0,3.2336845
429,151,4.0,3.5673728
191,151,4.0,3.77249
117,151,3.0,3.15195
263,151,4.0,3.481732
437,151,3.0,3.7559392
244,151,5.0,3.4009488
136,151,5.0,3.2789624
524,151,5.0,3.0139031
404,151,3.0,3.0351205
427,151,3.0,3.4460113
147,151,1.5,3.1458635
599,414,2.0,1.5135404
217,433,3.0,1.5070466
51,433,3.5,2.7056847
284,433,3.0,2.5171041
103,608,4.0,4.445487
372,608,5.0,3.5357823
140,608,5.0,3.562779
386,608,4.0,3.4104447
1,608,5.0,4.804961
206,608,5.0,4.3703027
182,608,5.0,4.2936296
178,608,4.5,4.3600407
328,608,5.0,3.879327
283,608,4.0,3.132777
57,608,4.0,4.1803637
292,608,2.0,2.976384
266,608,5.0,4.4462843
415,608,4.5,4.2526956
202,608,4.0,4.251116
437,608,5.0,4.5058804
59,608,5.0,4.786583
380,608,4.0,4.087073
162,608,5.0,4.273659
273,608,3.0,4.596657
331,608,5.0,4.2488523
63,608,4.5,3.5930264
249,608,4.5,3.9677596
526,608,4.5,4.3247294
32,608,5.0,4.328016
150,608,4.0,4.1562495
68,608,2.5,2.9030578
260,608,5.0,3.7580805
198,608,3.0,3.6216445
317,608,5.0,3.8150935
131,608,4.0,3.6865366
124,608,5.0,4.5211444
313,608,4.0,4.0865726
456,724,4.0,3.629129
434,724,1.5,3.089103
265,724,2.0,2.884502
608,724,3.0,2.785737
68,724,3.0,2.5780692
600,724,3.0,2.9019501
599,899,3.0,3.1051595
185,899,5.0,4.358224
305,899,4.5,4.760077
20,899,4.0,4.836971
489,899,4.5,3.1549087
387,899,3.0,3.146332
100,899,4.5,4.615412
161,899,4.5,5.2272296
288,899,4.0,3.4445739
188,899,5.0,4.618273
525,899,4.5,3.9253175
346,2160,4.5,3.7717252
474,2160,4.0,4.1192837
452,2160,5.0,5.1380086
290,2160,4.0,4.458556
555,2160,5.0,4.811709
527,2160,4.0,4.8051023
571,2160,4.0,3.7367208
594,2432,4.5,3.978142
599,2594,2.5,3.1986518
432,2594,3.0,4.336742
362,4306,4.0,4.031992
103,4306,3.5,4.111533
417,4306,5.0,4.1168466
22,4306,3.0,2.5236478
233,4306,4.0,3.3793845
177,4306,4.0,3.8870232
416,4306,0.5,1.8552463
474,4306,4.5,3.7659793
328,4306,4.5,3.2585273
306,4306,3.0,3.3201015
560,4306,3.5,3.6181698
307,4306,2.5,3.1454098
514,4306,4.0,3.9208975
129,4306,3.5,4.2594523
219,4306,4.5,3.3964765
203,4306,4.0,3.8464253
414,4306,4.0,3.7330072
376,4306,4.0,4.309407
487,4306,4.0,3.265824
105,4306,4.0,4.0301056
298,4306,2.0,2.507931
68,4306,5.0,3.7489862
525,4306,3.5,3.7605815
119,4306,4.0,4.3275857
67,4306,3.5,3.6564047
275,4306,3.0,3.939021
551,4306,4.0,4.071147
401,4306,3.5,3.6276379
414,4516,2.0,2.7902942
599,4558,2.5,1.9763175
448,4558,3.0,2.5294554
213,4558,3.0,2.5848572
68,4558,2.5,2.2133076
600,4558,3.0,2.5040858
596,5464,3.0,3.4477558
91,5464,2.5,3.6066236
140,5464,4.0,3.3839653
432,5464,3.5,3.3243463
610,5464,3.5,3.8762593
307,5464,2.5,2.7793012
380,5464,5.0,3.6959238
453,5464,4.0,3.5442467
239,5464,3.5,3.876263
167,5464,3.5,3.3522615
608,5464,4.0,3.5325513
357,5464,4.0,3.5344896
517,5464,3.0,1.7706591
599,6791,3.5,3.2240124
474,6791,5.0,3.6202445
474,7079,2.5,3.2443252
305,26249,5.0,2.2660234
414,42728,3.5,3.3370612
610,71135,3.5,3.4110956
222,71464,2.5,3.2392926
590,71464,3.0,2.9747958
563,80551,3.5,2.2867162
249,103801,3.0,0.40796196
483,103801,3.5,0.36983728
279,112138,3.0,3.0987365
448,112138,4.0,3.0909352
328,112175,3.0,3.2445695
509,112175,4.5,3.6074455
243,592,3.0,3.906473
321,592,4.0,3.0095193
368,592,3.0,2.7613316
81,592,3.0,2.137154
606,592,3.5,3.413663
122,592,4.5,4.203575
444,592,3.0,3.6703498
353,592,4.0,3.5723217
274,592,3.0,3.2009463
474,592,4.0,3.2704647
429,592,5.0,3.5297184
486,592,4.0,3.3161223
594,592,4.5,4.011059
162,592,4.0,3.7313485
84,592,3.0,3.2979178
136,592,4.0,2.9958935
273,592,3.0,3.9268906
448,592,3.0,2.9898326
524,592,3.0,3.3467312
102,592,3.0,3.4572628
167,592,3.0,3.413385
411,592,3.0,3.1739435
371,592,4.0,4.0576925
592,592,5.0,3.831729
536,592,2.0,2.6946669
298,592,3.5,2.4394755
58,592,3.0,3.9125814
14,592,2.0,2.9638677
242,592,3.0,3.418804
46,592,3.0,3.886316
144,592,3.5,3.4163814
468,592,3.0,3.1312523
27,801,2.0,3.0162232
600,801,3.5,2.4021146
1,943,4.0,4.366028
113,943,5.0,3.697284
606,953,4.0,4.1119814
157,953,3.0,3.6496587
367,953,5.0,4.793318
599,953,3.5,3.1180995
554,953,4.0,4.878657
462,953,4.0,3.2200668
307,953,3.0,2.879542
380,953,4.0,3.7433653
51,953,5.0,4.4770055
391,953,5.0,4.266658
68,953,2.5,3.2884529
117,1023,3.0,3.384985
113,1043,2.0,1.7826992
558,1043,2.0,2.042116
580,1909,4.0,2.9656556
368,1909,3.0,2.8681872
202,1909,4.0,3.5911357
552,1909,3.0,3.138555
398,1909,2.0,3.8597395
555,1909,4.0,3.5899842
380,1909,4.0,3.903838
45,1909,4.0,4.2801733
408,1909,3.5,4.250075
21,1909,2.0,3.4364734
414,1909,3.0,3.4821112
304,1909,4.0,4.3329296
199,1909,3.0,3.140633
186,1909,4.0,4.2237797
572,2670,5.0,3.981887
57,3494,5.0,3.9072118
280,3565,3.5,3.0519834
480,3565,3.5,2.5991638
599,3915,2.0,3.1430068
91,5438,3.0,2.5061266
182,5650,2.0,3.0520334
215,5650,2.5,4.145315
66,5747,5.0,4.5060434
232,6296,2.5,3.224327
287,6296,5.0,2.8671706
599,6341,2.5,2.5146077
182,6341,4.0,2.9350407
599,8157,2.5,3.099114
474,8600,3.5,2.9391062
89,8978,2.5,1.7451283
47,63876,3.0,2.8064187
215,63876,3.5,3.579915
305,84152,4.5,3.9551494
331,84152,3.0,3.6393104
125,84152,3.5,3.9117594
248,84152,4.5,3.703061
551,84152,4.5,3.5223038
365,156609,4.5,2.5015812
243,145,4.0,4.526171
353,145,3.0,3.4060798
274,145,2.0,3.4080637
447,145,3.0,3.8613234
594,145,4.0,4.1480064
380,145,3.0,3.2843354
438,145,5.0,3.1434352
510,145,3.0,1.8486042
608,145,3.5,3.17947
561,145,3.0,2.8859289
284,145,3.0,3.3300867
385,272,3.0,3.1566994
372,272,3.0,3.0682454
377,272,4.0,3.238066
127,272,3.0,3.7060986
437,272,5.0,4.0045676
404,272,3.0,3.3553562
121,272,1.0,3.4303346
109,272,3.0,3.7159452
33,272,4.0,3.7495222
314,376,4.0,2.9586632
589,376,5.0,3.3426273
38,376,4.0,3.0784037
364,376,5.0,3.376649
70,376,1.5,3.3028402
156,376,3.5,2.6717474
411,376,4.0,2.7623518
170,376,3.0,2.8560307
68,376,3.0,2.2706487
337,376,4.0,3.449757
85,515,4.0,3.5176601
235,515,3.0,3.9979563
603,735,4.0,3.668827
274,1707,2.5,1.8628906
234,1707,1.0,1.8313266
608,1707,1.0,1.491991
600,1707,3.0,1.8379875
600,2043,3.0,1.7682948
290,2372,2.0,2.3434093
409,2710,2.0,3.0487814
489,2710,2.5,2.415557
100,2710,2.0,2.9791307
312,2710,3.0,2.5924764
167,2710,1.0,3.1035402
195,2710,1.0,2.8175814
354,2710,3.0,2.9644547
204,2710,5.0,3.1753137
313,2710,5.0,3.4082942
66,2710,4.0,3.1465292
153,2710,0.5,1.6069255
607,2747,3.0,3.208039
414,3041,1.0,1.9314985
19,3594,2.0,2.135275
57,3614,3.0,3.161461
448,3614,4.0,2.8936844
414,3614,2.0,3.2955477
76,4963,3.5,3.1308317
246,4963,4.5,4.569445
292,4963,3.0,3.5498328
452,4963,4.0,4.817173
586,4963,4.0,4.478081
387,4963,3.5,3.3431008
381,4963,4.0,3.939303
610,4963,4.0,4.2267933
380,4963,3.0,4.376393
438,4963,4.0,3.8742943
63,4963,4.0,3.7746878
361,4963,4.5,3.2641163
480,4963,3.5,3.5422187
256,4963,4.5,4.2792883
287,4963,2.0,2.5368562
487,4963,2.5,3.0993917
534,4963,4.0,4.094023
354,4963,3.5,3.9811208
561,4963,3.5,3.6270819
198,4963,4.0,3.410682
282,4963,4.0,4.1698546
562,4963,4.5,4.213816
483,4963,4.0,4.0165954
580,4975,3.0,3.615876
417,4975,5.0,3.9334147
190,4975,3.0,3.576791
140,4975,2.0,3.4493957
182,4975,3.0,3.395065
169,4975,4.0,4.297106
307,4975,4.0,2.9759982
509,4975,3.0,3.0492377
249,4975,3.5,3.9802072
427,4975,4.0,3.7724352
480,4975,4.0,3.2983465
68,4975,3.5,3.2565553
525,4975,2.5,3.4307764
483,4975,2.0,3.744995
448,5248,1.5,1.2725416
417,27773,5.0,4.1294312
122,27773,4.0,5.0548453
177,27773,4.0,3.5768075
387,27773,5.0,3.7378821
219,27773,5.0,4.170988
68,27773,1.0,3.3462448
454,27773,3.0,3.9429035
28,37386,3.5,2.0325634
332,37386,2.5,2.368284
232,37386,3.0,2.8344548
608,37386,4.5,2.9971485
489,50912,3.5,2.8736558
381,50912,2.0,2.9104307
483,50912,3.0,3.1246006
253,66097,4.5,3.758198
177,66097,4.0,3.583
307,66097,4.5,3.0464594
390,66097,4.0,3.5317376
534,66097,4.5,3.6901205
424,66097,4.5,3.2982125
119,66097,3.0,4.072443
62,142222,4.0,3.1515543
414,487,2.0,3.0154448
42,639,3.0,3.1962147
481,1617,5.0,3.880981
593,1617,4.0,3.8101463
28,1617,3.0,3.1614866
599,1617,3.5,3.3704524
474,1617,5.0,3.8754132
339,1617,5.0,4.433509
64,1617,4.0,4.3614693
425,1617,3.5,3.7201467
387,1617,4.5,3.8842087
4,1617,2.0,3.3689005
39,1617,2.0,4.7485256
514,1617,4.0,3.8381813
438,1617,5.0,3.8449798
219,1617,4.5,3.8909245
608,1617,3.0,3.792064
199,1617,5.0,3.8307009
522,1617,3.5,4.055951
131,1617,4.0,3.7013795
599,1726,2.5,2.136959
155,1883,4.0,2.4786706
587,1883,4.0,3.4633753
217,1883,3.0,2.490089
4,1883,4.0,3.1686475
453,1883,4.0,4.49944
1,2093,3.0,3.7176356
342,2093,2.0,3.0615556
274,2795,3.5,3.2169263
156,2795,3.0,3.460542
42,2795,4.0,3.6698523
104,2795,3.0,3.3526115
599,3247,3.0,2.2713516
177,3247,2.0,3.1937194
474,3247,2.0,2.8686209
453,3247,5.0,3.718779
345,3247,4.5,2.543761
414,3247,2.0,2.8084662
600,3247,2.0,2.380274
294,3247,3.0,2.2753062
555,4003,4.0,2.435398
113,4003,3.0,2.1657102
232,31114,3.5,2.3804069
480,31804,3.5,3.5853543
599,85367,2.5,2.2766395
448,85367,2.0,2.7397957
246,86880,4.0,3.5990949
139,86880,2.0,1.8955073
292,86880,4.0,3.3929791
352,86880,4.0,3.0382805
534,94015,4.0,2.4751105
105,213,4.5,2.5940442
99,228,3.0,2.291165
346,534,2.5,3.2853966
85,1446,4.0,2.7142305
105,1446,4.5,4.1303053
571,1623,2.0,2.1706033
473,2253,2.5,2.378369
607,2253,3.0,2.6205335
217,2253,3.0,1.8633348
469,2253,4.0,1.8766068
28,2427,3.5,2.7509196
603,2427,3.0,3.6851537
1,2427,5.0,3.0618234
545,2427,4.0,3.5553508
64,2427,5.0,3.5232954
318,2427,4.0,3.5610127
72,2427,4.5,3.3838835
217,2427,3.0,1.30896
376,2427,4.0,2.7292762
313,2427,2.0,3.9821203
383,2506,3.0,3.5866423
603,3019,5.0,3.7456634
182,3019,3.5,4.1962657
45,5528,5.0,4.2521796
480,5528,2.5,3.2642207
580,5952,4.5,3.88597
593,5952,4.0,3.4593747
28,5952,3.5,3.3958435
332,5952,4.0,3.7734668
91,5952,4.0,3.5921454
222,5952,3.5,3.6634052
209,5952,5.0,4.287621
330,5952,4.0,4.0325613
599,5952,3.0,3.0662904
556,5952,4.0,4.0944667
474,5952,5.0,3.5678682
88,5952,5.0,4.3432097
286,5952,4.5,3.9398823
495,5952,0.5,4.1724396
509,5952,5.0,3.4791505
510,5952,3.0,2.8498707
62,5952,5.0,4.62628
287,5952,4.0,2.8698199
141,5952,3.5,3.758097
200,5952,4.5,4.266485
488,5952,5.0,3.9950519
487,5952,4.0,3.4161806
600,5952,5.0,3.1807077
466,5952,4.0,4.050279
30,5952,5.0,4.7802444
605,5952,5.0,3.4187038
448,6349,2.0,0.79624337
414,6349,3.0,0.92524695
474,7619,4.0,3.3841836
488,7619,3.5,3.208025
232,45186,3.5,3.3768666
177,45186,3.5,3.376107
425,45186,3.0,3.4842818
129,45186,4.0,3.8325078
80,45186,4.5,4.11262
219,45186,4.0,3.487393
414,45186,3.5,3.5157526
200,45186,3.0,3.756475
534,45186,4.0,3.8145614
50,52885,3.0,2.801592
477,52885,4.5,3.9358568
356,56715,4.0,4.3650355
274,60979,2.5,3.1969104
414,64620,4.0,4.038629
249,89840,3.0,2.5352223
47,91658,2.5,2.2320576
328,91658,1.0,2.2659326
582,91658,4.0,3.5335925
528,91658,4.0,1.9631293
352,91658,4.0,4.0743656
522,91658,5.0,2.9577188
232,303,4.0,2.9338176
140,303,3.0,2.7140741
610,303,3.0,3.0842206
181,303,1.0,2.497545
304,303,3.0,3.3688576
357,303,3.0,3.1137342
603,426,4.0,3.039919
6,426,3.0,2.8338425
554,718,5.0,4.153426
263,1120,4.0,3.6060517
453,1120,4.0,3.8159971
125,1120,4.5,3.593935
424,1120,3.5,3.13821
16,1281,3.0,3.6574688
110,1281,4.5,3.997233
183,1408,4.0,3.578718
91,1408,4.0,3.6285453
599,1408,4.0,3.1529768
177,1408,2.5,3.873089
1,1408,3.0,4.9411106
182,1408,2.5,3.628921
467,1408,3.0,3.729993
249,1408,4.0,4.3982224
27,1474,3.0,1.9213531
274,1474,2.5,2.4407797
590,1474,1.0,2.0232005
603,1554,3.0,3.1149335
412,2390,3.0,4.6004786
368,2816,1.0,1.294896
325,3230,3.0,4.107353
217,3432,1.0,1.6479776
420,3559,4.0,3.4387953
606,4802,4.0,2.8427148
580,5881,3.5,2.9740844
232,5881,2.0,2.794715
599,5881,2.5,2.6729865
489,5881,4.0,2.851337
448,5881,1.5,2.802054
288,5881,3.5,3.0936995
41,7149,4.5,2.6946151
82,7149,4.0,3.1184683
288,7149,4.0,2.9834645
200,7149,3.0,3.348217
426,7149,3.0,4.2893004
22,38038,0.5,3.230404
63,38038,5.0,3.4418333
509,38038,3.0,3.5210683
167,38038,5.0,3.7317314
98,38038,5.0,3.8204389
401,38038,3.5,3.4451597
332,45722,3.5,3.1496332
415,45722,2.5,3.2607813
445,45722,3.0,2.5895221
63,45722,4.0,3.0022497
125,45722,3.5,2.9217372
298,45722,2.5,1.9008774
68,45722,4.5,3.7004135
466,45722,4.5,4.0946712
475,45722,4.5,4.485917
381,49274,4.0,2.1393528
567,49274,2.5,1.8684984
89,49274,5.0,1.9801381
483,65261,5.0,4.0496907
211,77561,3.5,3.4944556
122,77561,4.0,4.014591
205,77561,4.0,3.378785
586,77561,5.0,4.1789927
550,77561,4.0,3.6032996
184,77561,3.0,3.481399
551,77561,4.0,3.5616531
393,77561,4.0,4.041137
73,111113,2.5,3.676603
306,158813,3.0,1.6459727
448,158813,1.5,1.1871201
599,179817,3.0,3.2313447
368,170,2.0,2.7069178
6,170,3.0,3.813363
51,170,4.0,3.5952663
181,170,3.0,2.9239295
608,170,4.5,3.1536965
294,170,2.0,2.9161634
483,170,4.0,3.0616574
599,354,2.0,2.0937874
288,354,4.0,2.669413
451,708,5.0,3.438627
604,708,3.0,3.3739562
363,708,3.5,2.6436875
474,708,4.5,2.8934855
570,708,3.5,3.0376515
64,708,4.5,3.3166997
504,708,4.0,3.497137
262,708,3.0,2.7859364
307,708,2.5,2.5553648
289,708,3.0,3.1059706
411,708,3.0,3.3136516
482,708,3.5,3.3649144
68,708,3.0,2.823684
270,708,3.0,2.9635248
42,708,4.0,3.621591
201,708,3.0,4.3846884
137,1196,4.0,4.323766
362,1196,4.5,4.505734
597,1196,5.0,4.75318
193,1196,4.5,3.8954887
368,1196,3.0,3.5826771
115,1196,5.0,4.747547
210,1196,5.0,4.054881
596,1196,3.5,4.074817
27,1196,4.0,3.8341537
330,1196,5.0,4.1078105
122,1196,5.0,5.0353117
132,1196,2.0,3.417496
432,1196,3.5,3.7622693
279,1196,5.0,3.7148066
227,1196,4.0,4.1972375
607,1196,3.0,4.160823
165,1196,4.0,4.1565924
586,1196,4.5,4.529623
72,1196,4.5,4.4724483
220,1196,5.0,4.7291307
4,1196,5.0,4.2722692
59,1196,4.0,4.6899233
380,1196,5.0,4.2372494
514,1196,5.0,4.1496916
51,1196,5.0,4.371759
465,1196,3.0,4.6073503
69,1196,5.0,4.6380763
129,1196,4.0,4.307558
312,1196,5.0,4.4900236
63,1196,5.0,3.8654385
509,1196,4.0,3.7770777
267,1196,5.0,4.7007174
249,1196,5.0,4.299991
62,1196,4.5,4.5222917
335,1196,5.0,4.130597
195,1196,4.0,4.112
256,1196,4.0,4.208861
200,1196,5.0,4.386428
254,1196,4.0,4.133132
298,1196,4.0,2.8394113
370,1196,2.5,4.025927
369,1196,4.0,3.706209
123,1196,4.0,3.9836454
79,1196,5.0,4.7371583
557,1196,3.0,4.1700134
18,1196,4.0,4.297881
180,1196,4.0,3.9757712
414,1268,4.0,3.705814
580,1544,3.0,3.108761
368,1544,2.0,2.42241
607,1544,4.0,2.9930975
555,1544,4.0,2.6545463
527,1544,3.0,2.8445077
249,1544,3.5,3.102602
18,1544,3.5,2.7982082
137,1953,4.0,4.000453
603,1953,4.0,4.144614
339,1953,4.5,4.657062
202,1953,4.0,4.1056685
387,1953,4.0,3.9283676
221,1953,3.0,4.393413
414,1953,3.5,3.9867537
479,2367,2.0,3.5636442
462,2367,2.5,2.2342553
288,2367,3.0,2.769676
571,2367,3.0,2.515894
217,2373,1.0,2.1078448
474,3977,3.0,2.6623502
484,3977,4.0,3.1808035
316,3977,3.0,2.0857604
552,3977,2.0,2.0559473
381,3977,3.5,2.5470135
301,3977,1.5,2.4984717
495,3977,2.0,2.2362218
396,3977,1.5,2.245231
414,3977,4.0,2.7445383
105,3977,3.5,2.7852616
606,4147,4.0,3.3100476
182,4300,4.0,2.7413285
477,4616,2.5,3.3942297
422,4971,3.0,2.6623483
606,5135,4.5,4.0295787
474,5135,4.0,3.6279745
263,5135,4.0,3.5735934
414,5135,4.0,3.1837385
474,5963,3.5,3.088872
310,6708,4.0,2.9916317
480,6708,3.5,3.1930299
477,6708,3.5,4.0021644
200,6708,3.0,4.0584326
580,7373,3.5,3.3729568
232,7373,3.5,3.0668151
111,7373,3.5,2.733293
590,7373,2.5,2.8476958
380,7373,5.0,3.7526655
520,7373,4.0,2.8570833
331,7373,2.0,3.5242643
448,7373,3.0,2.8288474
62,7373,3.0,3.6611793
608,7373,5.0,3.5978777
200,7373,4.0,2.752121
534,7373,4.5,2.5883741
66,7373,4.0,3.6672235
393,7373,5.0,3.5296674
474,26422,3.0,2.9634056
104,54780,3.5,3.031492
534,90403,4.0,2.7126606
448,103819,3.0,0.84318846
249,138204,4.0,3.3522894
294,304,2.0,1.8492663
314,536,4.0,2.5016797
136,611,1.0,3.7634425
31,612,3.0,1.5323845
42,612,2.0,1.768253
66,612,3.5,1.9914765
191,668,5.0,3.602382
206,783,4.0,3.1854033
20,783,3.5,3.8700063
117,783,4.0,3.3140812
456,783,4.0,3.4158611
380,783,3.0,2.9723036
273,783,4.0,3.8429906
264,783,4.0,2.9313288
509,783,3.0,2.8955069
518,783,3.0,3.4243624
45,783,3.0,3.4961123
517,783,1.5,2.188139
322,2146,3.0,2.7982247
66,2146,4.5,3.368391
380,2527,4.0,3.6195402
199,2527,3.0,3.314241
101,2908,4.0,4.347502
442,2908,2.0,1.0409057
590,2908,3.5,3.6840277
591,2908,2.0,2.2570884
282,2908,4.0,3.648616
562,2908,4.0,3.6049154
599,2990,2.0,2.714599
479,2990,3.0,2.4171705
387,2990,3.0,2.5396447
202,3342,3.0,3.5136144
312,3342,4.0,3.2949848
553,3424,5.0,4.101457
275,3424,5.0,4.1685963
479,3544,1.0,2.7196927
329,4789,5.0,3.0932229
527,4801,4.0,4.364959
332,5226,2.5,1.7915068
414,5951,2.5,2.6974902
307,6298,2.0,2.3027613
274,27772,2.5,2.2639258
380,27772,3.0,2.6986048
211,48738,4.0,3.8404493
232,48738,4.0,3.9894795
168,48738,4.5,4.1816454
434,48738,4.0,4.053095
254,48738,4.0,4.326035
387,55280,3.5,3.3656301
274,58025,2.5,2.7638402
139,58025,1.5,1.4889945
509,58025,2.5,2.6164155
68,58025,3.0,2.9327326
586,167036,4.0,4.221764
514,185029,4.0,2.6467483
404,105,3.0,2.690707
38,105,3.0,3.1867695
323,105,3.0,2.567087
349,105,5.0,3.125959
368,370,3.0,2.3590872
101,370,2.0,2.6880898
182,370,0.5,2.660209
590,370,2.5,2.8024418
449,370,3.5,2.2887144
448,370,3.0,2.8186996
181,370,3.0,2.0287626
109,370,3.0,2.6942701
294,370,3.0,2.787561
18,370,3.0,3.1260812
483,370,4.0,2.939724
587,913,3.0,4.2419877
27,913,4.0,3.629523
603,913,5.0,3.8935795
127,913,5.0,4.042597
318,913,3.5,3.8063793
23,913,4.0,3.4524622
527,913,4.0,4.3148327
95,913,4.0,4.567819
200,913,4.0,3.7922373
488,913,3.5,3.6078594
188,913,5.0,4.093921
561,913,4.5,3.9509435
95,2280,3.0,2.993733
232,2430,3.0,2.6417732
414,2430,2.0,2.61879
294,2518,2.0,2.5451467
135,2707,2.0,3.1045141
186,2707,4.0,3.7450309
186,3203,4.0,3.0277216
483,5570,3.0,3.4588616
246,37729,3.0,3.9577634
474,37729,4.0,3.2181869
489,37729,4.0,3.4642477
610,37729,3.5,3.8349373
356,37729,2.5,3.9054048
525,37729,3.5,3.4747396
18,37729,4.0,3.6789558
28,60684,4.0,3.6683276
122,60684,4.5,4.5202866
232,60684,4.5,3.5384474
305,60684,4.0,3.8016238
432,60684,4.0,3.8166728
73,60684,5.0,4.2872267
62,60684,4.5,4.360916
125,60684,3.5,4.0788136
219,60684,4.5,3.4281113
298,60684,3.5,2.7289038
123,60684,4.0,3.6299808
393,60684,4.0,4.5007777
464,61465,3.0,2.9465053
103,64614,5.0,4.363923
330,64614,4.0,3.9423387
232,64614,4.5,3.7812414
177,64614,3.0,3.8195243
280,64614,4.0,4.175612
292,64614,2.0,3.4206176
326,64614,3.5,3.8916724
528,64614,3.5,3.4042387
352,64614,5.0,4.264595
298,64614,3.0,2.6763074
561,64614,3.0,3.7382572
573,64614,4.5,4.627483
122,81591,5.0,4.5712023
212,81591,4.0,3.5511303
432,81591,5.0,3.2301362
41,81591,3.5,2.5175526
358,81591,2.0,4.2925324
73,81591,4.0,3.915528
21,81591,1.0,3.3768697
414,81591,4.0,3.7970693
522,81591,4.5,3.5075974
292,83349,3.0,2.9447086
448,83349,2.0,2.766708
534,83349,4.0,3.0508604
18,83349,3.0,2.9323738
603,58,3.0,4.0978656
206,58,5.0,4.8192506
474,58,3.5,3.5404148
559,58,4.0,3.7230015
425,58,3.5,3.5019422
23,58,3.0,3.273991
427,58,2.0,3.888513
156,58,4.0,3.8477511
604,188,3.0,4.230873
182,188,3.5,3.9802446
414,188,4.0,2.7380345
92,837,5.0,3.5534666
590,837,2.5,3.1346908
605,837,3.0,3.3701925
104,837,3.0,3.5597951
183,1370,5.0,3.939457
297,1370,3.0,1.9593176
182,1370,3.5,3.141307
286,1370,3.0,3.076258
387,1370,2.5,2.4380999
380,1370,4.0,3.6877277
524,1370,3.0,3.5282109
356,1370,4.0,3.6169095
464,1370,2.0,3.5695896
341,1370,4.0,3.7326086
414,1370,4.0,3.2359927
213,1370,4.0,3.8733845
11,1370,3.0,3.9694977
330,1573,0.5,3.2736428
230,1573,3.5,2.8545969
177,1573,3.5,2.8888633
1,1573,5.0,4.0473337
297,1573,4.0,2.6694741
474,1573,4.5,3.384138
164,1573,3.0,3.9001195
286,1573,3.5,3.4457586
312,1573,3.0,3.187676
226,1573,2.5,3.5633905
195,1573,3.0,3.7855978
414,1573,3.0,3.4072204
354,1573,4.0,3.4780788
304,1573,4.0,3.5988545
561,1573,2.5,3.155499
573,1573,4.5,3.691148
186,1573,4.0,4.052314
597,2126,2.0,2.495718
368,2126,2.0,2.4503744
452,2126,5.0,3.0604508
438,2126,3.0,2.3465788
448,2126,2.0,2.1476264
369,2126,3.0,2.5906835
384,2347,1.0,2.8328054
599,2916,3.0,3.0064054
570,2916,3.0,3.3562396
64,2916,3.0,3.7793136
489,2916,3.5,3.1012127
552,2916,3.5,3.5569985
586,2916,4.0,4.117373
387,2916,3.5,3.2648962
610,2916,5.0,3.8570766
45,2916,4.0,3.9400966
469,2916,4.0,3.6308718
414,2916,4.0,3.880696
282,2916,3.5,3.8104038
599,3362,3.5,3.1155171
64,3362,5.0,4.2058845
590,3362,3.5,3.706975
610,3362,5.0,3.9772093
217,3362,4.0,3.3919683
290,3362,4.0,4.275712
39,3362,5.0,4.70515
514,3362,4.0,3.502409
265,3362,2.0,3.5792542
199,3362,4.0,3.755608
410,3362,4.0,4.193244
474,3849,4.0,3.2935069
474,4378,3.0,3.456842
156,4378,4.5,3.7926288
28,5349,3.5,2.76302
596,5349,3.5,3.498663
606,5349,4.0,3.232024
103,5349,3.0,3.7223887
182,5349,3.0,2.963222
474,5349,4.5,3.4401717
48,5349,4.0,3.710024
560,5349,3.5,3.4214768
590,5349,3.0,3.314312
531,5349,5.0,3.4911375
220,5349,4.5,4.234575
434,5349,3.5,3.3338342
239,5349,4.5,3.9107876
312,5349,3.0,3.5549574
459,5349,4.0,3.6273556
167,5349,4.0,3.4796054
80,5349,4.0,4.015796
480,5349,4.0,3.1964874
95,5349,4.0,3.9365075
477,5349,4.0,3.8603072
338,5349,3.0,2.6817524
198,5349,3.0,3.1150992
466,5349,3.5,3.7764385
551,5349,2.0,3.79931
474,6662,2.5,3.8539946
50,6662,3.0,2.9386337
221,6662,4.0,3.9942532
36,6662,3.0,2.809758
517,6662,3.5,2.3127127
260,8364,2.5,3.3531427
606,8623,3.0,3.3871186
599,8623,2.0,2.7756383
580,8983,4.0,3.8155265
28,8983,2.0,2.961312
332,8983,2.5,3.4009404
606,8983,4.0,3.5655575
474,8983,4.0,3.2204263
219,8983,3.5,3.2458696
477,8983,3.5,3.8601563
199,8983,3.5,2.9926538
326,40414,4.5,3.8038816
132,52281,4.0,2.843808
274,52281,4.0,3.738502
560,52281,4.0,3.5811434
610,52281,4.0,3.8899765
561,52281,2.5,3.4814117
74,52281,2.5,3.5203483
503,93980,1.0,1.3193111
111,94953,4.5,2.1252472
318,94953,4.0,2.1224065
249,99910,3.5,2.5282013
308,117192,5.0,2.2933135
212,157296,3.5,3.0592682
306,157296,4.0,2.5438397
249,157296,4.0,3.7318168
89,157296,5.0,1.9401975
125,160567,3.5,2.205594
602,11,3.0,3.685558
353,11,4.0,3.5623257
489,11,1.5,3.4292789
35,11,4.0,3.985261
8,11,4.0,3.626416
84,11,4.0,3.6613903
156,11,3.0,2.954072
109,11,4.0,3.4396687
42,11,5.0,3.5841975
410,11,3.0,3.5255182
436,204,3.0,2.4579515
6,204,3.0,3.098507
117,204,3.0,2.5036738
240,204,4.0,3.512846
429,421,4.0,4.028464
217,421,3.0,2.6936398
395,421,3.0,2.5748127
436,575,3.0,3.20659
484,575,4.0,3.6561844
600,575,2.0,2.6065025
599,781,2.5,2.7054367
57,781,4.0,3.2153914
6,888,3.0,1.7863567
305,2058,4.0,3.6283796
1,2058,5.0,4.2239647
307,2121,2.0,1.8739525
514,2121,2.0,1.9810004
325,3550,4.0,3.6042814
555,3550,4.0,3.5873933
103,3735,5.0,3.8787832
599,3735,3.0,2.7660792
474,3735,4.0,3.2097607
294,3735,4.0,2.4097953
74,3735,4.5,4.1047344
280,5299,3.0,3.4935017
484,5299,3.5,3.3831038
165,5299,3.0,3.2755272
489,5299,3.5,3.0165389
590,5299,3.5,2.9367056
564,5299,3.5,2.3651855
100,5299,3.5,3.831504
427,5299,3.0,2.909216
98,5299,3.5,2.9638116
317,5299,3.0,2.8721578
357,5299,4.0,3.5357852
66,5299,5.0,3.6112702
599,6305,2.5,3.1202464
387,6305,3.5,3.4473445
288,6305,3.5,3.5688345
599,6324,2.5,1.3480932
590,7386,4.5,3.2643917
10,8869,5.0,2.5679486
168,8949,5.0,4.226046
610,8949,4.0,4.152514
7,8949,4.0,3.2221556
448,8949,4.0,3.473347
288,8949,4.5,3.583648
111,34530,2.0,2.7986546
307,34530,2.0,2.0362399
111,45447,4.0,2.7034504
177,45447,3.5,3.0651991
280,45447,4.0,3.3266704
307,45447,2.0,2.4774146
219,45447,2.5,2.339969
424,45447,3.0,3.015857
588,110,5.0,3.7478318
296,110,5.0,4.600563
593,110,3.0,3.200941
34,110,0.5,2.7503648
81,110,3.0,3.1573792
336,110,4.0,4.413019
223,110,3.5,3.3884747
222,110,4.0,3.4356287
128,110,5.0,4.250301
372,110,4.0,3.8019915
493,110,5.0,3.2296684
232,110,4.5,3.794677
353,110,3.0,4.15516
274,110,4.5,3.9127078
182,110,3.5,4.045841
6,110,5.0,4.133056
474,110,3.0,3.453867
164,110,5.0,4.9050756
340,110,5.0,4.3245106
292,110,2.5,3.6483219
96,110,5.0,4.631727
235,110,4.0,3.9394202
266,110,5.0,3.5057697
507,110,3.0,3.5338514
117,110,5.0,3.6748416
366,110,4.0,4.1522117
489,110,4.5,3.3730512
486,110,5.0,4.860047
609,110,3.0,3.7659614
286,110,5.0,3.7756388
423,110,4.0,4.144622
217,110,2.0,3.4061437
494,110,5.0,4.3937407
439,110,3.5,3.77344
264,110,2.5,3.847671
395,110,4.0,3.360611
403,110,5.0,4.096112
267,110,4.0,4.2716026
404,110,4.0,3.8276386
240,110,5.0,4.3492374
62,110,4.5,4.3108473
125,110,4.5,4.2491803
411,110,4.0,4.014028
464,110,5.0,4.311392
528,110,5.0,3.6916213
265,110,3.0,3.6554987
141,110,3.5,3.6852565
200,110,4.5,4.2261333
304,110,5.0,4.431137
33,110,5.0,3.5195901
561,110,5.0,3.6391714
14,110,5.0,3.7642267
600,110,2.0,3.580202
284,110,5.0,4.151328
66,110,5.0,4.3100853
399,110,3.0,3.7357056
144,110,4.5,3.7587967
483,110,4.0,3.981504
134,110,5.0,3.9749804
322,150,4.0,3.303347
513,150,4.5,3.5411487
103,150,4.0,4.071931
91,150,3.5,3.3106089
372,150,3.0,3.4119163
230,150,2.0,2.6493676
367,150,4.0,4.2491727
140,150,5.0,3.9637332
512,150,4.0,4.001565
572,150,4.0,4.0804105
57,150,3.0,3.3252506
117,150,4.0,3.6252842
227,150,4.0,3.7880569
486,150,5.0,4.1006064
107,150,5.0,4.354254
263,150,4.0,3.8056664
17,150,3.5,3.925542
609,150,3.0,3.5189598
423,150,5.0,3.6707666
498,150,5.0,4.3697386
176,150,4.0,4.5645165
7,150,4.5,3.23288
84,150,5.0,3.6641622
434,150,5.0,3.3791776
524,150,5.0,3.6702049
102,150,3.0,3.447735
121,150,3.0,3.624167
29,150,4.0,3.7124648
195,150,4.0,3.4791875
592,150,5.0,3.9584284
354,150,4.0,3.8203788
566,150,3.0,3.9074292
201,150,4.0,4.2431245
99,150,5.0,4.6050014
174,150,5.0,3.94556
84,369,4.0,2.8850546
43,413,3.0,3.35066
414,413,2.0,2.9312813
42,413,2.0,2.7340543
436,508,4.0,3.5701447
602,508,3.0,3.5271177
599,508,3.0,2.77777
6,508,4.0,3.718158
142,508,4.0,3.9118793
235,508,4.0,3.8403258
268,508,3.0,3.4598536
117,508,3.0,3.5491168
112,508,4.5,3.0191896
552,508,3.5,3.4276195
100,508,4.0,3.6416342
438,508,4.0,3.6537137
589,508,4.0,4.3278317
411,508,5.0,3.2811165
226,508,4.0,3.5058556
608,508,4.0,2.879493
33,508,3.0,4.156939
365,508,2.0,1.8065833
174,508,3.0,3.7076538
584,508,5.0,3.90001
580,541,5.0,4.027729
460,541,3.0,4.3806486
246,541,5.0,4.3325768
603,541,3.0,3.9494562
348,541,5.0,4.673612
359,541,1.5,3.323515
57,541,5.0,4.27651
339,541,5.0,4.2149477
19,541,4.0,3.4800744
380,541,5.0,4.6617336
520,541,5.0,4.2081895
244,541,4.0,4.2673607
171,541,5.0,5.229329
428,541,3.5,3.4888346
69,541,5.0,4.838608
129,541,3.5,4.201522
167,541,3.5,3.8858325
356,541,4.5,4.4937625
156,541,4.0,4.2386823
219,541,3.5,4.2815933
75,541,4.0,2.4516156
376,541,5.0,4.0334435
105,541,4.0,4.1322155
68,541,2.0,3.1446016
275,541,5.0,4.375908
187,541,4.5,4.4416018
393,541,0.5,3.7932425
103,1033,4.0,3.5610049
274,1033,3.5,2.9504054
474,1033,4.5,3.1365385
109,1033,3.0,3.18818
305,1129,4.0,3.7484608
288,1129,2.0,3.1101835
608,1129,3.0,3.082335
298,1129,3.0,2.788578
313,1129,5.0,3.7350178
163,1821,3.0,2.2900152
484,1821,3.0,2.7942913
603,1860,2.0,2.3062272
19,2953,3.0,1.9898131
428,2953,1.0,1.6698096
534,2953,3.5,3.1040878
483,2953,2.0,3.0777042
517,2953,5.0,2.3046763
472,3178,4.0,3.8725348
432,3178,3.5,3.7592783
480,3178,3.5,3.4103742
131,3178,3.0,2.716682
587,3418,5.0,4.087713
132,3418,3.0,2.8211043
603,3418,4.0,3.3579297
425,3418,4.0,3.2979965
217,3418,2.0,2.5950446
39,3418,2.0,3.7479954
288,3418,4.0,3.300856
469,3418,4.0,3.4617343
517,3418,1.0,2.0052483
140,4031,3.0,1.4570956
9,4131,1.0,2.3022482
414,4488,4.0,2.501549
169,4728,4.0,3.600407
105,4728,3.5,3.013918
474,5955,3.5,3.2563224
504,5955,4.0,3.4344606
474,6945,3.5,3.6632714
274,8371,3.5,2.907979
425,8371,4.0,3.2152495
381,8371,3.5,3.2387314
380,8371,4.0,3.3311975
573,26471,5.0,4.237124
380,27801,4.0,4.6537967
249,27801,4.0,4.0691214
232,32596,3.0,2.9089952
438,32596,4.0,2.5929503
232,69640,4.0,2.559225
156,68,2.0,3.3660984
372,71,2.0,1.5606637
137,260,4.0,4.3320184
362,260,4.5,4.5038867
593,260,5.0,4.0704794
597,260,5.0,4.811614
155,260,4.0,3.9011445
210,260,5.0,4.0381036
548,260,3.5,4.1334114
91,260,4.5,3.9596765
128,260,5.0,4.5785947
372,260,4.0,4.014529
232,260,4.5,3.8265116
246,260,5.0,4.8206115
599,260,5.0,3.4146748
416,260,3.0,2.7399125
132,260,2.0,3.4973822
274,260,3.0,3.7912917
16,260,3.0,3.827662
582,260,4.0,3.9871662
57,260,5.0,4.2812576
559,260,5.0,4.0572133
279,260,5.0,3.6665714
560,260,4.0,3.8927462
15,260,5.0,3.886599
202,260,4.0,4.5810356
381,260,3.5,4.0101466
610,260,5.0,4.465681
437,260,5.0,4.5731506
494,260,5.0,4.697134
7,260,5.0,3.9392662
453,260,4.0,4.6717844
343,260,3.0,4.1550307
438,260,5.0,4.3085814
77,260,5.0,4.465201
267,260,5.0,4.860592
73,260,2.0,3.980339
464,260,5.0,4.3385277
323,260,4.5,4.0890775
469,260,4.0,4.117864
200,260,5.0,4.380014
298,260,4.0,2.86666
370,260,2.0,4.027244
525,260,4.0,3.9897287
600,260,4.0,3.4270003
248,260,3.5,3.614199
201,260,5.0,4.9442883
573,260,5.0,4.5078216
124,260,4.0,4.623983
557,260,3.0,4.198665
186,260,4.0,4.6761847
215,260,4.5,4.4115734
202,567,3.0,1.8574545
597,2001,4.0,3.1598814
274,2001,2.5,3.122822
268,2001,2.0,2.157883
19,2001,2.0,2.7293174
217,2001,3.0,3.0450656
438,2001,4.0,3.399662
448,2001,3.5,3.021745
21,2001,2.5,3.387789
42,2001,4.0,3.0385342
313,2001,3.0,2.5506725
66,2001,3.5,3.5151997
606,2360,5.0,4.254473
318,2360,4.5,4.3192225
275,2360,5.0,4.229639
236,2459,4.0,2.9647324
1,2459,5.0,3.163436
428,2459,1.0,2.8231835
600,2459,3.0,2.827502
424,2459,5.0,2.6279466
606,2474,3.0,3.272223
603,2474,4.0,3.1479387
182,2474,4.0,3.371276
217,2474,2.0,2.8084822
572,2917,5.0,4.4511437
547,2917,4.0,3.4483864
19,3238,1.0,1.7718931
591,3238,1.0,2.3256614
140,3347,3.0,4.262186
477,3347,5.0,4.254344
36,3347,4.5,2.9895244
599,3358,3.0,2.9993644
140,3873,4.0,2.337038
474,3873,3.0,3.203332
479,3873,3.0,3.2601283
34,6242,3.5,2.9351194
380,6242,3.0,4.0035706
474,6785,4.5,2.8362484
590,6785,3.0,2.8235717
210,40697,4.0,0.3487042
553,50851,5.0,2.5683098
489,53993,2.5,0.75661254
509,53993,2.5,2.2281525
68,53993,2.5,2.5870516
22,56171,0.5,1.1138394
232,56171,2.5,2.9324877
381,63808,2.5,2.8365667
111,74154,4.0,2.2021902
68,74154,1.0,2.2048898
292,103339,3.0,3.0564742
21,103339,3.5,3.3688219
274,1241,3.5,3.3352468
387,1241,3.0,4.1226826
187,1241,4.5,4.9691143
597,2028,5.0,4.3543215
211,2028,4.0,4.109851
497,2028,3.0,3.4449716
332,2028,4.0,3.9115152
93,2028,5.0,4.895217
233,2028,4.0,3.5789542
140,2028,5.0,3.8580103
1,2028,4.0,4.835486
274,2028,4.0,3.9835994
474,2028,3.0,3.7388978
308,2028,0.5,1.995478
452,2028,5.0,5.102366
263,2028,4.0,4.1033206
586,2028,2.5,4.492863
196,2028,3.0,4.094062
217,2028,4.0,3.276667
59,2028,5.0,4.3017893
100,2028,4.0,4.3535304
450,2028,5.0,4.5201006
514,2028,4.0,3.8601077
434,2028,5.0,4.237066
391,2028,2.0,3.749194
438,2028,4.0,3.962727
532,2028,5.0,4.3705254
97,2028,5.0,4.422263
312,2028,4.0,4.1638494
45,2028,5.0,4.6299725
261,2028,4.0,4.282404
288,2028,3.5,3.7515347
477,2028,4.0,4.445373
195,2028,3.0,4.2002735
515,2028,5.0,4.9421587
11,2028,5.0,4.461556
561,2028,4.5,3.8982306
199,2028,4.0,3.7446275
18,2028,4.0,4.1945324
336,2353,3.5,4.0739517
140,2353,4.0,3.661566
435,2353,4.5,3.73522
553,2353,4.0,3.9435468
380,2353,3.0,3.7852468
7,2353,3.5,2.9169738
438,2353,4.0,3.5422168
219,2353,3.0,2.7528696
413,2353,5.0,4.485364
135,2353,3.0,2.7162259
119,2353,3.0,3.965901
474,2379,2.0,1.8070152
51,2379,2.0,1.4674009
282,2379,4.0,2.6256764
274,3409,3.5,3.1519432
182,3409,4.0,1.8688775
13,3409,2.0,3.8012657
352,3409,4.0,3.1613293
608,3409,3.0,2.8232014
105,3409,4.0,3.129139
483,3409,2.5,2.6995296
66,6022,2.5,3.4043894
474,6636,3.5,3.2049065
414,6636,4.0,3.4675426
169,7381,5.0,2.9359686
509,7381,3.5,1.7284701
580,7445,3.5,4.068483
305,7445,3.5,3.943635
318,7445,3.0,3.7902918
380,7445,4.0,4.37556
7,7445,4.0,2.9918015
585,7445,4.5,3.771561
331,7445,2.0,3.40494
414,7445,2.0,3.5205107
105,7445,4.0,3.980586
599,8506,2.0,1.5558404
322,44191,3.0,3.4638762
28,44191,3.0,3.4376326
601,44191,4.0,4.388974
232,44191,5.0,3.870143
178,44191,4.5,3.9556763
328,44191,2.0,3.531879
582,44191,3.5,4.2834034
241,44191,4.0,3.8467014
434,44191,4.0,3.9648902
448,44191,3.0,3.333887
80,44191,4.0,4.4426866
237,44191,4.0,3.4573746
528,44191,3.5,3.275802
141,44191,5.0,3.746613
204,44191,5.0,4.0658336
369,44191,3.5,3.6383536
561,44191,3.0,3.6968853
424,44191,3.5,3.293293
18,44191,4.5,4.000561
483,44191,5.0,4.116536
393,44191,4.0,4.523189
599,49220,1.5,2.1793885
580,49651,2.0,3.4499118
28,49651,2.5,2.6334326
18,49651,3.5,3.5288548
125,86190,3.0,4.1443243
599,114180,2.5,2.2131855
610,114180,3.5,2.7325084
567,114180,1.0,1.1417942
104,114180,4.0,2.5543005
111,122896,3.5,3.5660505
47,132424,2.5,0.7256318
249,142422,3.5,4.481779
153,158966,4.5,2.530225
606,147,4.0,3.8749828
599,147,2.5,2.6232896
568,147,3.0,4.2159386
412,910,4.0,4.243418
332,910,4.5,4.106073
603,910,4.0,3.6188533
280,910,3.0,4.2012806
489,910,4.5,3.8667297
307,910,3.0,3.2925453
469,910,3.0,4.215154
294,910,4.0,3.0676975
275,910,3.0,4.5256386
420,910,5.0,4.1844854
513,1080,3.0,3.7961862
385,1080,4.0,3.654143
28,1080,3.5,3.4975932
329,1080,0.5,1.0164517
91,1080,4.0,3.6271625
128,1080,4.0,3.9024649
330,1080,4.5,3.9918616
346,1080,4.0,3.4965353
599,1080,4.5,3.197039
57,1080,4.0,3.973498
61,1080,3.5,3.9999406
380,1080,5.0,4.075715
171,1080,5.0,4.165765
50,1080,3.5,2.7750454
418,1080,5.0,4.7547603
249,1080,5.0,4.201421
32,1080,3.0,3.7917473
303,1080,1.0,3.28529
483,1080,5.0,4.2593627
332,1224,3.5,3.7303212
182,1224,5.0,3.6461585
547,1224,3.0,3.8020573
51,1224,5.0,3.7526379
488,1797,4.5,3.2810957
160,1972,1.0,2.200509
325,2024,3.0,3.41002
368,2263,3.0,1.9991814
414,2263,2.0,2.3836482
42,2263,4.0,2.4972117
64,5026,4.0,4.166698
391,5026,3.0,3.6054854
480,5026,2.5,3.7176514
464,5026,5.0,3.8322592
313,5026,5.0,3.622471
232,5379,4.0,3.6550488
318,5379,4.0,3.9910464
480,5379,4.0,4.160013
223,5782,4.0,3.5127804
16,5782,4.0,3.2474308
292,5782,3.5,3.8481889
560,5782,4.0,3.402667
23,5782,4.0,2.7392106
480,5782,4.0,4.091387
260,5782,3.5,3.186976
414,36527,4.5,3.3974743
232,45517,3.0,3.4445047
328,45517,2.5,2.7725549
590,45517,3.5,3.125087
380,45517,2.0,3.5033453
288,45517,3.0,3.1473577
282,45517,4.5,3.8496459
474,49280,3.5,3.2211816
414,51080,4.0,3.2640276
563,118900,3.5,1.5819973
385,14,3.0,3.435534
109,14,4.0,3.2602339
368,198,2.0,2.7551768
182,198,4.0,3.1838386
414,198,3.0,3.3750079
109,198,3.0,3.1731465
373,198,4.0,3.4255543
103,317,4.0,3.2509513
604,317,3.0,3.4784746
177,317,4.5,2.9072468
94,317,3.0,2.8958585
64,317,3.5,3.026822
117,317,3.0,3.1494968
590,317,3.0,2.7464998
381,317,3.5,3.1990619
583,317,4.0,3.0537453
495,317,4.5,3.158807
380,317,4.0,3.3443637
82,317,2.5,3.1027074
510,317,1.0,1.5011582
477,317,2.0,2.86965
608,317,3.0,2.7150145
600,317,0.5,2.760435
605,317,3.5,3.3365023
174,317,3.0,3.5943558
78,546,0.5,2.383783
486,546,3.0,2.340623
387,546,3.0,1.9772029
219,546,0.5,2.2687354
541,546,1.0,1.7083663
68,546,2.0,1.504517
294,546,1.0,2.1381717
350,805,3.0,2.993919
140,805,3.5,3.9540691
474,805,3.0,3.1883764
570,805,3.5,3.2324662
117,805,4.0,3.441197
590,805,3.5,3.272742
364,805,4.0,3.783426
521,805,4.0,3.7675495
409,1228,5.0,4.8870997
572,1228,4.0,4.711016
590,1228,3.5,4.098944
84,1228,4.0,4.304587
156,1228,3.0,4.293863
275,1228,5.0,4.59028
599,1672,2.5,2.5928893
606,1680,4.5,3.3522818
222,1680,3.0,3.374808
603,1680,4.0,2.9775035
16,1680,3.5,3.2483711
268,1680,3.0,2.3856854
68,1680,3.0,3.52688
605,1680,3.5,3.717509
1,2478,4.0,3.976077
307,2478,2.5,3.193787
448,2478,3.0,2.9103975
221,2478,3.5,3.0634387
141,2478,3.5,3.452462
414,2478,3.0,2.9303288
313,2478,1.0,3.2222662
274,2946,3.5,3.2798312
480,2946,3.0,3.1086082
580,5902,3.5,4.106465
190,5902,3.5,3.921517
140,5902,3.0,3.775337
416,5902,4.0,3.54994
504,5902,4.5,4.0459366
489,5902,2.5,3.162158
312,5902,4.0,4.0866585
156,5902,4.5,4.04228
221,5902,4.0,4.4503036
334,5902,3.5,3.4630716
66,5902,5.0,4.5223184
148,7153,3.0,3.3759873
137,7153,5.0,4.2451105
193,7153,4.0,3.906139
330,7153,4.0,4.2046466
233,7153,4.0,3.6470861
246,7153,5.0,4.628726
474,7153,5.0,3.8512938
178,7153,4.5,4.263248
308,7153,3.5,2.6342309
292,7153,3.5,3.6610749
227,7153,3.5,4.2841253
504,7153,4.0,4.056326
189,7153,4.0,4.051927
489,7153,4.0,3.5444386
326,7153,4.0,4.176474
445,7153,5.0,3.9587026
520,7153,4.0,4.367249
331,7153,4.5,4.076051
166,7153,5.0,4.4810405
448,7153,4.5,3.6547096
10,7153,4.0,3.552423
418,7153,5.0,3.920393
219,7153,3.5,3.5946848
226,7153,4.5,4.110166
21,7153,1.5,3.677147
323,7153,2.5,3.5989015
338,7153,2.5,3.6873474
98,7153,1.5,3.7754445
490,7153,3.5,3.4646826
334,7153,3.5,3.7921867
83,7153,4.5,3.7864492
68,7153,4.5,3.732751
567,7153,3.0,2.257925
600,7153,5.0,3.056583
357,7153,3.5,4.315503
573,7153,5.0,4.391355
30,7153,5.0,4.7688537
215,7153,4.0,4.3754444
241,7371,5.0,3.695984
387,8968,2.5,2.3639386
68,8968,5.0,3.1925192
221,27768,4.5,2.7741911
438,37830,5.0,4.0343037
608,37830,3.0,3.5274043
534,37830,4.0,3.9220119
438,43708,3.0,3.1465116
73,48414,3.0,3.0102785
232,53953,3.5,3.342741
111,53953,0.5,2.2506738
590,53953,2.5,2.8019192
610,53953,4.0,3.286361
51,53953,3.5,3.289572
352,53953,4.0,3.69872
211,57669,4.5,4.225488
212,57669,3.5,3.749855
610,57669,5.0,4.449127
483,57669,4.5,4.1791434
256,132046,4.0,2.4688756
50,139644,3.0,2.6561577
414,139644,4.5,3.9293149
514,160571,3.0,2.3723607
593,344,1.5,1.9618739
385,344,3.0,2.8545775
384,344,4.0,3.0949411
103,344,3.5,3.0911322
132,344,1.5,2.353103
474,344,1.0,3.0544846
470,344,3.0,2.8108923
179,344,3.0,3.3624225
489,344,1.5,2.2581959
316,344,4.5,2.3857927
72,344,3.5,3.2923632
381,344,3.0,2.6564012
610,344,3.0,3.3893883
494,344,1.0,3.4482958
176,344,2.0,3.683133
136,344,1.0,2.7851868
273,344,4.0,3.5150697
428,344,0.5,2.3786213
448,344,3.0,2.9082165
234,344,2.0,3.606894
63,344,5.0,2.7356958
569,344,4.0,3.35504
62,344,3.0,3.1669383
121,344,3.0,2.7960753
376,344,2.0,3.2429886
56,344,5.0,3.2285867
254,344,3.5,2.9917564
574,344,5.0,3.7553697
298,344,3.0,2.3492486
379,344,2.0,2.5213444
557,344,4.0,2.6510582
174,344,5.0,2.8132524
517,344,2.5,1.4949214
458,349,5.0,3.9903698
602,349,4.0,3.3514247
476,349,3.0,3.59357
140,349,4.0,3.7486494
386,349,2.0,2.665969
470,349,4.0,3.3439183
507,349,3.0,3.1151793
107,349,4.0,4.129387
176,349,4.0,4.334825
446,349,3.0,3.1038914
136,349,5.0,3.4432058
465,349,4.0,3.8625436
102,349,4.0,3.1408017
288,349,3.0,3.2431722
240,349,3.0,3.400559
121,349,3.0,3.5736918
592,349,4.0,3.5016625
109,349,3.0,3.282551
11,349,5.0,4.1270485
42,349,4.0,3.5818644
468,349,2.0,3.4778013
584,349,5.0,4.288411
599,424,1.5,1.4183415
266,1285,5.0,3.1785018
268,1285,5.0,3.6992586
555,1285,5.0,3.2775018
298,1285,2.5,2.608069
370,1285,4.0,3.5238523
294,1285,3.0,3.8085394
275,1285,4.0,4.2419143
387,1658,2.0,1.9977452
33,1658,2.0,3.438748
85,1693,4.0,2.5301301
249,1693,4.0,3.5870194
352,1693,3.0,3.64009
11,1693,5.0,3.9451985
577,2264,2.0,2.4827845
572,2303,3.0,3.2987661
101,3623,1.0,2.427276
305,3623,2.5,3.232892
325,3623,3.0,2.0372024
292,3623,4.0,2.863516
542,3623,2.5,2.8096607
425,3623,3.0,2.7771852
380,3623,4.0,3.0185664
453,3623,2.0,2.9933648
428,3623,1.0,1.9621588
465,3623,2.0,2.5053036
438,3623,3.5,3.0593596
129,3623,3.5,3.1352956
63,3623,2.5,2.3157012
249,3623,3.5,2.9505682
591,3623,3.0,3.113031
480,3623,2.5,2.1970322
457,3623,3.0,2.7643645
68,3623,4.5,2.9241512
551,3623,4.0,3.402831
108,5011,4.0,3.1744936
66,6238,3.0,3.2086575
599,7439,2.0,2.6832118
274,7439,4.0,3.5855727
477,7439,3.0,3.915112
233,7458,3.0,2.7360585
425,7458,3.0,3.3787005
590,7458,3.0,2.8344064
318,7458,3.5,3.4563384
361,7458,4.0,3.559662
249,7458,3.5,3.8173974
62,7458,4.0,3.9127278
480,7458,4.0,3.0256374
354,7458,3.0,3.483603
119,7458,4.5,4.1395855
483,7458,2.5,3.353143
307,52241,4.0,2.979912
274,55820,4.0,3.4263449
381,55820,4.0,3.7934873
426,55820,2.5,3.2030923
204,55820,4.0,4.270653
317,55820,5.0,3.8266096
199,55820,4.0,3.5084743
522,55820,4.5,3.3826222
232,70565,3.5,4.4077554
448,70565,2.5,3.9520442
232,81788,4.0,3.6766706
18,81788,4.5,3.6862507
397,123,5.0,3.1193166
587,342,4.0,3.2961912
474,342,3.5,3.1193578
504,342,3.5,3.1395583
84,342,4.0,3.2558744
194,342,3.5,2.8755531
414,342,4.0,3.3259115
385,373,3.0,3.1737232
602,373,5.0,3.5743263
589,373,4.0,3.7793787
414,373,4.0,3.4910924
380,379,3.0,3.0631702
464,379,1.5,2.6119952
265,379,4.0,3.0302134
530,454,5.0,3.6732621
192,454,4.0,4.317486
140,454,4.0,3.663115
297,454,3.0,2.0715358
339,454,4.5,3.3574185
96,454,4.0,3.986309
347,454,3.0,3.3335474
112,454,4.0,2.3590844
179,454,4.0,4.0255227
301,454,4.0,3.0942426
23,454,2.5,2.7772777
136,454,3.0,4.0156865
239,454,4.0,3.6675801
102,454,4.0,3.1019394
404,454,3.0,3.4257991
527,454,5.0,3.5302544
82,454,3.5,2.8807878
323,454,3.0,2.9645731
56,454,3.0,3.7005384
170,454,3.0,3.3986163
354,454,3.5,3.5386992
536,454,4.0,3.9950328
58,454,3.0,3.8357725
541,454,4.0,3.6589239
584,454,5.0,4.8358536
350,832,3.0,3.519991
297,832,3.0,1.9812648
274,832,3.5,3.4895034
561,832,3.0,2.951481
305,965,4.0,3.9375343
19,965,2.0,3.1108863
221,965,4.5,4.314926
182,971,4.0,3.7210612
415,971,4.5,4.0465784
309,971,4.5,4.053427
217,1018,2.0,1.9083817
113,1018,3.0,1.9795518
325,1264,4.0,3.4117188
188,1264,4.0,1.8901651
274,1753,3.5,3.6972342
484,1753,5.0,4.3521423
387,1753,3.5,3.09169
51,1753,3.5,3.889562
226,1753,4.0,3.8086076
414,1753,2.5,4.1052547
597,1958,5.0,3.946631
479,1958,4.0,3.4914854
599,1992,1.5,2.0737357
606,2411,2.0,2.4869225
217,2411,2.0,2.7019143
448,2411,3.0,2.7669232
293,2411,3.0,3.0696678
464,2411,2.0,3.2170258
68,2411,3.0,3.1883252
577,2476,3.0,3.084604
202,2476,4.0,3.7644863
606,3100,3.5,4.0431857
480,3100,3.0,3.860825
226,3100,3.0,3.7522383
68,3100,3.5,3.5081344
42,3100,5.0,4.188928
367,3360,5.0,3.816805
590,3360,4.0,3.3322225
202,3360,4.0,3.621552
514,3360,4.0,3.2737932
480,3360,4.0,3.1049752
226,3360,4.5,3.2019012
414,3360,5.0,3.3311198
357,3360,3.5,3.2608974
368,3643,3.0,2.8239257
469,3770,3.0,3.0891113
596,3785,2.5,2.687636
91,3785,4.5,2.8165154
64,3785,2.5,2.7159295
327,3785,5.0,3.7592883
552,3785,2.5,2.4249687
428,3785,2.0,1.9441279
448,3785,2.0,2.556928
509,3785,3.0,2.6811945
82,3785,4.0,3.409956
73,3785,3.0,2.73358
477,3785,0.5,3.2183588
141,3785,3.0,2.721554
105,3785,4.0,2.9561715
600,3785,2.0,2.2875724
606,4056,3.5,3.4988549
339,4056,4.5,4.655982
441,4980,3.5,3.3680468
226,4980,4.0,2.9327412
298,4980,3.0,2.5931792
561,4980,3.0,2.8420684
313,4980,2.0,2.2868295
232,5712,3.5,3.0399632
380,5944,3.0,3.3340695
448,5944,3.0,2.2859666
482,5944,4.5,2.9045343
232,6338,3.0,2.4596622
249,6338,2.5,2.563095
298,6338,0.5,1.0254219
89,6666,3.5,2.4448187
580,8370,4.0,3.4954972
414,8370,4.0,4.0042996
599,27317,3.0,3.066977
387,27317,3.5,3.2629828
562,27317,4.0,3.74981
232,27790,3.0,3.230153
477,27808,4.0,3.6129677
232,61024,3.5,3.389254
307,61024,4.0,3.053476
525,61024,2.0,3.5118306
365,61024,5.0,2.7339964
78,68791,2.0,1.8513651
305,68791,4.0,3.2533994
274,68791,2.5,2.4571402
220,68791,3.5,3.1977046
65,97752,4.0,3.6580586
596,97752,3.0,3.3079224
560,97752,2.5,3.639799
610,97752,3.5,3.8994403
249,97752,4.0,4.020618
610,103228,4.5,3.7315834
249,103228,4.5,3.6090066
352,103228,4.0,3.4773164
525,103228,4.0,3.3950503
305,118696,3.0,3.144402
318,118696,3.0,2.9890258
462,118696,1.5,2.7188082
586,118696,5.0,3.7717059
352,118696,5.0,3.3766704
306,148956,2.5,3.031936
125,148956,3.0,2.6337228
321,158,3.0,3.2694182
436,158,3.0,3.1052496
132,158,2.0,2.1379452
353,158,3.0,2.8454783
435,158,4.0,3.2271667
495,158,3.5,2.2109406
380,158,3.0,2.5779939
240,158,4.0,3.5469556
356,158,3.0,2.7111726
226,158,2.0,2.6457958
68,158,3.0,2.3267677
525,158,3.5,2.5332682
546,158,2.0,2.8070135
6,270,3.0,4.0245266
606,1086,4.5,3.9760015
168,1086,5.0,4.3113585
590,1086,4.5,3.9243474
249,1086,4.0,3.890681
221,1086,4.5,4.154946
156,1684,4.0,2.5640206
380,1983,3.0,2.505041
603,2065,4.0,3.3715792
477,2065,4.0,3.5804846
469,2065,4.0,3.5746934
198,2065,4.0,3.2819242
410,2065,5.0,3.9022245
597,2416,4.0,3.470768
268,2416,2.0,2.9177299
19,2416,3.0,2.3474712
217,2416,3.0,2.5811174
555,2416,3.0,2.9457927
561,2416,3.5,2.7738514
600,2416,2.0,2.260948
599,2709,2.5,2.7011037
20,2709,5.0,2.5251634
599,3250,2.0,2.5987735
555,3250,5.0,3.098462
600,3250,2.5,2.554483
606,3535,3.0,3.5538962
232,3535,4.0,3.7506516
346,3535,3.5,3.6829662
19,3535,2.0,3.1475456
15,3535,3.5,3.5468035
380,3535,5.0,4.760654
80,3535,5.0,4.50065
219,3535,4.5,3.9427075
195,3535,2.0,3.9338133
334,3535,2.5,3.159239
424,3535,3.5,3.694591
313,3535,4.0,4.4596577
560,3822,4.0,3.707378
599,5081,2.0,2.4285045
599,5159,2.5,2.061733
514,5205,2.0,2.2424874
599,5377,2.5,2.99067
474,5377,5.0,3.550884
504,5377,4.0,3.6818144
41,5377,4.0,3.0910852
165,5377,4.0,3.6607168
489,5377,4.0,3.2249377
380,5377,4.0,3.7809746
438,5377,3.0,3.6688466
480,5377,4.0,3.5892303
345,5377,3.5,3.768961
414,5377,5.0,3.8200662
200,5377,3.5,3.8953028
298,5377,2.0,2.4348328
281,5377,3.5,3.1199417
274,5414,2.0,2.753254
346,6286,3.5,3.5102272
438,7315,2.0,1.599353
274,8142,3.5,3.94024
553,27831,4.0,4.0502896
61,27831,4.0,3.74435
387,27831,3.0,3.1806064
448,27831,3.5,3.321631
322,47629,4.0,3.3457546
606,47629,4.0,3.5873942
590,47629,4.0,3.8411617
599,53894,3.0,3.1485004
462,53894,4.0,3.0070662
381,53894,5.0,3.8716683
239,53894,4.0,4.2742357
414,53894,3.5,3.9700148
298,53894,3.0,2.8591487
509,56145,3.0,2.989081
105,56145,4.0,3.8209703
124,56145,0.5,4.038165
232,71823,3.5,2.9694371
193,97938,4.0,2.3715382
47,97938,3.5,2.6075203
15,97938,4.0,3.1802876
495,97938,5.0,4.4243755
448,97938,3.0,3.1627474
10,97938,1.0,2.8162298
21,97938,3.5,3.715823
352,97938,4.0,3.9008284
561,97938,3.0,3.387752
501,135,2.0,3.1629295
559,135,3.0,2.5331452
19,135,3.0,2.074822
262,135,3.0,1.7426751
520,135,3.5,3.2035177
543,135,5.0,4.7655644
492,135,4.0,3.6906226
508,135,1.0,2.5630677
270,135,1.0,2.0488155
243,248,4.0,3.6102538
599,248,1.5,2.1023571
6,248,5.0,3.2995975
181,248,2.0,2.5402908
58,248,3.0,3.1720848
555,499,3.0,0.95771563
125,522,3.0,3.395934
603,902,4.0,2.9131854
474,902,3.5,3.7714796
538,902,4.0,4.393275
108,1095,2.0,4.1012845
140,1095,2.0,3.099407
182,1095,4.0,3.949315
202,1095,5.0,3.909934
9,1095,4.0,4.021759
437,1095,5.0,3.7927475
599,2617,3.0,2.5759633
48,2617,4.5,3.2532349
415,2617,2.5,2.9687512
425,2617,3.5,2.930344
381,2617,4.0,2.665037
438,2617,4.0,3.3821957
160,2617,1.0,2.4155092
480,2617,3.0,2.167114
534,2617,4.5,3.6108263
106,2617,4.5,3.2388742
600,2617,2.5,2.4536052
557,2617,4.5,2.7961268
535,2617,1.0,2.2158513
153,2617,0.5,0.93763876
475,2617,5.0,4.056723
208,2617,3.0,2.8314898
45,2731,4.0,3.8789744
410,2731,4.0,4.3310065
597,2762,5.0,4.2841716
115,2762,3.0,4.2499714
606,2762,4.0,3.9163108
91,2762,4.0,3.5448618
222,2762,2.5,3.4567647
122,2762,5.0,4.803644
367,2762,5.0,4.0207605
599,2762,3.5,3.0342345
274,2762,4.0,3.7928715
308,2762,0.5,1.9190416
328,2762,2.0,3.166338
57,2762,5.0,3.6893082
415,2762,4.0,4.127408
579,2762,3.0,4.1680365
202,2762,5.0,4.011284
17,2762,4.0,4.1882095
286,2762,5.0,3.8366501
503,2762,3.0,3.5921361
290,2762,4.0,4.0685773
4,2762,4.0,3.0803745
380,2762,5.0,4.148253
434,2762,5.0,4.0934377
428,2762,3.5,3.2567766
448,2762,4.0,3.7717407
45,2762,5.0,4.350753
167,2762,3.0,3.4478226
160,2762,5.0,2.9730456
195,2762,5.0,4.1303873
287,2762,2.0,3.0396068
469,2762,5.0,4.04364
488,2762,5.0,3.7359414
304,2762,2.0,3.9926786
110,2762,3.0,3.6406238
344,2762,3.0,3.7182884
424,2762,2.0,3.9079993
282,2762,4.5,4.214244
551,2762,4.0,3.5764728
597,2890,4.0,4.308571
599,2890,3.5,3.0920224
603,2890,3.0,3.7726495
266,2890,5.0,3.4471335
202,2890,4.0,3.97155
552,2890,4.5,3.4489694
448,2890,3.0,3.8478725
267,2890,1.0,4.2113934
469,2890,3.0,3.5997198
42,2890,4.0,3.9263833
172,2890,3.5,3.9479065
42,3142,4.0,3.2380865
489,3146,0.5,0.7961014
448,3146,4.0,2.0546505
42,3146,3.0,2.5337887
387,3355,4.0,3.153694
160,3355,4.0,1.6947782
216,3946,2.0,1.6427562
414,3946,3.0,2.3993368
34,3948,3.0,3.3314633
222,3948,4.0,3.1047704
599,3948,2.5,2.5456767
111,3948,1.0,3.0039961
177,3948,4.0,3.19036
274,3948,3.5,3.4497933
431,3948,3.0,2.956892
450,3948,4.0,4.0142617
200,3948,4.5,3.836615
344,3948,2.5,3.4354393
135,3948,4.0,3.5557296
365,3948,3.0,2.4589007
153,3948,1.0,1.557564
47,5293,3.0,3.042321
380,5293,3.0,3.8348908
274,6220,2.0,1.9532745
380,6220,4.0,2.408527
68,7256,4.0,3.3004737
159,30812,2.0,2.3130121
339,30812,5.0,3.628893
41,30812,4.0,2.8039813
448,30812,4.0,3.5321155
249,30812,4.0,3.6446977
317,30812,4.0,3.317398
22,34437,3.0,2.952164
560,34437,4.0,3.3126245
356,34437,3.0,3.7005467
480,34437,2.5,3.377901
298,34437,3.0,2.3554006
111,66203,2.5,2.505603
358,66203,4.0,2.6595936
68,66203,2.0,3.3164058
596,80463,3.0,3.657774
222,80463,4.0,3.4525223
601,80463,4.5,4.347236
599,80463,4.5,3.1664124
292,80463,4.0,3.3195827
249,80463,4.0,4.3182993
528,80463,3.5,3.3004897
433,80463,4.0,3.0831468
105,80463,4.0,4.1641493
561,80463,4.0,3.6557705
282,80463,3.5,4.042105
21,81229,3.5,3.5903778
111,106916,3.5,2.9123595
448,106916,4.0,3.636317
526,106916,4.0,3.5281885
305,134853,2.0,3.9750583
52,134853,5.0,4.485118
560,134853,3.5,3.600459
610,134853,3.5,3.8482277
380,134853,5.0,3.8648682
63,134853,5.0,3.741706
414,134853,4.5,3.5447724
105,134853,4.0,4.1487775
252,134853,5.0,4.0834413
553,42,4.0,2.8648689
234,42,4.0,2.4395068
414,42,2.0,2.9403284
606,337,4.0,3.9769604
346,337,3.5,3.4180002
94,337,3.0,3.2927723
570,337,3.0,3.3757691
452,337,5.0,4.0984726
286,337,3.0,4.0134006
273,337,4.0,4.44777
428,337,3.5,2.7653096
589,337,5.0,4.148795
226,337,3.5,3.5983603
58,337,5.0,4.4555597
68,337,3.5,2.9019046
14,337,5.0,3.626158
349,337,4.0,3.8015878
562,337,4.0,3.8538628
483,337,2.5,3.5553708
584,337,3.0,4.1007442
222,466,3.5,2.6803458
474,466,2.0,2.6253543
387,466,1.5,2.0974824
380,466,4.0,3.390767
7,466,5.0,2.3149712
82,466,3.0,3.1619277
288,466,3.0,2.4117615
199,466,3.0,2.7066088
603,909,4.0,3.3385968
217,909,4.0,2.7369611
216,909,4.0,3.0411162
469,909,5.0,3.6782928
414,909,4.0,3.9503884
483,909,5.0,4.348453
202,1312,2.0,2.1004045
603,1437,5.0,2.6986623
115,1566,5.0,3.779563
223,1566,3.5,3.0244453
19,1566,4.0,2.4322867
380,1566,4.0,3.7040443
234,1566,5.0,3.2860837
516,1954,5.0,4.1898866
368,1954,4.0,3.180725
493,1954,5.0,3.826381
474,1954,4.0,3.9412374
387,1954,3.0,3.5544531
514,1954,4.0,3.878597
156,1954,3.5,3.8591547
517,1954,0.5,2.6442666
212,2005,4.0,3.219765
474,2005,3.0,3.225582
20,2005,5.0,4.095138
100,2005,4.5,4.0038795
448,2005,3.0,3.6481414
418,2005,4.0,3.9568903
477,2005,4.0,3.5168762
226,2005,5.0,3.670775
534,2005,4.0,4.019988
365,2005,3.0,2.5636227
294,2005,3.0,3.0009482
215,2005,4.5,3.5461538
599,2124,3.0,2.7348173
51,2124,4.0,3.7489636
45,2124,4.0,3.7938282
351,2124,1.0,3.3297834
482,2124,4.0,3.6433094
68,2124,3.5,3.1640646
600,2124,4.0,2.5650213
140,2334,3.0,3.1621387
380,2334,2.0,3.5279062
160,2334,1.0,2.5580857
113,3103,2.0,2.4118118
292,3113,4.0,2.5531042
195,3113,1.0,3.3386238
606,3160,4.0,4.1091776
103,3160,5.0,3.9761078
599,3160,5.0,2.9646666
305,3160,3.5,3.4540458
325,3160,4.0,4.047616
216,3160,3.0,2.8614812
477,3160,4.0,4.0132627
226,3160,4.0,3.4992375
287,3160,4.0,3.8461075
68,3160,2.0,2.9866028
332,3448,3.5,3.5989394
169,3448,4.0,4.568384
462,3448,2.5,2.653639
202,3448,3.0,3.995645
217,3448,3.0,3.0830452
59,3448,5.0,4.1979203
239,3448,4.0,4.233392
527,3448,5.0,3.8155422
288,3448,3.5,3.5840945
356,3448,4.5,4.025169
562,3448,4.0,4.0193257
517,3448,3.5,2.1398253
561,4509,3.5,2.6733737
385,5060,3.0,3.5795236
27,5060,2.0,3.947816
372,5060,2.0,3.8529012
225,5060,1.0,3.979847
474,5060,3.0,3.9315746
202,5060,4.0,4.2414966
59,5060,4.0,4.5358424
156,5060,4.0,3.9162316
480,5060,4.0,4.083104
469,5060,4.0,4.2988772
600,5060,5.0,3.3618765
580,5991,2.0,4.042694
47,5991,2.0,3.1683009
474,5991,4.0,3.4120135
169,5991,5.0,4.528186
542,5991,4.5,4.612205
560,5991,4.0,3.6678832
438,5991,3.0,3.724386
68,5991,3.5,3.3362412
600,5991,4.0,3.4426124
480,37733,3.0,3.0111396
414,37733,4.0,3.671942
111,46972,3.5,2.9280486
489,46972,2.5,2.605284
361,46972,5.0,3.3075283
298,46972,0.5,1.7805018
68,46972,3.0,3.4332032
249,53464,2.5,2.7602336
200,53464,1.0,2.799567
68,53464,3.0,2.551457
573,53464,2.5,2.9534693
111,62155,3.0,3.6084523
280,62155,4.5,3.4591815
220,62155,3.5,3.9359882
68,62155,3.0,3.3119712
280,65230,3.5,3.4396055
491,65230,4.0,3.7264407
41,65230,3.5,2.9157963
564,65230,4.0,3.8169422
560,71057,2.5,3.5679538
381,71057,5.0,3.575772
232,72731,3.5,2.5949714
148,72998,4.0,3.0918756
596,72998,3.0,3.020813
253,72998,2.0,3.7620564
22,72998,3.5,1.4578488
47,72998,2.5,2.7062953
305,72998,4.5,4.0087976
212,72998,3.0,3.5681162
328,72998,3.5,1.8280978
154,72998,5.0,4.414962
586,72998,4.0,4.426794
381,72998,4.5,3.7177765
247,72998,2.0,3.3136861
448,72998,3.0,2.9249945
249,72998,4.0,4.006917
104,72998,3.0,3.249292
483,72998,4.5,3.7745972
401,72998,3.0,3.424241
448,139717,2.0,0.28106278
322,2,3.0,3.0769963
436,2,4.0,3.4619794
103,2,4.0,3.7106528
122,2,4.0,3.9472117
232,2,4.0,3.0581443
599,2,2.5,2.55711
512,2,3.0,3.625486
308,2,3.0,2.0286596
347,2,3.0,3.5073252
484,2,2.5,3.8336713
590,2,2.5,3.0848951
586,2,4.0,3.7617898
217,2,2.0,2.7697585
307,2,2.5,2.7886717
8,2,4.0,3.4213629
240,2,5.0,3.9491596
62,2,4.0,3.5732825
480,2,3.0,3.0600715
323,2,4.0,3.2269554
304,2,4.0,3.6077168
525,2,3.5,3.3589942
561,2,4.0,3.154282
135,2,3.0,3.3387058
357,2,3.0,3.7347338
573,2,4.5,3.973381
483,2,4.0,3.3499887
368,79,2.0,2.2753778
43,79,5.0,3.5763667
181,79,4.0,2.4005702
492,79,4.0,2.7396054
274,765,3.0,3.157618
137,778,2.0,4.0396104
28,778,3.5,3.2757525
372,778,3.0,3.2951329
274,778,4.0,3.869003
419,778,5.0,3.7751236
227,778,5.0,4.4336743
112,778,3.5,4.2077603
23,778,4.0,3.896516
45,778,4.0,4.1613564
356,778,4.0,4.412664
160,778,5.0,3.9242284
351,778,4.5,4.065646
480,778,4.0,3.832543
528,778,4.0,3.0275779
195,778,4.0,4.05332
109,778,4.0,3.7180843
298,778,3.5,3.2146015
370,778,4.5,3.3273387
33,778,4.0,4.016497
110,778,3.5,4.125765
153,778,3.5,3.0382404
483,778,4.5,4.26616
372,892,4.0,3.2486405
599,892,3.5,2.7770257
182,892,3.0,3.5070586
63,1262,4.0,3.7474554
510,1262,4.0,4.2094913
156,1262,3.0,4.0260077
219,1262,3.5,4.0813756
317,1262,3.0,3.6579924
399,1262,3.5,4.4421678
315,1262,4.0,4.04073
599,2162,2.0,1.868855
234,2162,3.0,2.5996954
160,2162,1.0,2.0565257
213,2162,3.5,2.6492753
186,2266,4.0,2.982805
368,2944,4.0,3.1487708
309,2944,4.0,3.6654162
217,2944,4.0,2.9589307
288,2944,3.0,3.7429588
474,3447,4.0,3.024734
64,3556,4.0,4.024422
489,3556,3.0,3.926605
326,3556,4.5,3.7295508
68,3556,3.0,2.8076854
140,4901,3.0,3.7908711
610,4901,3.5,3.5158339
510,4901,3.0,2.0583856
219,4901,4.0,2.9602737
414,4901,3.0,3.2988605
599,4920,2.5,3.2984753
387,6868,3.5,2.491936
561,7007,3.0,3.493607
177,7064,3.5,2.649598
514,8906,2.0,2.6621253
606,54001,3.5,3.3417253
232,54001,2.5,3.6359918
274,54001,3.0,2.8845441
381,54001,4.5,3.8537335
247,54001,5.0,3.248483
51,54001,5.0,3.8214977
418,54001,3.5,3.5183475
249,54001,4.0,4.003231
525,54001,4.0,3.668703
466,54001,4.5,4.1907134
104,54001,4.0,4.006318
111,64032,3.5,1.9950769
212,67255,4.0,3.560704
119,67255,5.0,4.509092
605,70521,3.0,3.9435816
298,95088,3.0,2.6326172
448,102880,1.5,0.40820688
365,106062,2.5,2.75826
6,276,4.0,3.288231
136,276,4.0,3.0347612
608,276,3.0,3.3735523
584,276,3.0,3.487002
113,2166,3.0,1.1057284
305,2302,5.0,3.4641688
435,2302,4.0,3.7522776
266,2302,1.0,2.9549294
542,2302,4.0,3.5095775
590,2302,4.0,3.1986332
217,2302,4.0,2.8477767
307,2302,2.0,2.5970156
448,2302,3.0,3.151816
156,2302,3.0,2.8286934
219,2302,3.0,2.7247207
414,2302,5.0,3.242677
600,2302,3.0,3.1239383
294,2302,3.0,2.1812294
587,2605,5.0,3.8448253
57,2605,2.0,2.324219
560,2605,4.0,2.8829818
249,2605,3.5,2.8882728
354,2605,3.0,3.2936516
208,2605,2.0,2.689447
368,3107,3.0,2.6530926
140,3107,3.0,3.0960028
57,3107,3.0,3.0893188
555,3107,4.0,3.3293252
434,3107,3.5,3.16593
438,3107,4.5,3.3695033
448,3107,4.0,2.8650413
239,3107,3.5,3.4402952
403,3107,4.0,3.032466
288,3107,2.0,2.8456132
253,3536,3.5,3.2996473
169,3536,5.0,3.8374722
387,3536,2.5,2.9630868
298,3536,2.5,2.952614
199,3536,4.0,2.8980858
599,3917,3.0,2.7734604
288,3917,1.0,3.1284328
546,3917,4.0,3.26765
313,3917,4.0,3.6460958
414,3968,3.0,2.8563163
103,3988,3.5,3.300724
381,3988,2.0,3.23233
21,3988,1.0,3.1619322
141,3988,2.0,2.94793
341,3988,3.0,3.569666
517,3988,3.0,2.4487529
387,4833,2.5,3.1379893
514,4833,3.5,3.0236044
182,6330,3.5,2.6281524
22,6502,1.5,2.7768996
122,6502,5.0,4.8547616
230,6502,4.0,2.9134362
440,6502,4.5,4.185103
339,6502,4.0,4.2103157
64,6502,4.5,4.037283
239,6502,5.0,4.2481966
95,6502,4.5,4.406385
477,6502,4.0,4.212109
105,6502,4.0,4.139679
573,6502,4.5,4.1920485
187,6502,4.0,3.8301198
387,8253,3.5,3.3222342
343,8253,1.5,3.6899288
477,8253,4.5,3.7296157
474,25841,4.0,3.5684261
474,43460,3.0,2.900729
480,43460,4.0,2.7375882
28,48879,2.5,2.818053
332,93766,2.0,1.9664865
534,93766,4.0,2.499278
305,106766,2.0,3.279053
47,117881,4.0,2.43511
177,117881,3.5,2.7028542
380,130490,3.0,2.6832066
352,130490,2.0,2.847547
210,135887,4.0,4.2296467
249,135887,3.5,3.4810123
256,135887,4.5,3.951318
567,135887,0.5,1.5040368
119,135887,4.0,3.7368636
567,166291,3.0,3.4160867
64,365,4.0,3.3124986
198,365,3.0,3.4427774
182,999,3.5,2.9157875
202,999,4.0,3.0958023
140,1092,3.0,3.221467
432,1092,3.5,3.1049294
452,1092,4.0,4.176899
307,1092,3.0,2.6010602
555,1092,4.0,3.6525211
396,1092,1.5,2.7812455
124,1092,4.0,3.4168375
368,2115,2.0,3.0745602
577,2115,3.0,3.439816
606,2115,3.5,3.4932332
177,2115,3.0,3.6743865
305,2115,1.0,3.9206767
274,2115,4.0,3.5847273
474,2115,2.0,3.5484755
96,2115,5.0,3.7897117
425,2115,4.0,3.5181818
220,2115,4.0,4.2908278
555,2115,4.0,3.960571
428,2115,3.0,2.6391377
249,2115,3.5,4.034682
219,2115,3.0,3.4631708
469,2115,3.0,3.5562274
370,2115,4.0,3.532071
135,2115,4.0,3.6107235
42,2115,4.0,3.8754034
313,2115,2.0,3.129563
66,2115,3.0,4.084811
274,2548,2.0,1.8470161
571,2548,2.0,1.8585178
603,2593,4.0,2.7163355
599,3984,2.5,2.7025166
546,3984,4.0,2.3564708
186,3984,4.0,4.162655
159,4886,4.0,3.3033247
22,4886,3.5,1.8332481
330,4886,5.0,3.570337
581,4886,4.5,4.1455584
182,4886,4.5,3.3159974
86,4886,4.0,4.1832056
474,4886,3.0,3.420536
479,4886,5.0,3.4357936
250,4886,4.0,4.5701485
48,4886,5.0,3.9602633
425,4886,4.0,3.5044725
318,4886,3.5,3.8143167
586,4886,5.0,4.6484365
610,4886,4.0,3.941563
307,4886,3.0,3.01453
247,4886,4.0,3.5272985
51,4886,4.0,3.7380161
391,4886,3.0,3.6163294
543,4886,5.0,4.7943316
239,4886,4.5,4.1468163
50,4886,3.0,2.4629793
249,4886,4.0,4.1829834
288,4886,4.5,3.4804163
480,4886,2.5,3.6857543
226,4886,4.0,3.9029274
298,4886,3.0,2.5881186
204,4886,3.5,3.790804
525,4886,3.5,3.639543
123,4886,4.0,3.898589
357,4886,4.0,3.9695222
573,4886,4.0,4.4784913
67,4886,4.5,3.5142312
18,4886,4.0,3.8417013
104,4886,4.0,3.8438504
401,4886,3.5,3.8159308
346,6530,4.5,3.67271
249,54004,4.0,3.5627348
477,54004,4.0,3.3624082
68,54004,3.0,3.3778846
318,71899,4.0,3.89837
241,71899,4.5,3.7890232
509,71899,3.5,3.4402988
567,71899,5.0,2.6880112
562,71899,5.0,4.332305
18,71899,4.5,4.057372
599,72226,3.0,3.3227193
152,72226,4.5,3.9223323
212,72226,4.5,3.4414318
381,72226,5.0,3.886841
334,72226,4.0,3.4659266
306,175303,4.0,2.726579
597,357,5.0,4.0579205
606,357,4.0,3.4375486
12,357,3.5,3.7383094
178,357,5.0,3.6385753
470,357,4.0,3.608852
5,357,2.0,3.958047
64,357,4.5,3.548594
347,357,3.0,3.3210702
455,357,4.0,3.3220563
489,357,4.5,2.5685315
307,357,3.0,2.4308116
8,357,5.0,3.2542741
314,357,4.0,3.3639274
63,357,4.0,2.7044282
323,357,3.5,3.7917566
382,357,4.5,3.7520664
608,357,3.0,2.1643436
200,357,4.0,3.8151827
109,357,4.0,3.1040921
354,357,4.0,3.4610984
600,357,1.0,3.5077114
284,357,4.0,3.7879837
517,357,5.0,2.6709135
599,529,3.0,3.0345182
474,529,4.0,3.992875
117,529,3.0,3.4993796
202,529,4.0,4.0902886
240,529,4.0,3.7928586
356,529,4.0,3.9054103
156,529,4.0,3.6907706
414,529,4.0,3.992242
11,529,5.0,4.3378587
522,529,3.0,4.1214256
606,905,5.0,4.1393046
186,905,5.0,4.7131453
492,1004,3.0,3.22959
606,1612,3.0,2.0537953
572,1964,5.0,4.20668
268,1964,5.0,3.575173
606,2000,2.5,3.4263897
225,2000,4.0,3.9239466
140,2000,4.0,3.2455883
292,2000,4.5,3.2929678
19,2000,3.0,3.2479243
414,2000,3.0,3.767491
42,2000,5.0,3.7765133
562,2000,5.0,4.2424126
587,2144,4.0,3.9149742
132,2144,3.0,3.003879
358,2144,3.0,4.2580276
127,2144,2.0,3.36694
278,2144,3.5,2.975338
161,2144,2.0,3.8827493
555,2144,5.0,4.3537116
288,2144,3.5,3.3226388
561,2144,3.5,3.507761
357,2144,4.5,3.916117
215,2144,4.5,4.0383754
562,2144,4.0,4.1935534
474,3950,3.5,3.4766383
22,5617,3.5,2.8699296
432,5617,3.0,3.2897592
387,5617,4.0,3.8239956
356,5617,4.5,4.060977
200,5617,3.5,4.220531
68,5617,3.5,3.2585013
66,5644,4.0,3.3285732
64,5878,3.5,4.277471
471,6016,4.0,3.99266
193,6016,4.0,3.7143617
103,6016,5.0,4.634197
417,6016,5.0,4.6882844
246,6016,3.5,4.6317177
177,6016,3.5,3.8527837
318,6016,4.0,4.1637254
414,6016,4.0,4.2710547
608,6016,3.0,3.846587
260,6016,4.0,3.864756
131,6016,4.0,3.5350523
74,6016,5.0,4.4136763
560,6952,3.5,2.9564264
307,6952,2.5,2.0320354
380,8781,3.0,3.2471476
219,8781,2.5,2.7033467
606,45730,3.5,3.0930123
7,45730,0.5,2.9351153
249,45730,3.5,2.9377053
352,45730,3.0,2.8983393
89,49013,3.5,1.0994602
7,49824,3.0,2.7233195
249,49824,3.5,2.5969872
232,68952,3.5,3.7847
610,86835,2.5,2.9492674
448,91842,2.0,2.7607203
495,117529,3.5,3.7188737
509,117529,3.5,3.0816164
21,117529,4.0,3.3741634
551,117529,1.0,3.3452773
62,175661,3.5,2.676902
19,118,3.0,1.4091672
91,1373,3.0,3.1091285
217,1373,4.0,1.8311229
314,1373,2.0,2.3549767
51,1373,5.0,3.2266212
288,1373,2.5,2.464136
160,1373,2.0,2.5988178
457,1373,2.0,2.9885669
228,1373,4.0,3.219169
182,1449,4.0,3.9043188
480,1449,4.0,3.925224
91,1885,2.0,2.8748646
469,1885,3.0,3.4840875
414,1885,4.0,3.6834571
68,1885,2.5,1.6002873
177,2010,3.0,3.340542
520,2010,5.0,4.015059
414,2010,4.0,3.675823
294,2010,3.0,3.3876975
462,2348,3.0,3.1609845
307,2348,3.5,2.9722366
260,2348,2.0,3.2328258
599,2642,1.5,1.9025506
590,2642,2.0,2.2831705
387,2642,1.5,2.0245852
160,2642,1.0,1.3403162
294,2642,1.0,1.7332773
105,2925,3.5,3.653872
599,3186,3.0,2.5951002
558,3186,5.0,3.5454385
608,3186,3.0,3.0587707
318,3224,4.0,4.16028
111,3617,3.0,2.9068882
480,3617,3.0,2.6504588
68,3617,3.5,3.0823946
64,4128,5.0,3.7193928
514,4128,4.0,3.3961082
391,4128,3.0,3.827669
448,4128,4.0,3.7712417
480,4128,3.5,3.5894158
599,4679,2.5,2.6746833
177,4679,1.5,3.4772227
22,4903,4.0,3.4248781
287,4903,1.0,2.0216339
198,4903,3.0,3.6997912
474,6269,4.5,3.0846484
599,6645,4.0,3.1470637
387,6645,3.5,3.5308857
288,6645,3.5,3.447229
103,8972,3.5,3.4807653
381,8972,3.5,3.5091572
520,8972,4.0,3.5508485
361,8972,4.0,3.1752489
408,8972,4.0,4.060571
62,8972,3.5,3.9537067
382,8972,3.5,3.8334076
298,8972,2.0,2.2875307
517,8972,1.0,1.7138032
599,9010,3.0,3.2355058
390,9010,5.0,4.017485
274,80846,3.5,2.364144
318,86293,3.5,2.3318245
365,86293,4.0,2.0241845
142,281,4.0,3.8314157
40,281,5.0,4.0049872
385,1011,2.0,3.5796387
51,1011,1.5,3.3624923
160,1011,1.0,2.4226618
497,1193,5.0,3.8236969
103,1193,4.5,4.5243473
329,1193,4.0,2.828069
417,1193,4.5,4.5901747
305,1193,5.0,4.1722317
603,1193,4.0,3.9795256
16,1193,4.0,3.8124273
328,1193,5.0,3.5396452
292,1193,2.5,3.3304784
19,1193,4.0,3.285413
318,1193,4.0,3.958665
17,1193,4.5,4.273799
552,1193,4.0,4.1972413
286,1193,4.0,3.99682
220,1193,5.0,4.3994436
301,1193,4.5,3.718689
23,1193,3.5,3.7061687
63,1193,4.0,3.9409924
288,1193,5.0,3.8865743
351,1193,3.5,3.986264
480,1193,3.5,4.2660108
287,1193,3.0,3.9939902
469,1193,5.0,4.4077163
68,1193,3.0,3.3227634
116,1193,4.0,3.28531
131,1193,3.5,3.8032348
186,1193,4.0,4.4061136
483,1193,3.0,4.1611586
372,1366,5.0,3.2575247
307,1366,4.0,2.4140303
603,2073,4.0,3.3590894
406,2137,3.0,2.1132574
91,2137,3.0,2.9796605
484,2137,5.0,3.7129347
590,2137,3.5,3.1370301
217,2137,4.0,2.2831423
288,2137,3.0,2.9060905
157,3174,3.0,3.512565
430,3174,4.0,3.8665226
448,3174,3.0,3.0939813
288,3174,3.0,3.2302923
390,3174,4.0,3.6063762
600,3174,3.0,2.962155
342,3174,4.0,3.1860478
367,3483,2.0,3.580645
414,3483,1.5,2.886466
305,3503,5.0,3.9564095
103,4388,3.0,2.5148604
509,4388,2.5,2.0255282
573,4388,4.0,3.1095443
89,4388,2.5,2.1973631
182,4911,3.5,3.26345
111,42725,3.0,2.3373594
307,42725,3.0,1.8959675
561,52604,3.5,3.4271953
305,68319,4.0,2.7613406
610,68319,1.0,2.9751658
18,68319,4.0,2.8312273
292,85056,3.0,3.191696
249,85056,3.5,3.200449
50,95543,1.0,1.1249956
599,98499,3.0,2.1613653
599,112623,3.0,3.3069172
249,112623,4.5,3.7552936
298,112623,3.0,3.091961
368,2406,3.0,3.0030322
412,2406,3.0,3.5024939
587,2406,4.0,4.178268
27,2406,4.0,3.707017
572,2406,3.0,3.669278
452,2406,4.0,4.0714626
202,2406,4.0,3.6076033
520,2406,4.5,3.7810593
234,2406,4.0,3.5889604
414,2406,4.0,3.2831967
135,2406,4.0,3.1980298
36,2406,3.0,2.591082
115,2792,5.0,1.9335372
246,2792,3.0,3.6270058
599,2792,2.0,2.6659544
474,2792,3.0,2.5438452
169,2792,5.0,3.0728667
288,2792,3.5,1.9579117
135,2792,4.0,2.1445487
579,3299,4.0,2.2222908
453,3299,1.0,2.1695042
474,3733,3.5,3.8994613
606,4628,3.0,3.4407363
91,5459,2.5,2.7321768
520,5459,4.0,3.2183466
7,5459,3.0,2.2632508
428,5459,1.5,2.170559
50,5459,2.0,1.5389655
427,5459,2.0,2.4709253
160,5459,1.5,1.3973943
480,5459,3.0,2.4023225
141,5459,3.0,2.844165
341,5459,3.0,3.4908485
198,5459,2.0,2.4634106
600,5459,2.5,2.0407083
380,6250,3.0,3.2718282
232,6297,4.0,3.4745107
274,6297,3.5,3.1714528
380,6297,4.0,3.7099528
438,6297,2.5,3.6756487
414,6297,3.5,3.4249625
68,6297,3.5,3.4871812
139,7162,1.5,2.483516
432,7162,3.5,3.7615201
68,7162,2.0,3.4707246
599,27434,1.5,1.374948
28,34536,2.5,2.1165192
414,34536,4.0,2.0669537
80,65682,4.5,3.927406
352,65682,3.0,3.1794858
47,72395,3.5,3.0435972
68,73023,3.5,3.297204
317,73023,5.0,3.641247
306,92391,2.0,2.9518414
586,173145,4.0,1.1853027
380,173145,5.0,1.3669122
410,942,5.0,3.809663
274,1702,3.5,2.6895523
19,1702,3.0,2.477358
509,1702,3.0,2.7695277
517,1702,2.5,2.9831948
375,1805,4.0,3.9693606
271,1805,2.5,2.8212898
603,1805,2.0,3.2638583
51,1805,0.5,3.3875828
391,1805,2.0,3.5024958
414,1805,4.0,3.4702525
33,1805,2.0,3.3343549
42,1805,4.0,3.5582123
138,1805,0.5,2.6823437
305,2011,5.0,3.5430145
479,2011,2.0,3.040995
15,2011,5.0,2.7095044
586,2011,5.0,4.357299
220,2011,4.5,4.1138945
301,2011,2.5,2.7953355
514,2011,2.0,3.5986571
288,2011,4.5,3.053395
480,2011,4.0,3.215044
226,2011,4.0,3.4899442
21,2011,5.0,3.576993
508,2011,4.0,2.768088
600,2011,4.5,3.1303394
201,2011,5.0,4.006149
517,2011,4.0,2.754216
412,2243,3.0,4.005841
514,2243,4.0,3.3646939
74,2243,3.0,3.668822
140,3005,3.0,3.2654343
482,3005,4.0,3.8793051
68,3005,4.0,3.3724592
42,3005,3.0,3.5879612
603,3515,3.0,3.0072093
19,3515,3.0,2.8764756
421,3515,3.5,3.603075
115,3578,5.0,3.9885242
606,3578,3.5,3.6236057
460,3578,5.0,4.20172
232,3578,5.0,3.991539
140,3578,4.0,3.8877912
435,3578,4.5,4.4505796
274,3578,3.5,3.8100343
13,3578,5.0,4.3083415
86,3578,4.0,4.043172
570,3578,4.0,3.690661
19,3578,3.0,2.8314683
41,3578,4.0,3.4236038
523,3578,5.0,4.5743394
462,3578,2.0,3.0343769
586,3578,5.0,4.508181
286,3578,3.5,3.752204
594,3578,4.5,4.425962
307,3578,3.5,2.933343
129,3578,4.5,4.2980523
264,3578,2.0,3.8708954
509,3578,3.0,3.3806393
267,3578,5.0,4.2893944
160,3578,5.0,2.7951725
480,3578,4.5,3.3581064
219,3578,4.5,3.4197757
21,3578,2.5,3.7042432
457,3578,5.0,3.844799
141,3578,5.0,3.542317
334,3578,4.0,3.5127218
83,3578,5.0,3.3115606
522,3578,4.0,3.932163
119,3578,5.0,4.3424826
357,3578,4.5,3.8664746
66,3578,3.5,4.3868384
275,3578,4.0,3.876681
483,3578,3.5,3.7253668
462,3989,4.5,2.6899936
427,5294,4.5,3.456471
594,6148,2.0,2.9413304
477,6148,3.5,2.7598538
474,7015,3.0,3.1664262
474,7018,2.5,3.88594
606,7082,4.0,2.985869
51,7983,5.0,4.7041736
480,7983,4.0,4.0860996
432,8981,4.0,4.0640283
482,8981,4.0,3.2004862
307,27555,4.5,2.257356
219,34332,0.5,2.1837077
76,48877,4.5,2.9952672
51,48877,5.0,2.6645129
213,48877,2.5,3.2658663
78,68358,4.0,3.4040022
596,68358,4.0,3.661251
274,68358,4.0,3.2101643
139,68358,3.0,2.623938
339,68358,4.0,3.5495453
381,68358,3.5,3.8996043
441,68358,4.5,4.485095
220,68358,5.0,4.403159
380,68358,4.0,3.9902275
247,68358,4.0,3.465892
448,68358,3.5,3.0349553
73,68358,5.0,4.026343
125,68358,3.5,3.442475
414,68358,4.0,3.8344471
475,68358,4.0,4.724381
306,111659,3.5,2.6336012
586,111659,3.0,3.65036
448,111659,2.5,2.4652474
62,111659,3.5,2.992455
153,111659,0.5,0.4524564
21,115877,3.5,3.2296503
365,128975,3.5,2.077234
24,132660,4.0,2.8598135
448,134881,4.0,3.8767858
448,138208,3.5,2.5239658
567,176419,3.0,2.7502465
603,184,4.0,1.7112644
6,302,3.0,1.8081472
84,302,3.0,2.8759153
6,313,3.0,3.6119928
380,313,3.0,3.4320476
355,901,5.0,2.4219139
140,1090,4.0,3.734195
1,1090,4.0,4.613605
266,1090,5.0,4.071496
17,1090,4.5,4.0983043
437,1090,5.0,4.2224407
434,1090,5.0,4.10254
465,1090,4.0,4.635128
480,1090,4.0,3.8613603
221,1090,4.5,4.494816
42,1090,5.0,4.059895
603,1202,4.0,2.9924607
376,1371,3.5,3.2888033
186,1371,4.0,3.5602045
555,1445,3.0,1.8731859
156,1836,5.0,3.9110293
225,2361,1.0,2.6569705
274,2361,3.0,2.1416166
156,2361,3.0,3.2557888
597,3033,3.0,3.9659622
606,3033,4.0,3.414024
1,3033,5.0,4.036739
19,3033,2.0,2.8234186
610,3033,3.5,4.089766
307,3033,3.0,2.893099
380,3033,5.0,4.0675526
438,3033,3.5,3.4731965
408,3033,4.5,3.9774206
95,3033,4.0,3.9003737
226,3033,5.0,3.5276785
68,3033,3.5,3.0321589
313,3033,2.0,3.3945355
599,3248,2.0,1.4390961
182,4978,4.5,4.0577383
448,4978,3.0,3.5629282
140,5364,2.5,3.2143242
594,5364,4.5,4.136162
274,45210,4.0,3.5497613
210,47610,4.5,3.691181
52,47610,5.0,4.1397395
279,47610,3.0,3.4632633
307,47610,4.0,3.1650288
239,47610,5.0,3.9894586
80,47610,5.0,4.1924477
24,47610,3.0,3.5396142
62,47610,4.0,4.238056
477,47610,4.0,3.8359277
414,47610,3.5,3.6442158
105,47610,3.5,3.965754
249,56156,3.5,3.312676
380,60937,3.0,2.6265461
382,60937,2.5,2.4469306
605,60937,2.5,2.4859357
103,90522,4.0,2.691094
564,90522,4.0,2.7394252
50,90522,1.5,1.4625987
318,127298,4.5,2.7534277
448,148172,1.5,1.991739
125,161634,2.5,3.6486683
210,177765,5.0,3.581533
98,177765,5.0,2.696927
44,66,3.0,1.6503599
448,66,2.0,2.594428
492,66,3.0,3.2566504
198,66,1.0,2.4616241
559,405,2.0,2.1219392
486,405,3.0,2.3409185
380,405,3.0,2.6048086
555,700,4.0,3.437356
448,700,3.0,3.6535454
355,915,4.0,3.5909913
113,915,5.0,3.5063474
414,915,4.0,3.8582227
385,1012,3.0,3.1375985
232,1012,3.0,3.5773692
132,3176,3.0,2.7161465
280,3176,4.5,3.03992
96,3176,4.0,3.3852677
64,3176,3.5,3.4793067
591,3176,3.0,2.2334394
488,3176,2.0,3.35209
42,3176,4.0,3.9965506
517,3176,2.5,1.4689935
20,4029,4.0,4.018177
4,4029,3.0,3.4123287
66,4079,4.5,3.140665
599,4085,3.5,2.870956
361,4085,3.5,2.8789508
261,4085,2.5,3.3354514
113,4085,3.0,3.4424882
21,4085,3.5,3.1749558
135,4085,4.0,3.44235
594,4748,4.5,1.5403833
307,4748,1.5,0.95532936
222,6888,3.0,2.1105075
111,6888,0.5,1.744793
428,6888,2.0,1.1443684
448,6888,1.5,2.0519428
140,7137,3.0,3.7388487
68,7137,3.5,3.2679026
356,59141,5.0,4.004513
477,59141,4.5,4.336951
211,82461,2.0,3.159041
305,82461,4.0,3.4407477
610,82461,3.5,3.4809036
408,82461,4.0,3.5450213
125,93510,4.0,3.6259966
599,105844,3.5,2.8235476
62,108190,3.0,3.159543
475,108190,3.5,3.620407
417,187541,3.0,2.8167045
606,46,4.0,2.4743361
474,46,3.0,2.748371
600,46,3.0,1.6534234
321,186,4.0,3.169684
604,186,3.0,2.9605513
479,186,3.0,2.350551
559,186,3.0,2.775134
235,186,3.0,2.8737202
504,186,3.0,3.2752414
489,186,1.5,2.5967798
240,186,3.0,3.2718308
42,186,4.0,2.8853445
6,282,3.0,3.8064733
191,282,3.0,3.1459742
414,282,2.5,2.6474245
170,282,4.0,3.1923265
58,282,4.0,3.7661114
46,282,3.0,3.8965971
100,605,4.5,3.3424377
414,605,3.0,2.8131735
596,802,3.5,2.4522924
117,802,3.0,3.253274
263,802,3.0,3.336424
84,802,4.0,3.3161993
492,802,4.0,4.6029663
577,1101,4.0,2.995263
230,1101,2.5,3.106239
182,1101,3.5,3.2313433
452,1101,4.0,4.3958006
268,1101,2.0,1.9700031
64,1101,3.0,3.3993673
607,1101,4.0,3.8946762
61,1101,1.5,3.2636755
438,1101,4.0,3.405846
448,1101,2.5,3.2396102
464,1101,4.5,3.6802945
608,1101,3.0,3.3486183
200,1101,4.0,3.6239588
478,1101,3.0,2.780581
42,1101,5.0,3.4349837
570,1376,3.0,3.4731946
202,1376,4.0,3.5385938
314,1376,3.0,2.9764326
45,1376,3.0,4.092864
160,1376,1.0,3.072175
469,1376,3.0,2.7354193
414,1376,3.0,3.3285527
147,1376,5.0,3.1460004
135,1376,3.0,3.300576
474,1976,0.5,1.864251
555,1976,3.0,2.260847
546,1976,4.0,2.8264384
104,2325,3.5,3.2401345
597,2504,3.0,3.0901842
307,2504,2.0,2.6055307
45,2504,4.0,3.1363819
183,2949,3.0,3.903618
599,2949,2.5,3.1755066
603,2949,4.0,3.0691133
590,2949,4.0,3.4933255
288,2949,3.5,3.375045
469,2949,3.0,3.4774203
200,2949,4.0,4.250119
354,2949,3.5,3.8916314
607,2995,3.0,2.4510002
286,2995,3.5,2.3713913
232,4719,3.0,2.6662939
288,4719,3.0,2.4367287
580,4776,3.5,3.9389822
548,4776,5.0,4.257875
122,4776,5.0,4.5538945
182,4776,3.0,3.678939
64,4776,4.0,3.7464612
610,4776,4.5,3.9270453
307,4776,4.0,3.0980864
438,4776,3.0,3.4251246
249,4776,4.0,3.9784636
80,4776,4.5,4.373972
608,4776,4.5,3.8551784
354,4776,4.0,3.7987294
123,4776,4.0,3.7185245
135,4776,5.0,3.5941737
119,4776,4.0,4.1372027
232,5882,2.5,2.9675803
401,5882,5.0,2.7443018
474,8542,3.5,3.1798813
448,8542,5.0,2.9944592
132,31696,2.0,2.611031
560,31696,3.5,3.2858326
331,31696,3.0,3.273676
464,31696,2.5,3.670483
256,31696,4.0,3.6882906
274,36519,3.0,3.03794
414,36519,2.5,3.2893498
18,36519,3.0,3.2690127
230,41569,4.0,2.894173
177,41569,2.5,3.1441684
339,41569,3.5,3.7107456
380,41569,3.0,3.5658872
249,41569,3.5,3.8122573
219,41569,3.5,2.8710792
414,41569,4.0,3.5470078
354,41569,2.0,3.3665364
573,41569,4.5,3.8331888
600,53024,3.0,3.2005045
306,97225,3.5,3.2863493
448,99117,2.0,3.4445112
339,103688,4.5,3.7287273
380,176101,3.0,3.3295481
414,535,3.0,3.8373182
109,535,3.0,2.4663758
66,535,5.0,3.509801
597,2248,5.0,4.2534814
603,2248,3.0,2.964394
474,2248,5.0,3.4741032
308,2248,4.5,2.6749806
563,2248,3.5,3.7356923
509,2248,3.0,3.3912222
414,2248,5.0,3.7607567
322,2997,0.5,3.5154333
101,2997,5.0,4.1916323
28,2997,2.5,3.1451595
606,2997,5.0,4.1522155
223,2997,3.5,3.4344811
409,2997,3.0,4.459059
346,2997,2.5,3.9160125
177,2997,3.0,3.8526273
416,2997,5.0,3.072458
1,2997,4.0,4.84397
430,2997,4.0,4.1153083
286,2997,4.5,3.8188186
387,2997,4.0,3.680275
555,2997,5.0,4.170571
356,2997,4.0,4.1749024
480,2997,4.0,3.9645014
352,2997,3.0,4.214259
354,2997,3.5,3.9503825
260,2997,4.5,3.882769
187,2997,5.0,3.8919244
20,3159,5.0,4.003221
169,3159,4.0,4.0281525
560,3159,3.0,3.5761108
220,3159,4.0,3.5748267
509,3159,4.0,3.207793
474,3194,3.5,3.1817112
599,4039,2.5,1.9380109
474,4039,3.0,2.7170737
387,4039,2.0,2.7206125
380,5009,4.0,3.1254513
325,5139,3.0,3.1748216
606,7756,3.0,3.4920852
534,7991,4.0,1.4238794
590,8167,4.0,3.6235485
103,27706,3.5,3.4401724
122,27706,4.0,4.0253167
380,27706,4.0,3.5616589
68,27706,3.5,2.8640327
605,27706,2.5,2.8292744
140,32017,2.0,2.4636512
380,32017,3.0,3.1468706
414,34326,4.0,1.7669106
322,51540,3.5,3.171056
212,51540,4.0,3.4258547
474,51540,4.0,3.4009447
489,51540,4.0,2.9074073
249,51540,4.5,4.0452566
62,51540,4.5,4.1694183
68,51540,3.0,3.4361384
74,51540,4.0,3.643338
606,52722,2.0,2.650989
523,52722,4.5,3.3562136
387,52722,3.5,2.6695588
73,52722,5.0,2.835483
62,52722,4.0,3.0115204
477,52722,3.5,3.151529
534,52722,3.5,3.441815
567,52722,2.5,2.0635767
119,52722,3.5,3.1980276
466,52722,3.5,3.118733
393,52722,2.5,2.3093116
545,63853,2.5,3.9729574
298,72405,2.5,1.3721762
111,134393,3.0,2.6207192
563,134393,4.5,2.3921478
448,134393,4.0,2.6539133
103,616,3.5,3.8280416
604,616,3.0,3.5643702
476,616,3.0,3.927701
274,616,3.5,3.1286159
442,616,1.5,1.5626686
484,616,4.0,4.193857
563,616,4.0,3.2150514
395,616,3.0,2.928382
153,616,2.0,1.4211998
91,628,3.0,2.96896
6,628,3.0,3.977197
470,628,3.0,3.969325
84,628,4.0,3.6961963
214,628,3.0,3.183244
414,628,4.0,3.6959207
68,628,3.5,3.6451905
302,628,3.0,3.6717238
66,628,4.0,4.089403
479,2017,3.0,2.345868
600,2017,4.0,1.1657026
599,2382,1.5,1.2291238
103,2423,5.0,3.6342561
555,2423,4.0,3.7452333
380,2423,4.0,3.8125668
520,2423,5.0,3.6616483
608,2423,2.0,3.166256
600,2423,3.5,3.4301813
156,3134,5.0,3.4677465
438,3554,2.5,2.994959
438,4265,3.0,2.3642046
414,4265,3.0,2.3808274
474,4677,1.5,3.0720692
599,4701,2.5,2.5451035
64,4701,3.0,3.2495284
590,4701,2.5,2.9204228
495,4701,3.0,3.3463671
380,4701,3.0,3.7580347
428,4701,3.0,1.9844252
408,4701,4.0,4.122113
68,4701,2.0,3.0191333
89,4701,4.0,2.785303
226,5419,2.5,2.7249913
298,5419,1.0,1.7062571
448,6410,3.0,2.3535213
298,7155,1.0,1.4379435
104,7155,4.0,1.609847
448,7573,2.5,2.2978597
606,7934,4.0,3.725635
182,7934,4.0,3.791831
168,7934,4.5,3.7952378
387,7934,4.0,3.3100452
477,7934,4.0,3.700014
105,26082,4.0,3.5214646
483,26082,4.5,3.654325
177,37727,2.5,2.6869633
599,55232,2.5,2.1196263
249,55232,3.0,3.0554113
213,55232,3.5,3.1970823
307,58315,2.0,1.5789424
298,58315,0.5,1.1761843
318,64030,3.5,2.4488015
534,101076,3.5,2.687499
76,117176,2.0,2.8381402
509,117176,4.5,3.3770664
50,117176,2.0,3.0886576
98,117176,4.0,3.851752
256,117176,4.5,3.758297
119,117176,5.0,4.0681314
274,174,3.5,2.5480905
559,174,1.0,1.752533
599,215,4.5,3.094481
603,215,5.0,2.8007207
182,215,4.0,3.8860102
275,215,5.0,3.4852147
91,410,3.0,2.8511896
604,410,4.0,3.027763
599,410,2.5,2.5115693
386,410,3.0,2.2202978
559,410,3.0,2.9307835
235,410,2.0,3.0433922
107,410,3.0,3.473098
555,410,4.0,3.313316
288,410,3.0,2.9573553
394,410,2.0,2.6789076
240,410,3.0,3.3257914
221,410,2.0,2.9538214
242,410,3.0,3.25437
357,410,3.5,3.4148214
492,996,3.0,2.7910056
414,996,3.0,2.0234203
305,1178,5.0,4.33414
339,1178,4.5,4.1339545
391,1178,5.0,4.1470094
469,1178,5.0,3.9465833
199,1178,5.0,4.2394395
580,1584,3.5,3.2570949
27,1584,4.0,3.8545341
577,1584,4.0,3.2153468
606,1584,3.5,3.5286362
259,1584,5.0,3.9419518
57,1584,3.0,3.3263059
48,1584,4.5,3.743201
590,1584,3.0,3.5116034
239,1584,4.0,4.2026796
356,1584,3.0,3.7058485
95,1584,4.0,3.9922228
482,1584,3.0,3.7661712
221,1584,3.5,3.5055552
303,1584,3.5,3.537301
298,1584,2.5,2.6037316
369,1584,3.0,3.229683
68,1584,2.5,3.6885128
600,1584,2.0,2.828959
597,1674,5.0,3.668995
577,1674,3.0,3.3281996
603,1674,4.0,3.1179473
572,1674,4.0,4.3232822
250,1674,4.5,4.2617946
339,1674,4.0,4.2139487
514,1674,4.0,3.4274871
51,1674,5.0,3.4899917
600,1674,3.0,2.133047
275,1674,4.0,3.5042508
597,2186,5.0,5.409949
474,2186,4.5,3.8231719
590,2186,4.0,4.1485662
387,2186,3.0,3.6555824
195,2186,3.0,3.1274633
260,2186,3.0,3.9921467
380,2287,4.0,3.9056287
313,2287,5.0,3.1209686
274,2799,3.0,1.1237737
580,3156,2.5,3.5987802
607,3156,2.0,3.1283953
15,3156,5.0,2.3989122
448,3156,2.0,2.248182
606,3363,3.5,3.725833
274,3363,4.0,3.632175
442,3363,1.5,1.4468327
450,3363,4.0,4.14691
514,3363,4.5,3.7180984
477,3363,4.0,4.0396357
448,3524,3.0,3.1522279
414,3524,2.0,3.2308066
294,3524,2.0,1.748046
78,3809,3.0,2.6082704
484,3809,4.0,3.3166387
561,3809,4.0,3.0329573
135,3809,3.0,3.1429994
66,3809,4.0,3.5729918
414,5170,2.0,2.6503658
82,5296,3.5,3.292264
159,6373,4.0,2.9353557
419,6373,3.5,3.5488002
41,6373,4.0,2.4415371
594,6373,5.0,3.9464788
288,6373,3.0,2.7371886
73,6373,3.0,3.393727
62,6373,4.0,3.5741878
413,6373,5.0,3.7566442
466,6373,4.0,3.7052417
605,6373,3.0,3.234659
153,6373,1.5,1.3903648
381,36708,4.0,3.4650092
226,36708,2.5,3.882058
599,42718,3.5,2.588432
68,42718,4.0,3.435517
606,44759,2.5,1.8414745
307,55245,3.0,2.7211905
578,58154,4.5,4.6710043
506,58154,3.0,3.030938
74,58154,3.5,3.5570135
599,69122,3.0,2.625139
47,69122,0.5,2.792019
274,69122,3.5,3.3725712
339,69122,3.5,3.6720428
318,69122,3.5,3.612379
537,69122,4.0,4.662499
514,69122,4.0,3.36737
247,69122,4.0,3.5629933
351,69122,3.5,3.7119715
141,69122,3.5,3.4673517
105,69122,4.5,4.0992174
413,69122,5.0,4.227449
522,69122,4.0,3.0857306
18,69122,3.0,3.5753736
159,88405,2.5,3.268168
111,88405,3.0,3.162582
564,88405,5.0,2.6017385
351,88405,3.5,2.7215295
21,88405,2.5,3.080402
414,88405,3.5,2.795447
525,88405,2.5,2.6063771
599,172,2.0,2.2792354
218,172,2.0,2.614903
425,172,3.5,2.8379254
15,172,1.0,2.8686812
555,172,2.0,2.9692972
234,172,2.0,3.05392
102,172,3.0,2.721379
480,172,2.5,1.967538
256,172,4.0,3.5380938
66,172,3.5,3.159711
483,172,3.5,2.5040734
603,562,4.0,3.67969
274,562,3.5,3.4603174
474,562,4.0,3.288055
462,562,4.0,2.7641306
298,562,3.0,2.1567285
44,1429,5.0,3.4783106
594,1429,4.0,3.6781576
606,1999,1.5,2.440745
217,2381,3.0,2.184327
368,3555,3.0,2.7130556
28,3555,3.5,3.0393605
27,3555,4.0,2.9619246
140,3555,4.0,3.4141645
182,3555,2.5,2.6904597
220,3555,4.0,3.9184964
97,3555,4.0,4.055773
63,3555,3.0,3.208383
228,3555,4.0,3.084921
68,3555,3.5,3.270782
19,3837,1.0,1.7192912
95,4732,1.0,2.2601242
514,5250,3.0,3.5857368
448,6104,4.0,3.692892
204,6104,4.0,4.439459
307,40723,1.5,2.8343406
599,60291,3.5,2.7031898
249,88954,3.5,2.8579712
610,102445,3.0,3.8914506
380,102445,4.0,3.9372973
534,102445,3.5,3.4442246
68,102445,5.0,3.659901
509,116823,3.5,3.3724618
561,116823,2.5,3.299388
210,122924,4.0,3.7451735
596,122924,2.5,3.022766
549,122924,5.0,2.684302
21,139915,2.5,1.3464671
458,252,4.0,4.0667195
594,252,5.0,3.9603732
273,252,3.0,3.322872
414,252,3.0,2.7201207
304,252,4.0,3.805573
566,252,4.0,3.4513068
385,551,3.0,3.4743848
599,551,3.5,2.9113443
308,551,3.0,1.9550688
328,551,2.0,3.2449112
20,551,5.0,3.9090705
235,551,3.0,3.6187193
19,551,5.0,3.2507658
484,551,4.0,3.563084
489,551,4.5,3.5436745
446,551,3.0,3.288694
51,551,5.0,4.4138165
428,551,4.0,2.798077
38,551,4.0,3.2171938
592,551,1.0,4.1154017
566,551,1.0,3.5777974
372,1411,5.0,3.0605707
474,1411,4.0,4.008309
138,1411,1.5,4.327766
368,1676,2.0,3.0481386
330,1676,4.0,3.1957345
93,1676,4.0,4.249915
111,1676,2.0,2.3014894
462,1676,5.0,2.7192707
594,1676,4.5,3.0824413
555,1676,1.0,3.8407938
391,1676,1.0,2.897534
239,1676,4.0,3.7852736
45,1676,4.0,3.873024
80,1676,3.5,3.8582635
480,1676,3.0,3.1835313
352,1676,3.0,3.8571424
469,1676,1.0,3.7055244
265,1676,4.0,3.016727
354,1676,4.5,3.4279933
83,1676,3.5,2.5542836
198,1676,4.0,2.7993066
600,1676,0.5,2.8889668
201,1676,2.0,3.5791526
483,1676,3.0,3.2792192
274,1862,3.0,1.3773949
555,1862,3.0,1.3546584
45,1862,3.0,1.4524662
599,2289,3.0,3.000827
325,2289,4.0,4.1076107
603,2289,5.0,3.931492
462,2289,4.0,3.3549042
290,2289,4.0,4.1900077
469,2289,4.0,4.3289332
265,2289,3.0,3.3654585
182,2340,3.5,2.5023196
489,2340,1.0,2.9456596
352,2340,4.5,3.12169
575,2500,1.0,2.2498572
555,2639,3.0,2.961231
599,2745,3.0,3.1936364
603,2745,2.0,3.4784193
288,2745,3.0,4.0179853
160,2745,3.0,3.8529735
577,2815,2.0,1.5652486
561,2815,3.0,1.9279783
599,2976,3.5,2.5294237
182,2976,4.0,2.8701544
610,2976,4.0,3.0885022
312,3701,3.0,3.147787
414,3701,2.5,3.6324582
307,4744,1.5,2.2001424
274,5690,3.0,4.0840774
182,5690,4.5,4.130088
474,5690,4.5,4.0646095
428,5690,3.5,3.5874772
260,5690,5.0,3.3892593
377,7104,2.5,3.1031706
305,55290,2.5,3.4538777
610,55290,4.0,4.28926
357,55290,5.0,4.0406976
318,111364,3.0,2.4344468
597,144,2.0,3.6746309
215,144,4.5,3.2750044
458,153,5.0,3.888168
115,153,3.0,2.7266533
385,153,3.0,2.6948538
210,153,3.5,2.936149
602,153,4.0,2.662898
330,153,3.0,2.328891
93,153,4.0,3.8390284
353,153,3.0,3.144394
386,153,2.0,2.5208747
603,153,1.0,2.1560543
474,153,3.0,2.4452949
340,153,4.0,3.075329
57,153,2.0,2.2079022
235,153,3.0,2.7682352
19,153,2.0,2.3641887
347,153,3.0,2.935453
607,153,3.0,3.639759
179,153,3.0,3.534543
176,153,3.0,3.8508618
136,153,3.0,3.4806304
565,153,2.0,3.0535777
438,153,3.0,2.8644662
166,153,2.5,2.7656598
102,153,3.0,2.67629
38,153,3.0,2.454555
240,153,3.0,3.8682666
160,153,3.0,1.2972695
323,153,2.0,2.346786
414,153,2.0,2.3803122
608,153,2.5,2.6904204
574,153,3.0,3.4997993
298,153,2.0,1.963125
46,153,4.0,3.4435625
222,420,3.0,2.2897584
559,420,3.0,2.392364
19,420,2.0,2.202411
181,420,3.0,2.1894503
160,420,1.0,1.6980711
226,420,4.0,2.578972
414,420,2.0,2.356783
584,420,4.0,3.1669405
409,785,3.0,3.5445507
603,785,3.0,3.6180525
64,785,3.5,3.6473308
45,785,4.0,3.9058018
342,785,3.0,3.1416159
603,851,4.0,3.0888867
385,1013,3.0,3.6112459
84,1013,3.0,3.6551092
414,1013,3.0,3.1871727
342,1013,2.0,3.0501828
412,1278,5.0,3.9333086
103,1278,5.0,4.247024
599,1278,3.5,3.3143451
305,1278,5.0,4.2755322
57,1278,4.0,4.1370707
387,1278,3.0,3.8363647
423,1278,5.0,3.9458938
217,1278,3.0,3.2792811
514,1278,4.0,3.8365846
595,1278,5.0,4.7996607
469,1278,4.0,4.151248
298,1278,4.0,2.998355
600,1278,4.0,3.157432
573,1278,4.5,3.9319272
571,1278,4.0,3.1185138
169,1962,4.5,4.49369
290,1962,4.0,4.0502486
514,1962,4.0,3.6051557
483,1962,3.5,3.4942725
520,2528,4.0,3.2568145
527,2528,4.0,3.6734042
469,2528,3.0,2.8431275
414,2528,3.0,3.2985432
186,2528,4.0,3.4717894
159,3949,0.5,3.2465484
22,3949,0.5,3.3513615
599,3949,5.0,3.1060033
111,3949,3.0,3.253762
581,3949,4.5,4.0576935
16,3949,4.0,3.5121777
219,3949,4.0,3.6576154
198,3949,4.0,3.470077
600,3949,3.5,3.5070152
522,3949,3.0,3.0152862
562,3949,5.0,4.3089848
74,3949,5.0,4.219208
187,3949,5.0,3.7053432
432,3980,4.0,3.1297297
438,3980,3.0,3.5768073
182,4019,3.0,3.2474923
480,4019,2.5,3.4155536
200,4019,4.5,3.968618
198,4019,4.0,3.8813987
215,4019,4.5,3.8536046
562,4019,3.5,4.011947
448,4602,3.0,2.041552
414,4602,3.0,2.6503658
182,6058,2.5,2.4695592
474,6315,1.0,1.8981894
249,70361,3.0,2.7965708
105,74324,4.5,3.863905
122,78209,4.0,3.9967117
560,78209,3.5,3.1002653
103,79134,3.5,3.1799865
341,79134,4.5,3.4132888
298,79134,2.5,2.4354455
448,80219,4.0,3.3169231
317,80219,2.0,2.7451358
212,83134,3.5,3.5369272
80,83134,3.0,4.562499
182,745,4.5,4.4013605
308,745,1.0,3.0379941
57,745,4.0,4.189271
19,745,4.0,3.815148
523,745,3.0,4.777781
310,745,5.0,3.777044
380,745,5.0,4.6659913
361,745,2.0,2.7953618
477,745,5.0,4.180009
21,745,3.0,3.8847244
74,949,4.0,4.4009347
368,2002,1.0,2.388588
599,2002,2.0,2.114041
435,2002,4.0,3.4053676
555,2002,3.0,3.2624917
514,2002,3.0,2.7835636
234,2002,3.0,3.450758
288,2002,2.0,2.5218039
160,2002,4.0,1.9427493
528,2002,3.5,3.1685226
21,2002,3.5,2.9324775
256,2002,4.5,3.630497
11,2002,2.0,3.1934817
68,2002,3.0,2.9820557
590,2301,3.0,3.1597526
555,2301,4.0,2.9649436
51,2301,5.0,4.1576138
274,3271,3.5,3.1946485
226,3271,4.0,3.632946
66,3271,4.5,4.1464415
479,3308,5.0,2.9318764
414,3308,4.0,2.5236938
36,3308,2.0,1.6541016
57,3705,2.0,2.3126774
448,3705,2.0,2.3027866
57,3901,3.0,2.8393316
474,4600,2.5,3.0846484
274,4621,2.5,2.5662167
21,4621,2.5,2.9076428
608,4621,0.5,2.7608023
275,4621,2.0,2.1787884
562,4621,4.5,3.0108526
307,26686,1.0,1.6848584
249,67695,3.0,3.0936565
341,130087,4.5,2.194974
44,18,4.0,3.8358245
318,18,3.0,3.8286655
307,18,3.0,2.865404
95,18,3.5,4.2460947
414,18,3.0,3.7325733
68,18,2.0,3.2794363
432,475,3.5,3.9427805
5,475,5.0,4.094453
117,475,3.0,3.9916165
229,475,4.0,4.5487237
488,475,3.0,4.4509053
58,475,5.0,5.316641
156,947,5.0,4.1806183
89,947,1.5,2.1890147
385,1246,4.0,3.8301654
91,1246,2.0,3.3584538
140,1246,3.0,3.9918957
474,1246,4.5,3.3254416
461,1246,4.5,3.0604339
462,1246,1.0,2.6177442
326,1246,4.5,3.636843
171,1246,5.0,4.414593
524,1246,3.0,3.7178648
527,1246,4.0,3.5077362
418,1246,5.0,4.548542
288,1246,3.0,3.588427
356,1246,5.0,4.4580426
490,1246,3.0,3.5221267
265,1246,3.0,3.6151001
525,1246,4.5,4.023638
42,1246,5.0,4.211057
483,1246,3.5,4.364301
202,1292,3.0,3.8408198
217,1292,3.0,3.1760535
221,1292,4.5,4.7092624
600,1292,3.0,3.3207903
410,1292,5.0,4.239522
318,1361,4.0,3.2654574
462,1361,4.5,2.1354353
59,1361,4.0,3.614119
599,1719,3.5,2.931293
603,1719,5.0,3.4624624
219,1762,2.0,2.7717905
603,2066,5.0,3.356503
325,2117,4.0,3.585544
414,2117,3.0,3.7774901
596,2501,3.5,3.4582777
599,2501,2.5,2.9460962
140,2501,4.0,3.9150662
274,2501,2.5,3.3479812
575,2501,3.0,3.4897075
275,2859,4.0,4.693489
368,3148,4.0,3.2238398
603,3148,4.0,3.3719163
453,3148,4.0,3.420078
480,3148,5.0,3.7975335
265,3148,3.0,3.0632122
483,3148,4.0,3.925505
45,3394,3.0,2.2008483
42,3394,3.0,2.2013938
356,3831,4.5,4.1200037
414,3831,3.0,3.608725
606,4310,3.0,2.5984578
280,4310,4.0,3.4041533
318,4310,3.0,2.8407245
428,4310,3.0,2.1056347
382,4310,3.5,3.3074396
414,4310,4.0,2.4144685
380,4941,2.0,3.8716283
288,4941,2.0,2.6580496
474,8235,5.0,2.671964
263,8796,2.0,3.9871273
520,8796,2.5,4.121669
211,32587,4.0,4.083718
346,32587,2.5,3.3759606
305,32587,5.0,4.035387
274,32587,4.5,3.5080822
295,32587,3.5,3.7243118
415,32587,4.0,4.0306525
585,32587,4.0,4.3482027
62,32587,4.5,4.436544
352,32587,3.0,3.9998803
608,32587,5.0,3.5477521
534,32587,4.5,4.058531
561,32587,3.0,3.840033
600,32587,2.0,3.1573591
573,32587,4.5,4.326842
405,32587,5.0,3.9097874
18,32587,3.5,4.0297246
393,32587,0.5,4.445413
47,51931,5.0,2.974924
307,58162,4.0,2.769869
298,58162,1.5,2.3225803
68,58162,2.5,3.0094464
148,81847,4.5,3.7270687
246,81847,5.0,3.9864535
111,81847,1.5,4.1337547
52,81847,4.0,4.3752832
292,81847,3.0,3.8459725
484,81847,5.0,4.330022
509,81847,4.0,3.3788397
98,81847,4.5,3.8476722
177,86882,4.0,3.3008492
41,86882,3.5,3.2865968
326,86882,3.0,3.460645
249,86882,5.0,3.723645
105,86882,3.0,3.6880693
483,86882,5.0,3.6832278
80,100810,4.0,1.8060263
567,135133,1.5,2.2557225
492,74,4.0,3.4621177
32,74,4.0,3.6750674
337,74,5.0,4.4993963
169,934,5.0,3.9767888
104,934,3.5,2.7006836
140,1097,4.0,3.6775522
603,1097,4.0,3.069231
182,1097,2.0,3.5740747
20,1097,5.0,4.374577
164,1097,5.0,4.068248
96,1097,4.0,4.090745
452,1097,5.0,4.396074
266,1097,2.0,3.9068267
381,1097,4.0,3.5745406
39,1097,4.0,3.5979874
380,1097,4.0,3.5281456
428,1097,1.0,2.2581766
166,1097,4.0,3.927955
45,1097,5.0,3.8047245
70,1097,4.5,4.3430724
62,1097,4.5,3.8356516
265,1097,3.0,3.854853
303,1097,5.0,3.5295298
42,1097,4.0,3.6785316
149,1097,4.0,2.9147077
313,1097,2.0,2.3718176
275,1097,4.0,4.021526
137,1204,5.0,4.3146424
64,1204,5.0,4.5178595
310,1204,5.0,4.999701
290,1204,5.0,4.7370377
494,1204,3.0,4.811752
75,1204,3.5,3.6228988
414,1204,5.0,4.3658357
322,1258,2.5,3.6004872
330,1258,4.0,4.009879
570,1258,3.0,3.6883898
64,1258,3.5,4.2257695
17,1258,4.0,4.27749
286,1258,4.5,4.233407
290,1258,4.0,4.216168
23,1258,5.0,3.698595
514,1258,4.0,3.663745
434,1258,5.0,4.384563
69,1258,5.0,4.644192
166,1258,4.0,4.281912
533,1258,4.5,4.365048
50,1258,4.0,3.3936882
226,1258,4.0,4.0177417
352,1258,5.0,4.6232204
469,1258,5.0,4.133231
254,1258,5.0,4.487068
303,1258,2.0,3.8760538
105,1258,4.0,4.314479
424,1258,4.5,4.205482
313,1258,5.0,4.495131
562,1258,4.0,4.359032
187,1258,4.5,4.1735506
599,1713,2.5,2.5872023
414,2095,3.0,3.0604362
313,2377,4.0,1.7670709
414,2570,3.0,2.6436117
535,2570,3.0,2.6553202
1,3729,5.0,3.4114017
4,4121,4.0,3.2391665
312,4121,3.0,3.1588664
186,4121,4.0,3.337773
274,4373,2.0,3.297863
91,5582,2.5,2.5693498
599,5582,2.5,1.8791058
274,5582,2.5,2.3836007
132,5673,2.0,3.2468517
387,5673,2.5,3.735221
610,5673,5.0,4.29071
448,5673,1.5,3.6520514
356,5673,3.5,4.0974703
490,5673,2.5,3.6882281
260,5673,3.0,3.8241217
600,5673,3.0,3.0604005
122,8644,4.0,4.1475444
232,8644,4.5,3.7067814
169,8644,2.5,4.3245025
590,8644,3.0,2.8148103
387,8644,3.0,2.8565204
381,8644,4.0,3.635075
307,8644,3.0,2.7505255
220,8644,4.0,3.3838964
445,8644,2.0,3.0171835
129,8644,4.0,3.9106214
509,8644,3.0,3.078399
510,8644,3.0,1.6853822
413,8644,2.5,4.6053195
68,8644,3.0,3.6417494
119,8644,4.0,4.225474
18,8644,3.5,3.4682572
475,8644,4.5,4.3518405
393,8644,0.5,3.105877
482,8948,2.0,1.825613
73,69644,1.0,3.520927
448,71520,3.0,3.1633391
298,71520,1.0,2.2648659
249,90439,3.5,3.722873
305,105585,5.0,2.4431903
306,130520,3.0,2.6367404
119,130520,3.5,3.5120559
89,130520,2.0,2.6990106
604,104,3.0,3.1723351
122,104,4.0,3.8767447
232,104,3.5,3.3415353
140,104,3.0,3.373261
274,104,3.5,3.4997907
280,104,3.0,3.2550106
283,104,4.0,3.5813403
552,104,3.0,2.5087357
381,104,3.5,3.335527
498,104,5.0,3.979427
196,104,3.5,3.2441444
555,104,5.0,3.5485103
239,104,3.5,3.5925357
82,104,3.5,3.5882516
249,104,3.5,3.7986674
510,104,3.0,2.3604636
414,104,4.0,3.2285793
298,104,3.5,1.8936015
198,104,3.0,3.232162
284,104,5.0,3.305272
276,104,5.0,4.605771
18,104,2.5,3.3084104
599,180,3.0,3.1276171
484,180,4.0,2.8310225
45,180,4.0,3.779024
219,180,3.0,3.7116938
534,180,4.5,3.4828875
298,180,3.5,2.7153263
294,180,2.0,3.5073748
215,180,3.0,3.0110629
489,468,2.0,3.395835
84,468,3.0,3.466968
42,468,4.0,3.779902
217,656,2.0,2.2621672
492,656,4.0,2.9917839
57,1416,3.0,2.8771343
68,1416,1.5,2.866501
368,2118,3.0,3.0590324
202,2118,4.0,3.8002868
527,2118,5.0,3.9780173
288,2118,4.5,3.4457006
271,2140,3.5,3.1293273
330,2140,3.5,3.5862415
608,2140,3.0,3.1984005
599,2265,2.5,1.5468675
599,2700,4.0,3.2785492
1,2700,5.0,4.6311255
20,2700,4.5,3.006289
479,2700,5.0,3.2008283
57,2700,4.0,3.944441
266,2700,5.0,4.434356
419,2700,5.0,3.6774595
542,2700,5.0,2.2941296
220,2700,5.0,3.895597
160,2700,1.5,2.9662488
534,2700,3.5,4.0531154
68,2700,2.0,3.0473647
135,2700,5.0,3.7184105
573,2700,4.5,4.349304
187,2700,4.5,3.7549071
474,3470,3.5,3.434816
339,3470,5.0,3.725339
599,4467,4.5,2.9870524
474,4467,3.0,2.9392562
221,4467,4.5,3.6554139
135,4467,4.0,4.0307193
606,5477,3.0,3.7758994
483,5477,4.5,3.398176
303,5544,3.5,3.1487002
313,5544,4.0,3.3846288
414,5636,2.0,2.6556513
599,6039,2.5,1.7243458
23,6790,3.5,2.742033
89,27619,4.5,2.837518
232,31427,3.0,2.6514084
380,31427,2.0,2.6929255
606,31658,4.0,4.048104
246,31658,5.0,4.5425816
305,31658,4.5,4.3365593
398,31658,4.0,4.480928
387,31658,3.5,3.5407505
434,31658,3.0,4.3137546
438,31658,3.5,4.078388
105,31658,4.0,4.335502
187,31658,4.0,3.54132
580,37382,3.5,3.3660858
380,37382,3.0,3.4934661
606,40815,3.5,3.5601075
460,40815,4.0,4.19192
305,40815,4.0,3.6392608
291,40815,5.0,4.2724204
308,40815,5.0,3.3038318
64,40815,4.0,3.618043
489,40815,3.0,3.5712004
610,40815,3.5,3.8781579
509,40815,3.5,3.5577784
249,40815,3.5,4.0035233
382,40815,4.5,4.2564425
203,40815,3.5,3.7376907
105,40815,3.0,3.9654047
605,40815,3.5,3.6507246
104,40815,4.5,3.9612942
98,52975,4.0,3.2931104
506,52975,3.0,2.4251275
104,52975,4.0,3.5367725
256,56251,4.0,4.3517876
274,58870,3.0,3.152192
339,59126,3.5,4.3348374
525,59126,3.0,3.6835036
318,60408,4.0,2.3412392
432,80880,4.0,2.4029136
448,90717,3.0,2.563043
210,147380,4.5,2.824668
380,147380,3.0,3.1852462
387,841,3.0,1.6987964
599,991,3.5,2.7018633
474,991,3.0,2.7406425
160,991,2.0,2.8089435
313,991,3.0,3.3614197
156,2110,2.0,3.3515506
221,2110,3.0,3.6605427
414,2182,3.5,2.4912643
383,2546,4.0,2.2821457
387,2973,4.0,3.7323167
448,2973,4.0,3.795454
469,2973,4.0,4.4371815
367,3088,5.0,3.9518766
325,3088,5.0,3.4429045
63,3088,4.0,3.6772265
599,4214,2.5,2.0892045
477,4214,4.0,2.650081
226,4214,4.0,2.7307353
414,4214,3.0,2.8993073
182,4234,3.0,2.871268
34,4367,4.5,2.8595679
111,4367,3.5,2.3867226
20,4367,0.5,2.5784824
139,4367,1.5,1.307848
452,4367,5.0,3.8868394
590,4367,2.0,1.8992994
448,4367,1.0,1.9927119
249,4367,3.5,3.2080822
200,4367,2.5,3.320158
525,4367,3.5,2.5128791
42,4367,3.0,2.900306
182,5083,4.0,2.3796353
318,6025,4.0,3.0524082
405,27592,4.0,3.4682593
288,42015,2.5,2.6974595
232,48596,2.5,2.2378526
599,55282,2.5,2.0457315
274,55282,3.0,3.06067
68,55282,4.0,2.7173295
517,80969,4.0,2.0669963
448,91126,3.5,3.1655865
567,91126,1.5,1.9966465
62,187595,4.0,3.7682414
346,521,3.5,2.7527282
330,788,0.5,2.2821043
177,788,0.5,2.4142213
169,788,4.5,3.5995793
402,788,3.0,3.5044832
381,788,2.0,2.5095692
555,788,4.0,2.8698306
524,788,3.0,2.8418841
82,788,3.5,2.8594208
414,788,3.0,2.2414565
135,788,4.0,2.3333926
529,788,3.0,3.3617506
483,788,2.0,2.1339135
313,2643,2.0,1.1760991
182,4811,4.0,1.4251058
599,5530,2.5,2.1051602
177,7164,3.0,2.9514484
474,7164,3.5,1.7783962
509,7164,3.5,3.0477998
438,7482,4.5,3.871053
573,7482,4.0,4.565032
414,8836,2.5,3.4455662
332,26131,4.5,3.212393
462,26131,5.0,3.095694
387,26131,4.5,3.4741473
454,56339,3.5,3.32768
111,59725,2.5,1.9990318
47,59725,3.5,2.516522
177,59725,2.5,2.4513385
600,59725,2.5,1.686362
596,61323,3.5,3.664293
76,61323,3.0,3.0611696
111,61323,2.5,3.9168844
177,61323,3.0,3.5588331
152,61323,4.0,3.5974245
339,61323,3.5,3.4395204
489,61323,4.0,3.1239998
590,61323,3.0,3.2433732
610,61323,3.5,4.036855
356,61323,5.0,3.7540824
73,61323,4.0,4.017905
477,61323,4.5,4.012254
119,61323,3.5,3.775948
380,69306,3.0,3.3617191
123,69306,4.0,3.0966403
365,79139,3.5,2.4756026
111,106540,3.0,2.147203
249,106540,3.0,2.4774845
111,116977,2.5,0.98768836
610,116977,3.0,1.34521
599,122892,2.5,2.7819445
154,122892,5.0,4.2166486
448,122892,3.0,3.1415784
534,122892,3.5,3.666668
567,122892,2.0,2.4583478
132,617,2.5,1.75787
51,1009,3.5,3.8130062
448,1009,3.0,2.2234416
288,1009,3.0,2.449091
414,1009,2.0,2.840617
186,1009,4.0,2.791256
597,1387,5.0,4.610173
115,1387,5.0,4.450845
183,1387,5.0,3.9475083
577,1387,5.0,3.863441
103,1387,4.0,4.2169538
236,1387,5.0,5.371325
246,1387,3.0,4.44601
452,1387,5.0,4.848036
484,1387,3.5,4.1205764
380,1387,4.0,3.961046
514,1387,5.0,3.9223588
533,1387,4.0,4.005787
135,1387,5.0,4.0471253
562,1387,3.5,4.2518835
516,2021,2.0,2.641757
182,2021,4.5,3.5346093
479,2021,4.0,2.9292324
202,2021,3.0,3.6905587
45,2021,3.0,4.1681757
599,2599,3.0,3.073677
257,2599,1.5,2.6454983
64,2599,3.5,3.8619237
579,2599,5.0,3.3046331
194,2599,3.0,3.3686547
510,2599,4.0,4.116337
575,2599,4.0,3.0058742
561,2599,3.5,3.507898
597,2690,5.0,3.7538912
263,2690,4.0,3.6920831
600,2690,4.0,3.2818303
288,3688,1.0,1.9302285
608,3688,1.5,1.6992708
103,4232,2.5,2.5522695
305,4232,3.0,2.9384432
292,4232,4.0,2.8751192
560,4232,2.5,2.7051144
381,4232,3.5,2.0664582
610,4232,3.5,2.8691719
234,4232,4.0,3.44002
414,4232,4.0,2.4054012
466,4232,3.5,2.675516
51,7000,5.0,2.7500718
122,54503,5.0,4.780595
111,54503,4.5,3.1486356
52,54503,4.0,4.4148707
280,54503,4.5,4.1616607
484,54503,5.0,3.9805543
331,54503,5.0,3.9741645
141,54503,3.0,3.709762
318,64167,3.5,2.6528811
491,91077,4.0,3.694321
489,91077,3.5,3.6138604
365,112897,2.5,2.293372
448,113532,3.5,2.3498533
448,148888,2.0,2.1764224
567,156607,0.5,0.9763793
103,36,4.0,3.8056364
372,36,3.0,3.1234689
603,36,4.0,3.5727997
432,36,3.5,3.1826055
64,36,4.0,3.7255983
425,36,3.0,3.2530868
607,36,4.0,3.457231
589,36,5.0,4.525895
195,36,4.0,3.4591982
90,36,4.0,4.869063
469,36,3.0,3.524397
18,36,4.0,3.4101653
287,187,4.5,2.6464863
81,208,1.0,2.120491
26,208,2.0,2.7283561
91,208,2.5,2.910831
386,208,2.0,2.20353
429,208,3.0,3.0599306
470,208,3.0,2.7528834
570,208,2.5,2.8667865
347,208,3.0,2.8450227
179,208,3.0,3.4775932
381,208,1.5,3.0467653
594,208,5.0,3.7578866
130,208,3.0,3.4444633
314,208,2.0,2.266307
428,208,2.5,2.4903646
239,208,2.5,3.3930113
395,208,5.0,2.8129609
414,208,2.0,2.7840555
145,208,3.0,2.3763678
298,208,2.5,1.6715794
11,208,3.0,3.2080235
541,208,2.0,2.4958847
284,208,4.0,2.8841233
66,208,4.0,3.284847
405,208,4.0,2.9785452
134,208,4.0,3.100644
602,315,3.0,2.889935
91,315,3.0,2.0698385
6,315,4.0,3.6632516
429,315,4.0,3.787208
402,315,4.0,3.2308948
194,315,3.5,2.777112
240,315,3.0,3.4177973
147,315,2.0,2.2628436
174,315,2.0,3.394778
134,315,3.0,3.0513318
36,315,0.5,2.1547127
599,393,2.5,1.2481915
135,393,3.0,2.5364852
304,954,5.0,4.5059423
275,954,5.0,4.678986
606,1217,4.0,4.3288693
414,1217,5.0,4.4669237
600,1217,4.0,2.7662075
100,1277,4.0,3.512396
414,1277,5.0,3.6737256
599,1359,2.5,1.8223584
380,1359,4.0,2.8317375
287,1359,0.5,0.051122665
177,1882,2.0,2.2073834
19,1882,2.0,1.6482378
510,1882,0.5,1.9072987
608,1882,1.5,2.3447475
11,1882,2.0,2.7156107
307,1993,2.5,1.8152959
474,2208,4.0,3.9565651
469,2454,3.0,3.0927057
265,2454,4.0,3.2400956
325,2511,4.0,4.7513704
182,2558,1.0,2.220017
489,2558,3.0,1.7818543
78,2746,1.5,3.246511
177,2746,4.0,3.3174882
474,2746,2.0,3.2016077
19,2746,3.0,3.0446503
477,2746,3.5,3.530861
68,2746,3.0,2.8955636
561,2746,3.0,3.421019
135,2746,4.0,3.3602939
483,2746,2.0,3.59999
603,3046,4.0,3.8480616
414,3444,3.0,2.7738717
561,3444,4.0,2.4365575
368,3846,4.0,2.208538
288,3846,3.5,2.2271965
599,4380,3.0,3.4595153
159,6942,4.5,4.075105
232,6942,3.5,3.6851547
246,6942,5.0,3.9671192
474,6942,3.5,3.4296942
491,6942,4.0,4.6490283
560,6942,2.5,3.5186844
425,6942,3.5,3.4654903
366,6942,3.5,3.7782254
263,6942,3.5,3.9425468
610,6942,3.5,3.6521332
10,6942,4.0,3.7397242
288,6942,3.0,3.4847748
226,6942,4.0,3.7577405
105,6942,4.0,3.8620832
483,6942,3.5,3.856583
66,7624,3.0,3.2899039
215,7624,2.5,2.7681513
356,36535,4.0,4.071909
477,36535,4.5,4.237572
298,47640,3.0,2.0257711
125,65514,4.0,3.9097888
318,81564,4.0,3.778325
509,81564,3.5,3.0285935
21,81564,2.5,3.286218
105,81564,3.0,3.9030688
68,81564,4.5,3.6168215
401,81564,4.5,3.4419918
292,82169,4.0,3.7108753
414,82169,3.5,3.368936
564,138036,3.5,3.3658478
610,138036,3.5,3.7000735
534,138036,3.5,3.85989
567,138036,3.0,2.1906228
119,138036,4.5,4.005844
182,89,3.0,3.0903392
6,89,4.0,3.517913
19,422,3.0,2.288029
474,1413,4.5,2.5193534
375,1476,3.0,4.5224333
597,1476,4.0,4.0231133
599,1476,3.5,2.99977
45,1476,3.0,4.13145
469,1476,2.0,3.7641714
608,1476,2.5,3.7936497
555,2376,4.0,3.511555
414,2376,3.0,3.1660306
42,2376,5.0,3.32326
368,2457,3.0,2.7866313
19,2555,1.0,1.5149841
593,2706,2.5,2.9866831
606,2706,1.0,3.2994435
330,2706,2.0,3.5060396
452,2706,5.0,4.5978956
266,2706,1.0,3.4143941
64,2706,2.5,3.4992452
307,2706,2.5,2.564165
301,2706,1.5,2.534319
434,2706,2.0,3.5122454
438,2706,3.5,3.397926
239,2706,4.0,3.7519882
267,2706,5.0,3.5366461
356,2706,3.5,3.4530978
143,2706,4.5,2.1960683
219,2706,2.0,2.9318955
457,2706,4.0,3.4985497
298,2706,3.0,2.2382803
199,2706,1.0,3.4681585
522,2706,3.0,3.7098532
42,2706,5.0,3.5236073
18,2706,3.5,3.585903
195,3053,3.0,3.743438
608,3053,4.5,3.6405177
587,3406,3.0,2.0991035
522,3406,4.0,1.0931846
599,3668,3.0,2.6722107
177,3668,2.5,3.5332503
474,3668,3.5,3.0216813
387,3668,3.5,2.923267
113,3668,5.0,3.0364096
226,3668,3.5,3.6023645
68,3668,3.5,3.291824
599,3825,1.5,1.7095579
182,3825,3.0,1.5539317
68,3825,3.5,3.2387261
562,3825,4.0,3.1527946
483,3825,3.0,2.5040996
422,3825,2.0,2.3945227
368,3836,4.0,3.7975276
182,3836,4.0,4.4072227
474,3836,2.5,4.3330054
292,3836,4.5,3.6177976
590,3836,3.5,4.420213
238,3836,4.0,3.4077976
474,3910,4.0,3.173479
600,3910,3.5,3.8031673
108,5391,5.0,3.517064
307,6153,1.5,1.128678
91,6638,2.0,2.5567064
380,27788,4.0,3.4777865
125,27788,4.0,2.750972
414,27788,2.5,3.3759727
232,40339,2.0,2.327225
89,40339,4.0,2.1509864
175,44613,5.0,1.8057928
542,46530,3.0,2.6541317
517,46530,2.5,1.5610816
356,47518,2.5,2.8175485
414,47518,2.5,3.0974345
15,48304,4.5,3.6353302
573,48304,4.0,3.6430314
593,48385,3.0,3.1258738
122,48385,4.5,4.1750627
553,48385,3.5,3.3222742
560,48385,4.0,3.332703
318,48385,4.0,3.390157
564,48385,3.0,2.5627787
387,48385,3.5,3.3838763
381,48385,4.0,2.7678182
543,48385,5.0,3.4003105
239,48385,3.5,3.389998
62,48385,4.0,3.5965633
125,48385,4.5,3.7818131
141,48385,2.5,3.0935063
200,48385,3.0,3.2572472
298,48385,3.0,2.674334
600,48385,4.5,2.9763658
177,56367,4.5,3.9141533
220,56367,2.5,4.434503
343,56367,4.5,3.9207244
219,56367,4.5,3.2395754
420,56367,4.5,3.6981587
305,67923,4.0,2.817059
382,67923,3.0,3.3390658
454,79008,3.5,3.6107705
159,84374,3.0,3.1292224
564,84374,3.0,2.8221214
448,84374,2.0,2.4850287
249,84374,3.5,3.3274689
298,84374,0.5,1.3506657
448,145839,2.5,2.5528066
525,147378,3.5,2.1790662
